{
"type": "FeatureCollection",
"name": "parcels-2277",
"crs": { "type": "name", "properties": { "name": "urn:ogc:def:crs:EPSG::2277" } },
"features": [
{ "type": "Feature", "properties": { "prop_id": 7367.0, "lot": "", "block": "40", "subdivision": "", "legal_desc": "SEC: 13,BLK: 40-T1S" }, "geometry": { "type": "Polygon", "coordinates": [ [ [ 1725748.490532564464957, 10715142.279720205813646 ], [ 1725700.596590654924512, 10715129.920820165425539 ], [ 1724502.753292608307675, 10714820.822335492819548 ], [ 1724481.669999978970736, 10714902.738525440916419 ], [ 1726885.297526755835861, 10715522.449271386489272 ], [ 1726899.012723393039778, 10715468.908686110749841 ], [ 1726898.012068890500814, 10715468.223319942131639 ], [ 1726862.008852096274495, 10715407.36483602412045 ], [ 1726823.381625595968217, 10715397.452781645581126 ], [ 1726778.343321519438177, 10715386.90785463526845 ], [ 1726732.835202040849254, 10715378.62046941742301 ], [ 1726686.970784162869677, 10715372.61129529774189 ], [ 1726619.133309168042615, 10715365.182176871225238 ], [ 1726593.355797097552568, 10715361.112303122878075 ], [ 1726567.938192350557074, 10715355.196632213890553 ], [ 1726507.17780380579643, 10715338.232425956055522 ], [ 1725748.490532564464957, 10715142.279720205813646 ] ] ] } },
{ "type": "Feature", "properties": { "prop_id": 226397.0, "lot": "012A", "block": "005", "subdivision": "GREEN TREE NORTH", "legal_desc": "BLK: 005, LOTS: 012A, ADDN: GREEN TREE NORTH" }, "geometry": { "type": "Polygon", "coordinates": [ [ [ 1729943.112561424728483, 10717983.982759568840265 ], [ 1729938.604367445688695, 10717982.104482244700193 ], [ 1729748.055827736854553, 10717902.71289992518723 ], [ 1729743.440350704127923, 10717900.790003310889006 ], [ 1729741.290420584147796, 10717910.556061694398522 ], [ 1729726.240253028227016, 10717978.919126532971859 ], [ 1729912.697593134362251, 10718075.40483794733882 ], [ 1729938.481336372671649, 10717998.248809799551964 ], [ 1729940.090585545636714, 10717993.385629639029503 ], [ 1729943.112561424728483, 10717983.982759568840265 ] ] ] } },
{ "type": "Feature", "properties": { "prop_id": 22909.0, "lot": "1 THRU 6", "block": "", "subdivision": "GREEN TREE NORTH", "legal_desc": "TRACTS: 1 THRU 6,,ADDN: GREEN TREE NORTH" }, "geometry": { "type": "MultiPolygon", "coordinates": [ [ [ [ 1729571.515809304546565, 10718408.046630030497909 ], [ 1729458.399543386884034, 10718325.539565645158291 ], [ 1729349.303611375624314, 10718245.951787181198597 ], [ 1729345.288526816060767, 10718243.022658789530396 ], [ 1729340.854479620233178, 10718239.787756636738777 ], [ 1729241.55839862418361, 10718167.345634182915092 ], [ 1729099.078341878717765, 10718109.382817247882485 ], [ 1729148.101544384844601, 10718038.698561429977417 ], [ 1729171.281289316248149, 10717940.045853335410357 ], [ 1728970.464396323775873, 10717870.575841145589948 ], [ 1728951.562530758325011, 10717975.049732729792595 ], [ 1728910.691544642439112, 10718056.622419951483607 ], [ 1728762.182299063075334, 10718000.020821176469326 ], [ 1728609.963414770085365, 10717942.004855008795857 ], [ 1728478.851120168343186, 10717910.518695548176765 ], [ 1728335.656497996998951, 10717870.284520884975791 ], [ 1728158.739496491150931, 10717833.649421978741884 ], [ 1727972.138129591709003, 10717795.008421460166574 ], [ 1727811.578378724632785, 10717647.518537160009146 ], [ 1727665.320111354347318, 10717513.166751867160201 ], [ 1727548.424978081136942, 10717335.347525235265493 ], [ 1727515.203252418665215, 10717284.809560507535934 ], [ 1727580.319271365879104, 10717135.806549241766334 ], [ 1727617.528188461204991, 10716969.426273848861456 ], [ 1727639.985167843522504, 10716954.437455404549837 ], [ 1727810.911368541419506, 10717060.180368218570948 ], [ 1727813.457951698219404, 10717054.437596453353763 ], [ 1727816.104600388556719, 10717048.740428289398551 ], [ 1727820.730247696628794, 10717039.359539741650224 ], [ 1727823.635098005877808, 10717033.798198057338595 ], [ 1727826.637060998007655, 10717028.288365494459867 ], [ 1727829.734496007440612, 10717022.831682438030839 ], [ 1727832.92641914752312, 10717017.430117392912507 ], [ 1727836.212174091953784, 10717012.084982663393021 ], [ 1727839.590776654658839, 10717006.797590650618076 ], [ 1727843.061242769937962, 10717001.570894004777074 ], [ 1727846.622259808471426, 10716996.404892826452851 ], [ 1727850.767265212954953, 10716990.625375678762794 ], [ 1727697.691425346769392, 10716875.382479675114155 ], [ 1727716.75142834475264, 10716816.805486107245088 ], [ 1727811.301122923148796, 10716748.674373969435692 ], [ 1727954.990490684984252, 10716645.133548045530915 ], [ 1727959.105312418891117, 10716642.168330237269402 ], [ 1727963.52918878942728, 10716638.980343768373132 ], [ 1728029.186220081988722, 10716591.669404482468963 ], [ 1728169.673168522538617, 10716583.928272949531674 ], [ 1728254.083121677162126, 10716654.30511087179184 ], [ 1728342.567213155096397, 10716675.939255315810442 ], [ 1728478.561388717032969, 10716709.188534788787365 ], [ 1728614.556220561498776, 10716742.438470412045717 ], [ 1728757.262326207477599, 10716777.329478977248073 ], [ 1728754.910952990408987, 10716786.947243671864271 ], [ 1728709.720423756167293, 10716971.77925730869174 ], [ 1728758.025453967507929, 10716983.697541350498796 ], [ 1728803.227794481208548, 10716798.816643262282014 ], [ 1728805.508301885100082, 10716789.489232387393713 ], [ 1728926.506440453231335, 10716777.209395702928305 ], [ 1728963.317396843805909, 10716773.473509103059769 ], [ 1729031.83728432119824, 10716748.293434929102659 ], [ 1729140.718318579951301, 10716708.281365659087896 ], [ 1729243.029482724843547, 10716670.684318391606212 ], [ 1729332.865604043006897, 10716637.671252666041255 ], [ 1729497.273438266012818, 10716544.393202750012279 ], [ 1729555.665385988540947, 10716318.454308209940791 ], [ 1729526.515504559734836, 10716311.364098832011223 ], [ 1729109.037595512112603, 10716476.114466594532132 ], [ 1729102.358801980037242, 10716478.82607601583004 ], [ 1729102.013329993467778, 10716478.964527251198888 ], [ 1729101.801060140365735, 10716479.049500841647387 ], [ 1729094.833881258498877, 10716481.737160172313452 ], [ 1729094.514984425157309, 10716481.858551058918238 ], [ 1729087.41985275503248, 10716484.454675121232867 ], [ 1729087.181008240906522, 10716484.540961060672998 ], [ 1729086.676744066877291, 10716484.719110354781151 ], [ 1729086.614408182678744, 10716484.740763856098056 ], [ 1729080.206283610779792, 10716486.957295428961515 ], [ 1729079.801428488455713, 10716487.094762364402413 ], [ 1729072.949735113186762, 10716489.334915988147259 ], [ 1729072.667583332629874, 10716489.4251389503479 ], [ 1729072.377885565394536, 10716489.51831460185349 ], [ 1729065.236494642915204, 10716491.714833132922649 ], [ 1729064.913332491414621, 10716491.812930062413216 ], [ 1729057.456653204513714, 10716493.964173072949052 ], [ 1729057.410393369616941, 10716493.9772964194417 ], [ 1729057.307375323725864, 10716494.006167748942971 ], [ 1729056.831326147774234, 10716494.135760717093945 ], [ 1729050.056076341308653, 10716495.960232643410563 ], [ 1729049.870381072862074, 10716496.00911708176136 ], [ 1729042.879580203676596, 10716497.766003815457225 ], [ 1729042.63351751328446, 10716497.826043102890253 ], [ 1729042.295919703552499, 10716497.909376306459308 ], [ 1729034.939962244359776, 10716499.62065945379436 ], [ 1729034.689962675794959, 10716499.678074050694704 ], [ 1729027.368125428445637, 10716501.248281393200159 ], [ 1729027.053821586305276, 10716501.313569985330105 ], [ 1729026.46491208858788, 10716501.431351959705353 ], [ 1729019.69097417849116, 10716502.756809037178755 ], [ 1729019.390449788188562, 10716502.81422365270555 ], [ 1729012.294006236828864, 10716504.079313402995467 ], [ 1729012.071237459778786, 10716504.117371061816812 ], [ 1729011.702143792528659, 10716504.181675428524613 ], [ 1729004.135228337254375, 10716505.393287606537342 ], [ 1729003.99119977443479, 10716505.415269175544381 ], [ 1729003.779914089012891, 10716505.447421399876475 ], [ 1728996.487604642286897, 10716506.482524693012238 ], [ 1728996.259914596797898, 10716506.513692621141672 ], [ 1728995.664115137420595, 10716506.590464137494564 ], [ 1728988.872132986551151, 10716507.432982491329312 ], [ 1728988.510585039388388, 10716507.476289501413703 ], [ 1728981.342947241151705, 10716508.243676774203777 ], [ 1728981.050624870462343, 10716508.273204278200865 ], [ 1728980.745507315266877, 10716508.304700281471014 ], [ 1728973.180560357868671, 10716508.980224201455712 ], [ 1728972.967306253500283, 10716508.997940715402365 ], [ 1728965.474209609441459, 10716509.533373009413481 ], [ 1728965.177950291195884, 10716509.553386112675071 ], [ 1728964.578542155912146, 10716509.588491048663855 ], [ 1728957.757360159419477, 10716509.954632323235273 ], [ 1728957.380064505618066, 10716509.973661167547107 ], [ 1728950.176665525883436, 10716510.239408923313022 ], [ 1728949.706522052641958, 10716510.254500737413764 ], [ 1728949.576272934675217, 10716510.25810968503356 ], [ 1728949.255407403456047, 10716510.266967959702015 ], [ 1728941.938491564476863, 10716510.404106987640262 ], [ 1728941.768544352147728, 10716510.40640359185636 ], [ 1728933.95950344321318, 10716510.417230539023876 ], [ 1728933.588112873025239, 10716510.412965513765812 ], [ 1728933.35911073978059, 10716510.410996980965137 ], [ 1728926.15144681581296, 10716510.293215261772275 ], [ 1728925.918835742864758, 10716510.286653600633144 ], [ 1728918.947063532425091, 10716510.056011145934463 ], [ 1728918.453626035014167, 10716510.037966579198837 ], [ 1728918.346999165369198, 10716510.033045334741473 ], [ 1728918.291224861517549, 10716510.030748764052987 ], [ 1728910.54812885215506, 10716509.63540849275887 ], [ 1728910.156069197691977, 10716509.609817985445261 ], [ 1728909.3493118789047, 10716509.558308919891715 ], [ 1728902.757460370426998, 10716509.102273186668754 ], [ 1728902.445781242800876, 10716509.07668268866837 ], [ 1728902.158380054635927, 10716509.053716858848929 ], [ 1728894.976634606486186, 10716508.43396757170558 ], [ 1728894.551110628060997, 10716508.392629040405154 ], [ 1728887.806700429413468, 10716507.694467758759856 ], [ 1728887.741083564702421, 10716507.687578035518527 ], [ 1728887.209588468773291, 10716507.628851138055325 ], [ 1728886.917594176484272, 10716507.594730461016297 ], [ 1728879.456977947149426, 10716506.688564356416464 ], [ 1728879.051466756965965, 10716506.633774418383837 ], [ 1728878.266691243974492, 10716506.528131594881415 ], [ 1728871.722739979624748, 10716505.613763339817524 ], [ 1728871.462569996947423, 10716505.574393374845386 ], [ 1728871.128581105265766, 10716505.523540453985333 ], [ 1728864.00753094884567, 10716504.404776271432638 ], [ 1728856.314959738636389, 10716503.06029075756669 ], [ 1728848.647322732489556, 10716501.581619124859571 ], [ 1728841.006260467227548, 10716499.969745634123683 ], [ 1728830.294665595283732, 10716497.473359415307641 ], [ 1728822.421976652229205, 10716495.600003456696868 ], [ 1728822.189037257805467, 10716495.54521356523037 ], [ 1728781.068377072224393, 10716485.763408361002803 ], [ 1728783.565747706685215, 10716476.022284314036369 ], [ 1728821.729059614706784, 10716327.162318190559745 ], [ 1728816.284844008041546, 10716327.369667030870914 ], [ 1728810.837347444379702, 10716327.481543613597751 ], [ 1728805.388866405468434, 10716327.498604111373425 ], [ 1728799.940713671036065, 10716327.420520404353738 ], [ 1728794.494857431389391, 10716327.24762062728405 ], [ 1728789.053266192320734, 10716326.979576621204615 ], [ 1728780.109384840354323, 10716326.331284107640386 ], [ 1728775.363002528669313, 10716325.883122319355607 ], [ 1728770.576265837065876, 10716325.355564381927252 ], [ 1728735.114392157411203, 10716463.672242535278201 ], [ 1728732.63440982112661, 10716473.345453325659037 ], [ 1728663.326136634219438, 10716455.57645876891911 ], [ 1728595.519173241686076, 10716438.192305989563465 ], [ 1728527.712209707824513, 10716420.808481281623244 ], [ 1728459.905246070818976, 10716403.424328511580825 ], [ 1728392.098282604943961, 10716386.040503809228539 ], [ 1728324.291319034062326, 10716368.65635103546083 ], [ 1728256.484027636004612, 10716351.272198248654604 ], [ 1728216.952275196556002, 10716341.137375278398395 ], [ 1728203.265292182331905, 10716337.628523794934154 ], [ 1728156.446480219019577, 10716353.942471764981747 ], [ 1728090.344239078927785, 10716376.97524007037282 ], [ 1728024.241013923892751, 10716400.008336449041963 ], [ 1727958.139100737404078, 10716423.040448596701026 ], [ 1727896.927270757965744, 10716444.369479695335031 ], [ 1727892.037187867099419, 10716446.073216849938035 ], [ 1727887.506684227148071, 10716447.651954269036651 ], [ 1727825.935274872696027, 10716469.106313284486532 ], [ 1727764.651922531193122, 10716490.460278678685427 ], [ 1727759.833361915079877, 10716492.139409609138966 ], [ 1727754.986257846932858, 10716493.82838305272162 ], [ 1727693.731448689475656, 10716515.17250601388514 ], [ 1727627.629207660909742, 10716538.204290041700006 ], [ 1727561.526966643286869, 10716561.237386453896761 ], [ 1727495.424069329630584, 10716584.270482826977968 ], [ 1727441.333945237100124, 10716603.117234792560339 ], [ 1727413.64436616981402, 10716707.135418767109513 ], [ 1727382.773034561658278, 10716823.096494488418102 ], [ 1727351.903343514772132, 10716939.057898292317986 ], [ 1727321.0329960512463, 10717055.019302109256387 ], [ 1727319.783654846949503, 10717059.713519286364317 ], [ 1727291.161006391048431, 10717167.231696942821145 ], [ 1727332.156997123034671, 10717252.753521656617522 ], [ 1727384.028296698117629, 10717360.963624937459826 ], [ 1727435.899268200388178, 10717469.172415859997272 ], [ 1727487.770239758770913, 10717577.382519142702222 ], [ 1727539.642195536056533, 10717685.592622391879559 ], [ 1727591.513166908174753, 10717793.802725652232766 ], [ 1727631.877269065473229, 10717878.007623620331287 ], [ 1727756.266150676412508, 10717909.810711836442351 ], [ 1727877.485090401489288, 10717920.157802442088723 ], [ 1728006.710249745519832, 10717966.074709931388497 ], [ 1728122.873097483301535, 10718025.695661079138517 ], [ 1728226.243317578453571, 10718078.749367333948612 ], [ 1728328.590245366794989, 10718131.279780549928546 ], [ 1728434.246222001733258, 10718181.044778805226088 ], [ 1728534.701420788187534, 10718228.359650442376733 ], [ 1728644.709423915948719, 10718280.174513632431626 ], [ 1728756.072411134606227, 10718325.03794583119452 ], [ 1728862.185407946351916, 10718367.785568391904235 ], [ 1728859.685741113731638, 10718377.562781628221273 ], [ 1728828.994527453556657, 10718497.607511345297098 ], [ 1728838.292410640278831, 10718501.046481160447001 ], [ 1728876.165373449679464, 10718515.05268819257617 ], [ 1728905.873977617360651, 10718398.850799290463328 ], [ 1728908.366426789900288, 10718389.102457400411367 ], [ 1729018.806187155190855, 10718426.08663889952004 ], [ 1729117.160339792957529, 10718459.021615520119667 ], [ 1729201.490566909546033, 10718469.656436305493116 ], [ 1729261.754564765607938, 10718477.258782964199781 ], [ 1729391.545342570636421, 10718605.471800401806831 ], [ 1729389.267788142198697, 10718631.522606015205383 ], [ 1729387.036493747960776, 10718657.04158846475184 ], [ 1729392.644423316465691, 10718658.340142389759421 ], [ 1729397.040084716165438, 10718659.265993600711226 ], [ 1729401.451821931172162, 10718660.115073285996914 ], [ 1729405.877338896039873, 10718660.887381464242935 ], [ 1729410.315650988137349, 10718661.58160581253469 ], [ 1729414.765774011611938, 10718662.199058631435037 ], [ 1729419.225411566672847, 10718662.738099500536919 ], [ 1729423.694235489936545, 10718663.199384622275829 ], [ 1729428.169949099188671, 10718663.582913998514414 ], [ 1729432.652552468236536, 10718663.888031417503953 ], [ 1729437.138764930190518, 10718664.11506499350071 ], [ 1729441.628914220025763, 10718664.263686647638679 ], [ 1729446.120703837834299, 10718664.33356829918921 ], [ 1729450.61347778281197, 10718664.325366076081991 ], [ 1729455.104939559474587, 10718664.23875193297863 ], [ 1729459.59410445811227, 10718664.073725884780288 ], [ 1729464.079988814191893, 10718663.830615954473615 ], [ 1729468.560951671097428, 10718663.50876603461802 ], [ 1729473.035353036830202, 10718663.10916031897068 ], [ 1729477.502536524785683, 10718662.631470788270235 ], [ 1729481.960205451818183, 10718662.075697392225266 ], [ 1729486.408031836850569, 10718661.442168243229389 ], [ 1729490.843719576019794, 10718660.731539456173778 ], [ 1729495.266283506993204, 10718659.943483045324683 ], [ 1729499.674740157788619, 10718659.077998923137784 ], [ 1729504.067120325751603, 10718658.135743323713541 ], [ 1729508.442768623121083, 10718657.117372320964932 ], [ 1729512.799716087058187, 10718656.022557934746146 ], [ 1729517.13665041513741, 10718654.85195629298687 ], [ 1729521.452915352303535, 10718653.605567349120975 ], [ 1729525.746870893519372, 10718652.284375406801701 ], [ 1729530.016876035137102, 10718650.888380454853177 ], [ 1729534.261947106337175, 10718649.41791058704257 ], [ 1729538.480115220183507, 10718647.873621910810471 ], [ 1729542.671380350599065, 10718646.256170703098178 ], [ 1729546.833446428179741, 10718644.565556839108467 ], [ 1729550.9656566537451, 10718642.802764680236578 ], [ 1729555.066698907408863, 10718640.968122243881226 ], [ 1729559.134276940952986, 10718639.061957612633705 ], [ 1729563.168718241155148, 10718637.08492698147893 ], [ 1729567.167398513993248, 10718635.038342667743564 ], [ 1729571.130317635834217, 10718632.921876592561603 ], [ 1729575.055507278535515, 10718630.736841104924679 ], [ 1729578.941655005561188, 10718628.483564270660281 ], [ 1729582.788432636298239, 10718626.162702213972807 ], [ 1729586.593871888937429, 10718623.774911195039749 ], [ 1729590.356988543877378, 10718621.321503482758999 ], [ 1729594.076797876274213, 10718618.802479101344943 ], [ 1729597.751987836090848, 10718616.219150377437472 ], [ 1729601.381574427243322, 10718613.571845365688205 ], [ 1729604.964573007775471, 10718610.861548369750381 ], [ 1729608.499343420378864, 10718608.088915547356009 ], [ 1729611.985557557083666, 10718605.255587268620729 ], [ 1729617.126295859226957, 10718600.887484828010201 ], [ 1729620.485213569132611, 10718597.904550550505519 ], [ 1729623.791966030374169, 10718594.863217420876026 ], [ 1729627.044912845361978, 10718591.765125844627619 ], [ 1729630.243069589603692, 10718588.610275883227587 ], [ 1729633.386108454084024, 10718585.40030787140131 ], [ 1729636.472388970898464, 10718582.135878017172217 ], [ 1729639.501254739472643, 10718578.81829870864749 ], [ 1729642.471721594454721, 10718575.448226030915976 ], [ 1729645.382805469678715, 10718572.026644237339497 ], [ 1729648.233850115211681, 10718568.555193798616529 ], [ 1729651.023870887933299, 10718565.034202737733722 ], [ 1729653.752212334889919, 10718561.464983461424708 ], [ 1729656.417561751091853, 10718557.848848225548863 ], [ 1729659.019591075368226, 10718554.186781324446201 ], [ 1729661.557316055055708, 10718550.48009511269629 ], [ 1729664.029752380214632, 10718546.72911761701107 ], [ 1729666.436572048347443, 10718542.935817368328571 ], [ 1729668.776462537236512, 10718539.101178610697389 ], [ 1729671.049424234312028, 10718535.226185638457537 ], [ 1729673.254472570028156, 10718531.312150673940778 ], [ 1729675.390951459528878, 10718527.360386181622744 ], [ 1729677.457548854639754, 10718523.371548220515251 ], [ 1729571.515809304546565, 10718408.046630030497909 ] ] ], [ [ [ 1728992.873459497466683, 10717281.219302555546165 ], [ 1728847.137503905920312, 10717245.691484171897173 ], [ 1728706.978310599224642, 10717250.635704848915339 ], [ 1728757.428343928186223, 10717043.697432074695826 ], [ 1728708.851332449587062, 10717031.854279169812799 ], [ 1728655.087328974856064, 10717252.385375017300248 ], [ 1728541.298493905924261, 10717232.323734978213906 ], [ 1728527.181393514852971, 10717229.834894740954041 ], [ 1728487.315324334893376, 10717222.806365344673395 ], [ 1728424.822327204514295, 10717204.419589567929506 ], [ 1728386.556320763891563, 10717193.160752875730395 ], [ 1728324.045279075857252, 10717174.768399687483907 ], [ 1728309.261185300769284, 10717171.676214152947068 ], [ 1728260.099201041506603, 10717161.395722437649965 ], [ 1728198.60718672350049, 10717148.536495592445135 ], [ 1728163.420242871856317, 10717141.177586138248444 ], [ 1728136.916353885550052, 10717135.63461796566844 ], [ 1728072.522114023100585, 10717122.16745269112289 ], [ 1728052.529040143825114, 10717117.986358532682061 ], [ 1727986.168264051899314, 10716952.846241252496839 ], [ 1727979.431727854767814, 10716957.358700390905142 ], [ 1727975.147614986170083, 10716960.368537528440356 ], [ 1727970.915995459537953, 10716963.452521543949842 ], [ 1727966.739165963139385, 10716966.610324326902628 ], [ 1727962.618110572220758, 10716969.840305417776108 ], [ 1727958.553813667036593, 10716973.141480628401041 ], [ 1727954.547915600473061, 10716976.513521822169423 ], [ 1727950.602056636940688, 10716979.954460587352514 ], [ 1727946.716236942447722, 10716983.463968744501472 ], [ 1727942.892097061267123, 10716987.040733942762017 ], [ 1727939.131605372997001, 10716990.684100156649947 ], [ 1727935.434761933516711, 10716994.392098758369684 ], [ 1727931.803206939250231, 10716998.164073575288057 ], [ 1727928.238252759212628, 10717001.99936855211854 ], [ 1727924.74055593367666, 10717005.895686997100711 ], [ 1727921.311756495852023, 10717009.852700896561146 ], [ 1727917.952182808890939, 10717013.868769789114594 ], [ 1727914.663474920205772, 10717017.942909462377429 ], [ 1727911.445961175719276, 10717022.074135584756732 ], [ 1727908.30161010986194, 10717026.260807847604156 ], [ 1727905.230093442834914, 10717030.501285782083869 ], [ 1727902.233379832934588, 10717034.794913191348314 ], [ 1727899.312453489052132, 10717039.140377823263407 ], [ 1727896.46731459046714, 10717043.536039169877768 ], [ 1727893.699603177141398, 10717047.980913050472736 ], [ 1727891.009975607739761, 10717052.473030917346478 ], [ 1727888.398760210257024, 10717057.011408543214202 ], [ 1727885.867268858244643, 10717061.595061676576734 ], [ 1727883.416157763451338, 10717066.221693748608232 ], [ 1727881.04641154804267, 10717070.890976659953594 ], [ 1727878.758358417777345, 10717075.600285712629557 ], [ 1727876.552981755230576, 10717080.34929290600121 ], [ 1727874.430610371520743, 10717085.136029640212655 ], [ 1727872.392228603828698, 10717089.958855539560318 ], [ 1727870.438164006685838, 10717094.81645830348134 ], [ 1727868.569072901038453, 10717099.707525564357638 ], [ 1727866.785939946537837, 10717104.630416914820671 ], [ 1727865.088764665648341, 10717109.584148110821843 ], [ 1727863.478859572438523, 10717114.566422529518604 ], [ 1727861.955568516394123, 10717119.575599791482091 ], [ 1727860.519875787664205, 10717124.611351819708943 ], [ 1727859.172765606082976, 10717129.671053916215897 ], [ 1727857.913909801281989, 10717134.753393780440092 ], [ 1727856.74363639135845, 10717139.856730990111828 ], [ 1727855.663257841719314, 10717144.980081282556057 ], [ 1727854.671789997722954, 10717150.121476100757718 ], [ 1727853.770545049803331, 10717155.279275145381689 ], [ 1727852.959523287136108, 10717160.452165991067886 ], [ 1727852.238723950460553, 10717165.638508295640349 ], [ 1727851.608803980518132, 10717170.836333462968469 ], [ 1727851.069435053737834, 10717176.044657360762358 ], [ 1727850.620945343514904, 10717181.26151136867702 ], [ 1727850.263990695588291, 10717186.485255144536495 ], [ 1727849.997915265150368, 10717191.714248234406114 ], [ 1727849.823047035839409, 10717196.947506438940763 ], [ 1728070.282293101307005, 10717279.120578926056623 ], [ 1728234.874186137923971, 10717322.372135926038027 ], [ 1728403.381425369763747, 10717344.851749077439308 ], [ 1728582.275458795018494, 10717427.181646581739187 ], [ 1728770.59663829091005, 10717441.83942298963666 ], [ 1728869.026249433401972, 10717459.316422546282411 ], [ 1728923.814536483027041, 10717503.859646957367659 ], [ 1729011.825534895760939, 10717636.291489848867059 ], [ 1728984.584447651403025, 10717809.623523956164718 ], [ 1729168.255702420836315, 10717872.544335965067148 ], [ 1729162.147442624438554, 10717752.197442520409822 ], [ 1729156.590362899471074, 10717642.700594874098897 ], [ 1729149.148443465353921, 10717496.068644328042865 ], [ 1729095.694469140609726, 10717376.131528344005346 ], [ 1728992.873459497466683, 10717281.219302555546165 ] ] ], [ [ [ 1729743.440350704127923, 10717900.790003310889006 ], [ 1729802.30966323427856, 10717807.896470094099641 ], [ 1729974.562302557285875, 10717823.135610725730658 ], [ 1729975.596421094611287, 10717813.330510422587395 ], [ 1729976.509804957779124, 10717803.611368007957935 ], [ 1729811.712532904930413, 10717790.478522531688213 ], [ 1729807.881499336101115, 10717655.96662856079638 ], [ 1729803.930715384893119, 10717523.124679058790207 ], [ 1729799.978619080036879, 10717390.283385720103979 ], [ 1729798.878552100155503, 10717267.323307897895575 ], [ 1729798.789641217095777, 10717257.388286614790559 ], [ 1729798.700402106158435, 10717247.409302178770304 ], [ 1729797.599679021164775, 10717124.494499837979674 ], [ 1729796.346724469214678, 10716984.499676151201129 ], [ 1729814.017620142316446, 10716845.619351211935282 ], [ 1729832.673422705614939, 10716716.965385548770428 ], [ 1729853.483748142374679, 10716573.46630253829062 ], [ 1729883.157572712516412, 10716369.696331663057208 ], [ 1729660.116639117943123, 10716312.781415360048413 ], [ 1729531.088672246551141, 10716788.531208517029881 ], [ 1729529.732375807361677, 10716794.754622437059879 ], [ 1729528.267483451869339, 10716800.953430091962218 ], [ 1729526.694980062311515, 10716807.125334886834025 ], [ 1729525.014537127688527, 10716813.269352603703737 ], [ 1729523.227467112941667, 10716819.382530504837632 ], [ 1729521.333769988035783, 10716825.463884305208921 ], [ 1729519.334429812850431, 10716831.511445544660091 ], [ 1729517.229775125160813, 10716837.522917568683624 ], [ 1729515.020461775362492, 10716843.496988125145435 ], [ 1729511.168763081543148, 10716853.218427211046219 ], [ 1729508.686156094772741, 10716859.084558350965381 ], [ 1729506.102171525591984, 10716864.906070105731487 ], [ 1729503.416808892041445, 10716870.681650213897228 ], [ 1729500.630725139053538, 10716876.409658236429095 ], [ 1729497.74555972055532, 10716882.088125640526414 ], [ 1729494.761641717050225, 10716887.715412070974708 ], [ 1729489.086783377453685, 10716897.809225892648101 ], [ 1729529.961384308291599, 10717021.014380902051926 ], [ 1729535.481719579547644, 10717169.011486478149891 ], [ 1729548.485308474162593, 10717295.343276984989643 ], [ 1729563.691321085439995, 10717421.430645287036896 ], [ 1729576.695565780857578, 10717547.762435808777809 ], [ 1729589.699482884956524, 10717674.095538662746549 ], [ 1729602.703727791551501, 10717800.427657248452306 ], [ 1729635.384444359922782, 10717865.450831839814782 ], [ 1729637.834571245359257, 10717870.325822904706001 ], [ 1729642.683315471746027, 10717871.99937616661191 ], [ 1729743.440350704127923, 10717900.790003310889006 ] ] ], [ [ [ 1730423.703546374803409, 10717894.71453600935638 ], [ 1730508.448469181079417, 10717841.626375757157803 ], [ 1730505.639087757794186, 10717718.99470940977335 ], [ 1730505.500636387150735, 10717712.956662692129612 ], [ 1730501.216846290044487, 10717525.99735770560801 ], [ 1730495.535747506655753, 10717278.064410528168082 ], [ 1730654.184739439515397, 10717389.979556554928422 ], [ 1730751.596637384034693, 10717458.695307929068804 ], [ 1730848.635832682950422, 10717527.149576814845204 ], [ 1730945.852848913054913, 10717595.728517442941666 ], [ 1731043.239484525052831, 10717664.427208483219147 ], [ 1731140.592983479378745, 10717733.102277489379048 ], [ 1731242.672851944575086, 10717805.111657904461026 ], [ 1731393.039050829363987, 10717911.183638963848352 ], [ 1731350.008950191084296, 10718080.810627756640315 ], [ 1731373.721505615161732, 10718087.186599731445312 ], [ 1731464.969360937830061, 10717732.188228093087673 ], [ 1731465.020541989710182, 10717731.990721864625812 ], [ 1731472.437522442778572, 10717703.132834609597921 ], [ 1731418.558683005860075, 10717689.999329846352339 ], [ 1731411.37595322006382, 10717683.098423972725868 ], [ 1731283.171787060797215, 10717559.302393248304725 ], [ 1731274.899820323102176, 10717551.315531363710761 ], [ 1731171.203812144231051, 10717451.184483086690307 ], [ 1731063.298822126584128, 10717346.99045018851757 ], [ 1730976.974502051481977, 10717263.634305221959949 ], [ 1730969.747152871219441, 10717256.655315492302179 ], [ 1730869.069840292446315, 10717159.439288066700101 ], [ 1730851.292637931415811, 10717022.246296985074878 ], [ 1730843.582676427904516, 10716962.744108995422721 ], [ 1730791.031590600963682, 10716946.291384542360902 ], [ 1730705.325709348311648, 10716919.182512428611517 ], [ 1730695.546527640428394, 10716916.089342502877116 ], [ 1730690.786693525267765, 10716914.581143299117684 ], [ 1730600.077540674479678, 10716885.83940028399229 ], [ 1730506.208616447402164, 10716855.996281422674656 ], [ 1730498.395634102635086, 10716702.237375343218446 ], [ 1730497.33165902714245, 10716681.309591988101602 ], [ 1730489.889411414042115, 10716534.840370811522007 ], [ 1730489.356603551190346, 10716524.353185219690204 ], [ 1730507.849349992349744, 10716452.199116628617048 ], [ 1730434.550598714267835, 10716433.413391733542085 ], [ 1730333.605571742169559, 10716407.538769802078605 ], [ 1730318.328696713550016, 10716403.629984715953469 ], [ 1730302.902545731049031, 10716477.477291531860828 ], [ 1730286.476068586111069, 10716556.120849538594484 ], [ 1730266.029586570570245, 10716654.00846709869802 ], [ 1730235.359698940301314, 10716800.838252998888493 ], [ 1730222.653688587481156, 10716918.374456582590938 ], [ 1730200.953600451350212, 10717040.013343207538128 ], [ 1730180.756790094077587, 10717153.226392148062587 ], [ 1730184.058624109253287, 10717255.162558076903224 ], [ 1730184.382770703639835, 10717265.167461110278964 ], [ 1730184.703636616934091, 10717275.075251452624798 ], [ 1730188.1065203032922, 10717380.107540348544717 ], [ 1730191.830598146887496, 10717495.046635324135423 ], [ 1730180.701684509404004, 10717604.492630522698164 ], [ 1730169.066538461716846, 10717718.90285550057888 ], [ 1730144.743422685889527, 10717815.785553738474846 ], [ 1730084.463678333209828, 10717862.070576079189777 ], [ 1730028.655708535108715, 10717848.586678344756365 ], [ 1730026.590424302499741, 10717864.686386583372951 ], [ 1730024.244628251995891, 10717880.747709101065993 ], [ 1730021.618649512296543, 10717896.765724636614323 ], [ 1730018.713799482211471, 10717912.735511904582381 ], [ 1730015.530406645033509, 10717928.652149632573128 ], [ 1730012.069783642189577, 10717944.51071666739881 ], [ 1730008.33324241777882, 10717960.306947832927108 ], [ 1730004.321110930293798, 10717976.034609578549862 ], [ 1730000.035358105320483, 10717991.690421106293797 ], [ 1729993.984516649041325, 10718012.160528320819139 ], [ 1729971.236528450390324, 10718083.627590391784906 ], [ 1730088.038809884805232, 10718104.991721415892243 ], [ 1730169.469434347003698, 10718053.979672964662313 ], [ 1730254.214685044949874, 10718000.891840767115355 ], [ 1730282.048951440257952, 10717983.454535810276866 ], [ 1730338.958951643668115, 10717947.802696272730827 ], [ 1730394.821709847543389, 10717912.807679694145918 ], [ 1730423.703546374803409, 10717894.71453600935638 ] ] ], [ [ [ 1728858.827480302425101, 10718572.589657370001078 ], [ 1728813.580515010282397, 10718555.852484380826354 ], [ 1728767.515643337974325, 10718736.026698170229793 ], [ 1728825.645131148165092, 10718750.88756188005209 ], [ 1728870.168338889721781, 10718576.745817480608821 ], [ 1728864.523007980082184, 10718574.686110081151128 ], [ 1728858.827480302425101, 10718572.589657370001078 ] ] ], [ [ [ 1729956.207707026973367, 10718888.724549438804388 ], [ 1730107.36392679088749, 10718849.963789034634829 ], [ 1730217.880784942070022, 10718821.623942563310266 ], [ 1730315.222798422444612, 10718796.280810141935945 ], [ 1730425.275745887309313, 10718748.444608125835657 ], [ 1730535.329678050475195, 10718700.609718443825841 ], [ 1730645.382625702302903, 10718652.773516412824392 ], [ 1730755.436885574366897, 10718604.938626689836383 ], [ 1730856.071871818741783, 10718561.113900572061539 ], [ 1730880.655816414859146, 10718566.809755645692348 ], [ 1731010.172313761431724, 10718597.026888540014625 ], [ 1731010.234977464424446, 10718597.041652323678136 ], [ 1731066.769651764072478, 10718610.195498174056411 ], [ 1731089.32800949504599, 10718602.326745435595512 ], [ 1731257.475667308317497, 10718542.933804325759411 ], [ 1731349.186776073416695, 10718183.197252308949828 ], [ 1731339.498473356245086, 10718180.718582542613149 ], [ 1731293.644887669477612, 10718359.945291489362717 ], [ 1731279.112761739641428, 10718356.227450892329216 ], [ 1731167.70187479397282, 10718327.724553165957332 ], [ 1731056.290003335336223, 10718299.2206712346524 ], [ 1730944.878788450499997, 10718270.716789243742824 ], [ 1730833.466917101759464, 10718242.212579220533371 ], [ 1730743.804678271990269, 10718219.273647125810385 ], [ 1730667.51183968805708, 10718267.015688275918365 ], [ 1730561.548780023818836, 10718333.324953662231565 ], [ 1730455.585720458533615, 10718399.632578616961837 ], [ 1730349.622988692251965, 10718465.941515935584903 ], [ 1730243.659929175395519, 10718532.25045320391655 ], [ 1730137.696541352663189, 10718598.558734340593219 ], [ 1730027.844708929769695, 10718648.834892557933927 ], [ 1729918.729423585813493, 10718698.773781049996614 ], [ 1729809.610529463971034, 10718748.710701003670692 ], [ 1729700.49557231948711, 10718798.649589443579316 ], [ 1729564.101793715730309, 10718861.072707923129201 ], [ 1729506.404716232558712, 10718719.4446866735816 ], [ 1729501.390289736213163, 10718720.34658807143569 ], [ 1729496.311559053137898, 10718721.174670683220029 ], [ 1729491.23020353470929, 10718721.917123565450311 ], [ 1729486.086511993547902, 10718722.581820670515299 ], [ 1729545.579517865087837, 10718868.618626454845071 ], [ 1729529.661569793010131, 10718930.876715602353215 ], [ 1729660.951685594161972, 10718964.438002487644553 ], [ 1729933.665753687499091, 10718894.504723278805614 ], [ 1729956.207707026973367, 10718888.724549438804388 ] ] ] ] } },
{ "type": "Feature", "properties": { "prop_id": 206210.0, "lot": "10A", "block": "012", "subdivision": "GREEN TREE NORTH", "legal_desc": "BLK: 012, LOT: 10A, ADDN: GREEN TREE NORTH SEC 21" }, "geometry": { "type": "Polygon", "coordinates": [ [ [ 1727540.16215369803831, 10715768.091522093862295 ], [ 1727491.728842729469761, 10715755.67356707714498 ], [ 1727465.694116567960009, 10715865.119562650099397 ], [ 1727514.127427468076348, 10715877.537845801562071 ], [ 1727540.16215369803831, 10715768.091522093862295 ] ] ] } },
{ "type": "Feature", "properties": { "prop_id": 4036.0, "lot": "", "block": "39", "subdivision": "", "legal_desc": "S/PT, SEC: 5, BLK: 39-T1S" }, "geometry": { "type": "Polygon", "coordinates": [ [ [ 1736013.350992290768772, 10723326.945954451337457 ], [ 1730899.275957674719393, 10722008.36779054440558 ], [ 1730052.116833604406565, 10725341.734117530286312 ], [ 1730157.104176064953208, 10725374.528346160426736 ], [ 1730262.699129050597548, 10725405.308470904827118 ], [ 1730368.863962417468429, 10725434.063008738681674 ], [ 1735153.522928762482479, 10726680.95135186612606 ], [ 1735176.603592830011621, 10726590.919034957885742 ], [ 1736013.350992290768772, 10723326.945954451337457 ] ] ] } },
{ "type": "Feature", "properties": { "prop_id": 4038.0, "lot": "", "block": "39", "subdivision": "", "legal_desc": "E/2, SEC: 6, BLK: 39-T1S" }, "geometry": { "type": "Polygon", "coordinates": [ [ [ 1730899.275957674719393, 10722008.36779054440558 ], [ 1730819.384042269783095, 10721988.270388431847095 ], [ 1730178.460337139200419, 10721823.143082460388541 ], [ 1728303.506719535216689, 10721345.667954849079251 ], [ 1727668.244496184168383, 10723849.221154889091849 ], [ 1727751.036670313216746, 10723933.848295008763671 ], [ 1727835.554891293169931, 10724016.751356868073344 ], [ 1727921.763397930655628, 10724097.895563572645187 ], [ 1728009.625772787025198, 10724177.246138343587518 ], [ 1728099.104614578885958, 10724254.769288616254926 ], [ 1728190.161537351785228, 10724330.432534042745829 ], [ 1728282.758483369136229, 10724404.203066397458315 ], [ 1728376.855755105149001, 10724476.050373833626509 ], [ 1728472.413325658068061, 10724545.943288467824459 ], [ 1728569.390841005835682, 10724613.852282779291272 ], [ 1728667.746962873497978, 10724679.748813500627875 ], [ 1728767.440352428006008, 10724743.604665545746684 ], [ 1728868.428031011950225, 10724805.39260789193213 ], [ 1728970.667347863316536, 10724865.086722014471889 ], [ 1729074.115323475096375, 10724922.661417417228222 ], [ 1729178.727339236065745, 10724978.092415872961283 ], [ 1729284.459431395167485, 10725031.355767343193293 ], [ 1729391.266652846476063, 10725082.429490238428116 ], [ 1729499.103728119982406, 10725131.291602926328778 ], [ 1729607.924397317925468, 10725177.921108124777675 ], [ 1729717.683056745911017, 10725222.298648895695806 ], [ 1729828.332462546415627, 10725264.404868319630623 ], [ 1729939.826354906661436, 10725304.222377978265285 ], [ 1730052.116833604406565, 10725341.734117530286312 ], [ 1730899.275957674719393, 10722008.36779054440558 ] ] ] } },
{ "type": "Feature", "properties": { "prop_id": 4037.0, "lot": "", "block": "39", "subdivision": "", "legal_desc": "W/2, SEC: 6, BLK: 39-T1S" }, "geometry": { "type": "Polygon", "coordinates": [ [ [ 1728303.506719535216689, 10721345.667954849079251 ], [ 1725765.369266869500279, 10720699.297156097367406 ], [ 1725683.376971107441932, 10721018.747363857924938 ], [ 1725605.901070897001773, 10721321.936774354428053 ], [ 1725672.192292497958988, 10721460.113358085975051 ], [ 1725720.256510087288916, 10721485.879385909065604 ], [ 1725767.061215713387355, 10721513.868506820872426 ], [ 1725812.503718873718753, 10721544.018713124096394 ], [ 1725856.483954784693196, 10721576.264716152101755 ], [ 1725898.905794325983152, 10721610.534665638580918 ], [ 1725939.676062173908576, 10721646.754414783790708 ], [ 1725978.705191715620458, 10721684.843583144247532 ], [ 1726015.907224681694061, 10721724.719165652990341 ], [ 1726051.201124956365675, 10721766.293235894292593 ], [ 1726084.508808081271127, 10721809.474914833903313 ], [ 1726115.757768254959956, 10721854.169058265164495 ], [ 1726144.878779525635764, 10721900.277897344902158 ], [ 1726171.808521600440145, 10721947.699726220220327 ], [ 1726196.487611869815737, 10721996.331198632717133 ], [ 1726316.058595377486199, 10722246.29530687071383 ], [ 1726303.428697123425081, 10722252.336634797975421 ], [ 1726334.817421280313283, 10722315.399511177092791 ], [ 1726368.165131367743015, 10722377.449265964329243 ], [ 1726403.438690855866298, 10722438.424547618255019 ], [ 1726440.603650828124955, 10722498.265644926577806 ], [ 1726479.623594615841284, 10722556.914159040898085 ], [ 1726520.460136070149019, 10722614.31267537176609 ], [ 1726563.073576922528446, 10722670.404435528442264 ], [ 1726607.42192294774577, 10722725.134977631270885 ], [ 1726653.461866608355194, 10722778.450495993718505 ], [ 1726701.148133010836318, 10722830.298497328534722 ], [ 1727648.576552379177883, 10723828.596193004399538 ], [ 1727668.244496184168383, 10723849.221154889091849 ], [ 1728303.506719535216689, 10721345.667954849079251 ] ] ] } },
{ "type": "Feature", "properties": { "prop_id": 4049.0, "lot": "", "block": "39", "subdivision": "", "legal_desc": "ALL, SEC: 8, BLK: 39-T1S" }, "geometry": { "type": "Polygon", "coordinates": [ [ [ 1737324.438354743644595, 10718203.077626306563616 ], [ 1732241.026650072308257, 10716896.952523037791252 ], [ 1731939.779522461583838, 10717851.932419208809733 ], [ 1731720.755339332623407, 10718707.678241932764649 ], [ 1731662.629132445901632, 10718692.801302161067724 ], [ 1731475.217093226034194, 10719428.857709402218461 ], [ 1730981.313191273016855, 10721346.531395392492414 ], [ 1730819.384042269783095, 10721988.270388431847095 ], [ 1730899.275957674719393, 10722008.36779054440558 ], [ 1736013.350992290768772, 10723326.945954451337457 ], [ 1737324.438354743644595, 10718203.077626306563616 ] ] ] } },
{ "type": "Feature", "properties": { "prop_id": 4040.0, "lot": "", "block": "39", "subdivision": "", "legal_desc": "N/2, SEC: 7, BLK: 39-T1S" }, "geometry": { "type": "Polygon", "coordinates": [ [ [ 1730981.313191273016855, 10721346.531395392492414 ], [ 1730341.726425689412281, 10721183.656381899490952 ], [ 1730178.460337139200419, 10721823.143082460388541 ], [ 1730819.384042269783095, 10721988.270388431847095 ], [ 1730981.313191273016855, 10721346.531395392492414 ] ] ] } },
{ "type": "Feature", "properties": { "prop_id": 4039.0, "lot": "", "block": "39", "subdivision": "", "legal_desc": "N/2, SEC: 7, BLK: 39-T1S" }, "geometry": { "type": "Polygon", "coordinates": [ [ [ 1730341.726425689412281, 10721183.656381899490952 ], [ 1730981.313191273016855, 10721346.531395392492414 ], [ 1731475.217093226034194, 10719428.857709402218461 ], [ 1730672.105690031545237, 10719222.869590021669865 ], [ 1730580.082563244504854, 10719199.273835087195039 ], [ 1730081.955186630599201, 10719072.056889127939939 ], [ 1729660.951685594161972, 10718964.438002487644553 ], [ 1729529.661569793010131, 10718930.876715602353215 ], [ 1729358.50735269812867, 10718887.120894581079483 ], [ 1729251.934383420739323, 10718859.875868460163474 ], [ 1729145.362398604396731, 10718832.628873797133565 ], [ 1729038.790413377573714, 10718805.381879212334752 ], [ 1728932.218428327701986, 10718778.135540725663304 ], [ 1728825.645131148165092, 10718750.88756188005209 ], [ 1728767.515643337974325, 10718736.026698170229793 ], [ 1728709.705380808096379, 10718721.609731283038855 ], [ 1728557.754541288129985, 10718682.796486049890518 ], [ 1728436.651742871617898, 10718651.99766100756824 ], [ 1728330.064337684772909, 10718624.636821473017335 ], [ 1728228.331582816084847, 10718598.650651199743152 ], [ 1728131.442323086317629, 10718573.901683250442147 ], [ 1728034.66723624849692, 10718548.919776063412428 ], [ 1726483.793411117978394, 10718152.17907240986824 ], [ 1726423.153764362446964, 10718388.429956087842584 ], [ 1726398.508142914623022, 10718489.087253723293543 ], [ 1726376.014092011610046, 10718590.247175082564354 ], [ 1726355.682439130265266, 10718691.863460352644324 ], [ 1726337.52171395951882, 10718793.890506001189351 ], [ 1726253.113745399052277, 10719299.27016518637538 ], [ 1726116.187813227064908, 10719277.466074863448739 ], [ 1726098.898149190470576, 10719368.902916643768549 ], [ 1726079.929682483663782, 10719460.006425764411688 ], [ 1726059.289302684832364, 10719550.745762385427952 ], [ 1726036.983571595046669, 10719641.090086616575718 ], [ 1725765.369266869500279, 10720699.297156097367406 ], [ 1728303.506719535216689, 10721345.667954849079251 ], [ 1730178.460337139200419, 10721823.143082460388541 ], [ 1730341.726425689412281, 10721183.656381899490952 ] ] ] } },
{ "type": "Feature", "properties": { "prop_id": 215843.0, "lot": "", "block": "40", "subdivision": "", "legal_desc": "13.25 AC OUT OF ALL, SEC: 1, BLK: 40-T1S" }, "geometry": { "type": "Polygon", "coordinates": [ [ [ 1725649.301892118994147, 10720669.552790937945247 ], [ 1724297.213795448886231, 10720321.716520212590694 ], [ 1724352.152345618698746, 10720395.822026710957289 ], [ 1724409.06759828957729, 10720468.420646142214537 ], [ 1724467.918214682955295, 10720539.459229025989771 ], [ 1724528.661544263828546, 10720608.88659424521029 ], [ 1724591.25362382736057, 10720676.651889005675912 ], [ 1724655.64852124103345, 10720742.706228822469711 ], [ 1724721.799977552844211, 10720807.001385450363159 ], [ 1724789.659435501554981, 10720869.49109910428524 ], [ 1724859.178339467849582, 10720930.129766227677464 ], [ 1724930.305507968179882, 10720988.873095519840717 ], [ 1725002.989760280121118, 10721045.678764298558235 ], [ 1725077.178274971898645, 10721100.505434008315206 ], [ 1725152.81691801501438, 10721153.313406573608518 ], [ 1725229.850899816025048, 10721204.064296199008822 ], [ 1725308.224446106469259, 10721252.721029521897435 ], [ 1725387.880470152245834, 10721299.248501596972346 ], [ 1725500.333019973244518, 10721250.424440396949649 ], [ 1725567.123244978953153, 10720989.053195483982563 ], [ 1725649.301892118994147, 10720669.552790937945247 ] ] ] } },
{ "type": "Feature", "properties": { "prop_id": 7366.0, "lot": "002", "block": "40", "subdivision": "", "legal_desc": "517.40 OUT OF SEC: 12, BLK: 40-T1S" }, "geometry": { "type": "Polygon", "coordinates": [ [ [ 1725997.471493704244494, 10719256.591772397980094 ], [ 1725952.028006623731926, 10719245.978275960311294 ], [ 1725907.129137832205743, 10719233.256515603512526 ], [ 1725862.872984611894935, 10719218.453722273930907 ], [ 1725819.355346766300499, 10719201.602376230061054 ], [ 1725776.671040907967836, 10719182.739222815260291 ], [ 1725734.913570385193452, 10719161.904944363981485 ], [ 1725694.17348653706722, 10719139.145472506061196 ], [ 1725654.539699996821582, 10719114.510019833222032 ], [ 1725621.385888380231336, 10719094.314519479870796 ], [ 1725586.995530479587615, 10719076.305366912856698 ], [ 1725551.512655275175348, 10719060.557693157345057 ], [ 1725515.085883898660541, 10719047.137443030253053 ], [ 1725477.867119285976514, 10719036.101046869531274 ], [ 1725569.546403498155996, 10718646.677212987095118 ], [ 1725615.452816189965233, 10718659.374695155769587 ], [ 1725660.702734120655805, 10718674.243433199822903 ], [ 1725705.19313893513754, 10718691.250290745869279 ], [ 1725748.823309443425387, 10718710.356225848197937 ], [ 1725791.494492208119482, 10718731.517931492999196 ], [ 1725833.109246124746278, 10718754.687507528811693 ], [ 1725873.573740070685744, 10718779.812460636720061 ], [ 1725903.444421246182173, 10718798.137229567393661 ], [ 1725934.333801014581695, 10718814.686739230528474 ], [ 1725966.136565030552447, 10718829.404887383803725 ], [ 1725998.744445425923914, 10718842.241149185225368 ], [ 1726032.046222327044234, 10718853.151889519765973 ], [ 1726091.740006742766127, 10718694.254539526998997 ], [ 1726110.647449731826782, 10718588.031307265162468 ], [ 1726131.815715355565771, 10718482.235239559784532 ], [ 1726155.234632868086919, 10718376.914564615115523 ], [ 1726180.894031846430153, 10718272.117182612419128 ], [ 1726885.297526755835861, 10715522.449271386489272 ], [ 1724481.669999978970736, 10714902.738525440916419 ], [ 1724384.837498633190989, 10714877.769085455685854 ], [ 1723412.320234894286841, 10714626.992666698992252 ], [ 1721914.578203031327575, 10714240.553124 ], [ 1721904.862013494130224, 10714238.164020979776978 ], [ 1721782.307117691263556, 10714204.999058607965708 ], [ 1721113.970155131537467, 10716833.713777016848326 ], [ 1723719.443174938904122, 10719609.852019479498267 ], [ 1723781.510648855706677, 10719674.496585028246045 ], [ 1723841.926879110280424, 10719740.687407653778791 ], [ 1723900.652823800686747, 10719808.382164591923356 ], [ 1723957.651409684680402, 10719877.537548813968897 ], [ 1724012.886219091247767, 10719948.109925262629986 ], [ 1724066.321819151751697, 10720020.054018439725041 ], [ 1724117.924417662201449, 10720093.323896644636989 ], [ 1724197.02959170145914, 10720208.711807595565915 ], [ 1724208.576814381871372, 10720200.795483088120818 ], [ 1724251.940910426434129, 10720261.955475453287363 ], [ 1724297.213795448886231, 10720321.716520212590694 ], [ 1725649.301892118994147, 10720669.552790937945247 ], [ 1725920.270856980932876, 10719611.839815068989992 ], [ 1725942.019502296578139, 10719523.575539579614997 ], [ 1725962.140198044246063, 10719434.926094181835651 ], [ 1725980.626382431015372, 10719345.921662632375956 ], [ 1725997.471493704244494, 10719256.591772397980094 ] ] ] } },
{ "type": "Feature", "properties": { "prop_id": 4041.0, "lot": "", "block": "39", "subdivision": "", "legal_desc": "NE/CRNR SE/4, SEC: 7, BLK: 39-T1S" }, "geometry": { "type": "Polygon", "coordinates": [ [ [ 1731662.629132445901632, 10718692.801302161067724 ], [ 1731604.090852895285934, 10718678.018194237723947 ], [ 1731594.355634518433362, 10718675.641230318695307 ], [ 1731467.685916810063645, 10718643.788929676637053 ], [ 1731173.236982970731333, 10718810.849329154938459 ], [ 1730909.321785755222663, 10718962.098732933402061 ], [ 1730796.74784581689164, 10719027.117646547034383 ], [ 1730709.386786149581894, 10719077.576874643564224 ], [ 1730702.586930434219539, 10719104.077810820192099 ], [ 1730672.105690031545237, 10719222.869590021669865 ], [ 1731475.217093226034194, 10719428.857709402218461 ], [ 1731662.629132445901632, 10718692.801302161067724 ] ] ] } },
{ "type": "Feature", "properties": { "prop_id": 205227.0, "lot": "", "block": "40", "subdivision": "", "legal_desc": "5.157 AC OUT OF SEC: 12, BLK: 40-T1S" }, "geometry": { "type": "Polygon", "coordinates": [ [ [ 1726091.740006742766127, 10718694.254539526998997 ], [ 1726032.046222327044234, 10718853.151889519765973 ], [ 1725998.744445425923914, 10718842.241149185225368 ], [ 1725966.136565030552447, 10718829.404887383803725 ], [ 1725934.333801014581695, 10718814.686739230528474 ], [ 1725903.444421246182173, 10718798.137229567393661 ], [ 1725873.573740070685744, 10718779.812460636720061 ], [ 1725833.109246124746278, 10718754.687507528811693 ], [ 1725791.494492208119482, 10718731.517931492999196 ], [ 1725748.823309443425387, 10718710.356225848197937 ], [ 1725705.19313893513754, 10718691.250290745869279 ], [ 1725660.702734120655805, 10718674.243433199822903 ], [ 1725615.452816189965233, 10718659.374695155769587 ], [ 1725569.546403498155996, 10718646.677212987095118 ], [ 1725477.867119285976514, 10719036.101046869531274 ], [ 1725515.085883898660541, 10719047.137443030253053 ], [ 1725551.512655275175348, 10719060.557693157345057 ], [ 1725586.995530479587615, 10719076.305366912856698 ], [ 1725621.385888380231336, 10719094.314519479870796 ], [ 1725654.539699996821582, 10719114.510019833222032 ], [ 1725694.17348653706722, 10719139.145472506061196 ], [ 1725734.913570385193452, 10719161.904944363981485 ], [ 1725776.671040907967836, 10719182.739222815260291 ], [ 1725819.355346766300499, 10719201.602376230061054 ], [ 1725862.872984611894935, 10719218.453722273930907 ], [ 1725907.129137832205743, 10719233.256515603512526 ], [ 1725952.028006623731926, 10719245.978275960311294 ], [ 1725997.471493704244494, 10719256.591772397980094 ], [ 1726091.740006742766127, 10718694.254539526998997 ] ] ] } },
{ "type": "Feature", "properties": { "prop_id": 23154.0, "lot": "017", "block": "007", "subdivision": "GREEN TREE NORTH", "legal_desc": "BLK: 007, LOT: 017, ADDN: GREEN TREE NORTH" }, "geometry": { "type": "Polygon", "coordinates": [ [ [ 1730702.586930434219539, 10719104.077810820192099 ], [ 1730597.860738270450383, 10718922.758918307721615 ], [ 1730487.222818215610459, 10718986.598700122907758 ], [ 1730463.321615332970396, 10718998.716788971796632 ], [ 1730580.082563244504854, 10719199.273835087195039 ], [ 1730672.105690031545237, 10719222.869590021669865 ], [ 1730702.586930434219539, 10719104.077810820192099 ] ] ] } },
{ "type": "Feature", "properties": { "prop_id": 23153.0, "lot": "016", "block": "007", "subdivision": "GREEN TREE NORTH", "legal_desc": "BLK: 007, LOT: 016, ADDN: GREEN TREE NORTH" }, "geometry": { "type": "Polygon", "coordinates": [ [ [ 1730463.321615332970396, 10718998.716788971796632 ], [ 1730438.207816385896876, 10719009.160668313503265 ], [ 1730412.376827054424211, 10719017.676729643717408 ], [ 1730385.975956612965092, 10719024.216744700446725 ], [ 1730081.961092107929289, 10719072.033923290669918 ], [ 1729660.951685594161972, 10718964.438002487644553 ], [ 1730081.955186630599201, 10719072.056889127939939 ], [ 1730580.082563244504854, 10719199.273835087195039 ], [ 1730463.321615332970396, 10718998.716788971796632 ] ] ] } },
{ "type": "Feature", "properties": { "prop_id": 23155.0, "lot": "018", "block": "007", "subdivision": "GREEN TREE NORTH", "legal_desc": "BLK: 007, LOT: 018, ADDN: GREEN TREE NORTH" }, "geometry": { "type": "Polygon", "coordinates": [ [ [ 1730709.386786149581894, 10719077.576874643564224 ], [ 1730796.74784581689164, 10719027.117646547034383 ], [ 1730701.798867467790842, 10718862.724904032424092 ], [ 1730597.860738270450383, 10718922.758918307721615 ], [ 1730702.586930434219539, 10719104.077810820192099 ], [ 1730709.386786149581894, 10719077.576874643564224 ] ] ] } },
{ "type": "Feature", "properties": { "prop_id": 23152.0, "lot": "15", "block": "007", "subdivision": "GREEN TREE NORTH", "legal_desc": "BLK: 007, LOTS: 15 & 14(W19.08), ADDN: GREEN TREE NORTH" }, "geometry": { "type": "Polygon", "coordinates": [ [ [ 1730051.558586286380887, 10719000.999604729935527 ], [ 1730055.384366619167849, 10718994.587542807683349 ], [ 1730060.157979755429551, 10718988.846083354204893 ], [ 1730065.763612467329949, 10718983.914005542173982 ], [ 1729956.207707026973367, 10718888.724549438804388 ], [ 1729933.665753687499091, 10718894.504723278805614 ], [ 1729660.951685594161972, 10718964.438002487644553 ], [ 1730081.961092107929289, 10719072.033923290669918 ], [ 1730074.4716042119544, 10719069.175661014392972 ], [ 1730067.534280822612345, 10719065.158280052244663 ], [ 1730061.327599019277841, 10719060.084798669442534 ], [ 1730056.010679361410439, 10719054.085137823596597 ], [ 1730051.720332896802574, 10719047.313496731221676 ], [ 1730048.565810928121209, 10719039.94375959597528 ], [ 1730046.628806348657236, 10719032.164902437478304 ], [ 1730045.958859619684517, 10719024.17639996856451 ], [ 1730046.573031588690355, 10719016.183632332831621 ], [ 1730048.455902069574222, 10719008.39132365770638 ], [ 1730051.558586286380887, 10719000.999604729935527 ] ] ] } },
{ "type": "Feature", "properties": { "prop_id": 23156.0, "lot": "019", "block": "007", "subdivision": "GREEN TREE NORTH", "legal_desc": "BLK: 007, LOT: 019, ADDN: GREEN TREE NORTH" }, "geometry": { "type": "Polygon", "coordinates": [ [ [ 1730909.321785755222663, 10718962.098732933402061 ], [ 1730806.585748111829162, 10718802.198764631524682 ], [ 1730701.798867467790842, 10718862.724904032424092 ], [ 1730796.74784581689164, 10719027.117646547034383 ], [ 1730909.321785755222663, 10718962.098732933402061 ] ] ] } },
{ "type": "Feature", "properties": { "prop_id": 23150.0, "lot": "013", "block": "007", "subdivision": "GREEN TREE NORTH", "legal_desc": "BLK: 007, LOT: 013, ADDN: GREEN TREE NORTH" }, "geometry": { "type": "Polygon", "coordinates": [ [ [ 1730250.414850810542703, 10718985.200743412598968 ], [ 1730217.880784942070022, 10718821.623942563310266 ], [ 1730107.36392679088749, 10718849.963789034634829 ], [ 1730142.00658443197608, 10719003.561605406925082 ], [ 1730250.414850810542703, 10718985.200743412598968 ] ] ] } },
{ "type": "Feature", "properties": { "prop_id": 23151.0, "lot": "14", "block": "007", "subdivision": "GREEN TREE NORTH", "legal_desc": "BLK: 007, LOT: 14(LESS W19.08), ADDN: GREEN TREE NORTH" }, "geometry": { "type": "Polygon", "coordinates": [ [ [ 1730107.36392679088749, 10718849.963789034634829 ], [ 1729956.207707026973367, 10718888.724549438804388 ], [ 1730065.763612467329949, 10718983.914005542173982 ], [ 1730072.69404596160166, 10718979.496034391224384 ], [ 1730080.252759173279628, 10718976.268349759280682 ], [ 1730088.236996521474794, 10718974.317565707489848 ], [ 1730096.432519641937688, 10718973.69617554731667 ], [ 1730104.619184355717152, 10718974.420911503955722 ], [ 1730112.578159552998841, 10718976.471760572865605 ], [ 1730120.095862485235557, 10718979.794260865077376 ], [ 1730126.970193770714104, 10718984.299173751845956 ], [ 1730133.017098974203691, 10718989.865436378866434 ], [ 1730138.074504573596641, 10718996.344427060335875 ], [ 1730142.00658443197608, 10719003.561605406925082 ], [ 1730107.36392679088749, 10718849.963789034634829 ] ] ] } },
{ "type": "Feature", "properties": { "prop_id": 23149.0, "lot": "012", "block": "007", "subdivision": "GREEN TREE NORTH", "legal_desc": "BLK: 007, LOT: 012, ADDN: GREEN TREE NORTH" }, "geometry": { "type": "Polygon", "coordinates": [ [ [ 1730359.189914618851617, 10718968.129249189049006 ], [ 1730315.222798422444612, 10718796.280810141935945 ], [ 1730217.880784942070022, 10718821.623942563310266 ], [ 1730250.414850810542703, 10718985.200743412598968 ], [ 1730359.189914618851617, 10718968.129249189049006 ] ] ] } },
{ "type": "Feature", "properties": { "prop_id": 23148.0, "lot": "011", "block": "007", "subdivision": "GREEN TREE NORTH", "legal_desc": "BLK: 007, LOT: 011, ADDN: GREEN TREE NORTH" }, "geometry": { "type": "Polygon", "coordinates": [ [ [ 1730480.454456161009148, 10718921.263845574110746 ], [ 1730425.275745887309313, 10718748.444608125835657 ], [ 1730315.222798422444612, 10718796.280810141935945 ], [ 1730359.189914618851617, 10718968.129249189049006 ], [ 1730384.901481728069484, 10718963.086278641596437 ], [ 1730410.074007905786857, 10718955.814637618139386 ], [ 1730434.513595703989267, 10718946.369116123765707 ], [ 1730458.033893760992214, 10718934.822876615449786 ], [ 1730480.454456161009148, 10718921.263845574110746 ] ] ] } },
{ "type": "Feature", "properties": { "prop_id": 23157.0, "lot": "020", "block": "007", "subdivision": "GREEN TREE NORTH", "legal_desc": "BLK: 007, LOT: 020, ADDN: GREEN TREE NORTH" }, "geometry": { "type": "Polygon", "coordinates": [ [ [ 1731173.236982970731333, 10718810.849329154938459 ], [ 1731155.872513820417225, 10718819.389340326189995 ], [ 1731137.704568052198738, 10718826.052058378234506 ], [ 1731118.935901547549292, 10718830.763008316978812 ], [ 1731099.775175317423418, 10718833.47035301476717 ], [ 1731080.43564357352443, 10718834.143580654636025 ], [ 1731061.133185508195311, 10718832.774817293509841 ], [ 1731042.082366989227012, 10718829.380138970911503 ], [ 1730902.389706975314766, 10718791.470435030758381 ], [ 1730886.317557723959908, 10718787.621033048257232 ], [ 1730869.867784536443651, 10718786.02950095385313 ], [ 1730853.355675649596378, 10718786.726678652688861 ], [ 1730837.098815616453066, 10718789.699114615097642 ], [ 1730821.408227498875931, 10718794.889722408726811 ], [ 1730806.585748111829162, 10718802.198764631524682 ], [ 1730909.321785755222663, 10718962.098732933402061 ], [ 1731173.236982970731333, 10718810.849329154938459 ] ] ] } },
{ "type": "Feature", "properties": { "prop_id": 22966.0, "lot": "024", "block": "002", "subdivision": "GREEN TREE NORTH", "legal_desc": "BLK: 002, LOT: 024, ADDN: GREEN TREE NORTH" }, "geometry": { "type": "Polygon", "coordinates": [ [ [ 1729545.579517865087837, 10718868.618626454845071 ], [ 1729486.086511993547902, 10718722.581820670515299 ], [ 1729457.70500205992721, 10718724.688772978261113 ], [ 1729429.249673429876566, 10718724.183525322005153 ], [ 1729400.960682735778391, 10718721.070999009534717 ], [ 1729358.50735269812867, 10718887.120894581079483 ], [ 1729529.661569793010131, 10718930.876715602353215 ], [ 1729545.579517865087837, 10718868.618626454845071 ] ] ] } },
{ "type": "Feature", "properties": { "prop_id": 23147.0, "lot": "010", "block": "007", "subdivision": "GREEN TREE NORTH", "legal_desc": "BLK: 007, LOT: 010, ADDN: GREEN TREE NORTH" }, "geometry": { "type": "Polygon", "coordinates": [ [ [ 1730584.364698166958988, 10718861.241970371454954 ], [ 1730535.329678050475195, 10718700.609718443825841 ], [ 1730425.275745887309313, 10718748.444608125835657 ], [ 1730480.454456161009148, 10718921.263845574110746 ], [ 1730584.364698166958988, 10718861.241970371454954 ] ] ] } },
{ "type": "Feature", "properties": { "prop_id": 22965.0, "lot": "023", "block": "002", "subdivision": "GREEN TREE NORTH", "legal_desc": "BLK: 002, LOT: 023, ADDN: GREEN TREE NORTH" }, "geometry": { "type": "Polygon", "coordinates": [ [ [ 1729400.960682735778391, 10718721.070999009534717 ], [ 1729386.504016333259642, 10718718.451581602916121 ], [ 1729372.187441096641123, 10718715.150735015049577 ], [ 1729294.043554208474234, 10718695.171442858874798 ], [ 1729251.934383420739323, 10718859.875868460163474 ], [ 1729358.50735269812867, 10718887.120894581079483 ], [ 1729400.960682735778391, 10718721.070999009534717 ] ] ] } },
{ "type": "Feature", "properties": { "prop_id": 23146.0, "lot": "009", "block": "007", "subdivision": "GREEN TREE NORTH", "legal_desc": "BLK: 007, LOT: 009, ADDN: GREEN TREE NORTH" }, "geometry": { "type": "Polygon", "coordinates": [ [ [ 1730688.27887707715854, 10718801.227641105651855 ], [ 1730645.382625702302903, 10718652.773516412824392 ], [ 1730535.329678050475195, 10718700.609718443825841 ], [ 1730584.364698166958988, 10718861.241970371454954 ], [ 1730688.27887707715854, 10718801.227641105651855 ] ] ] } },
{ "type": "Feature", "properties": { "prop_id": 22967.0, "lot": "025", "block": "002", "subdivision": "GREEN TREE NORTH", "legal_desc": "BLK: 002, LOT: 025, ADDN: GREEN TREE NORTH" }, "geometry": { "type": "Polygon", "coordinates": [ [ [ 1729700.49557231948711, 10718798.649589443579316 ], [ 1729637.464515311876312, 10718660.927729249000549 ], [ 1729617.746703706216067, 10718674.844699203968048 ], [ 1729597.005928196245804, 10718687.18555654399097 ], [ 1729575.367844745516777, 10718697.875498311594129 ], [ 1729552.963686263654381, 10718706.849892066791654 ], [ 1729529.929607656318694, 10718714.05427591316402 ], [ 1729506.404716232558712, 10718719.4446866735816 ], [ 1729564.101793715730309, 10718861.072707923129201 ], [ 1729700.49557231948711, 10718798.649589443579316 ] ] ] } },
{ "type": "Feature", "properties": { "prop_id": 22964.0, "lot": "022", "block": "002", "subdivision": "GREEN TREE NORTH", "legal_desc": "BLK: 002, LOT: 022, ADDN: GREEN TREE NORTH" }, "geometry": { "type": "Polygon", "coordinates": [ [ [ 1729294.043554208474234, 10718695.171442858874798 ], [ 1729187.471568942302838, 10718667.924776343628764 ], [ 1729145.362398604396731, 10718832.628873797133565 ], [ 1729251.934383420739323, 10718859.875868460163474 ], [ 1729294.043554208474234, 10718695.171442858874798 ] ] ] } },
{ "type": "Feature", "properties": { "prop_id": 22963.0, "lot": "021", "block": "002", "subdivision": "GREEN TREE NORTH", "legal_desc": "BLK: 002, LOT: 021, ADDN: GREEN TREE NORTH" }, "geometry": { "type": "Polygon", "coordinates": [ [ [ 1729187.471568942302838, 10718667.924776343628764 ], [ 1729080.899584063328803, 10718640.677781701087952 ], [ 1729038.790413377573714, 10718805.381879212334752 ], [ 1729145.362398604396731, 10718832.628873797133565 ], [ 1729187.471568942302838, 10718667.924776343628764 ] ] ] } },
{ "type": "Feature", "properties": { "prop_id": 22962.0, "lot": "020", "block": "002", "subdivision": "GREEN TREE NORTH", "legal_desc": "BLK: 002, LOT: 020, ADDN: GREEN TREE NORTH" }, "geometry": { "type": "Polygon", "coordinates": [ [ [ 1729080.899584063328803, 10718640.677781701087952 ], [ 1729025.979079968528822, 10718626.318557454273105 ], [ 1728974.807585019618273, 10718611.555790511891246 ], [ 1728932.218428327701986, 10718778.135540725663304 ], [ 1729038.790413377573714, 10718805.381879212334752 ], [ 1729080.899584063328803, 10718640.677781701087952 ] ] ] } },
{ "type": "Feature", "properties": { "prop_id": 23145.0, "lot": "008", "block": "007", "subdivision": "GREEN TREE NORTH", "legal_desc": "BLK: 007, LOT: 008, ADDN: GREEN TREE NORTH" }, "geometry": { "type": "Polygon", "coordinates": [ [ [ 1730776.578911569435149, 10718750.246432287618518 ], [ 1730755.436885574366897, 10718604.938626689836383 ], [ 1730645.382625702302903, 10718652.773516412824392 ], [ 1730688.27887707715854, 10718801.227641105651855 ], [ 1730776.578911569435149, 10718750.246432287618518 ] ] ] } },
{ "type": "Feature", "properties": { "prop_id": 22968.0, "lot": "026", "block": "002", "subdivision": "GREEN TREE NORTH", "legal_desc": "BLK: 002, LOT: 026, ADDN: GREEN TREE NORTH" }, "geometry": { "type": "Polygon", "coordinates": [ [ [ 1729809.610529463971034, 10718748.710701003670692 ], [ 1729723.994538449915126, 10718561.641818443313241 ], [ 1729702.321350407088175, 10718593.461642954498529 ], [ 1729688.073345538927242, 10718612.124667130410671 ], [ 1729672.453295707469806, 10718629.656131695955992 ], [ 1729655.551423999248073, 10718645.954986982047558 ], [ 1729637.464515311876312, 10718660.927729249000549 ], [ 1729700.49557231948711, 10718798.649589443579316 ], [ 1729809.610529463971034, 10718748.710701003670692 ] ] ] } },
{ "type": "Feature", "properties": { "prop_id": 22961.0, "lot": "019", "block": "002", "subdivision": "GREEN TREE NORTH", "legal_desc": "BLK: 002, LOT: 019, ADDN: GREEN TREE NORTH" }, "geometry": { "type": "Polygon", "coordinates": [ [ [ 1728974.807585019618273, 10718611.555790511891246 ], [ 1728940.961189759196714, 10718600.984288400039077 ], [ 1728870.168338889721781, 10718576.745817480608821 ], [ 1728825.645131148165092, 10718750.88756188005209 ], [ 1728932.218428327701986, 10718778.135540725663304 ], [ 1728974.807585019618273, 10718611.555790511891246 ] ] ] } },
{ "type": "Feature", "properties": { "prop_id": 23141.0, "lot": "5", "block": "007", "subdivision": "GREEN TREE NORTH", "legal_desc": "BLK: 007, LOT: 5(-TRI PT/W SIDE), ADDN: GREEN TREE NORTH" }, "geometry": { "type": "Polygon", "coordinates": [ [ [ 1731080.135773731162772, 10718771.172894846647978 ], [ 1731089.32800949504599, 10718602.326745435595512 ], [ 1731066.769651764072478, 10718610.195498174056411 ], [ 1731010.234977464424446, 10718597.041652323678136 ], [ 1730950.276429560733959, 10718742.211008964106441 ], [ 1731043.688989609712735, 10718767.377955257892609 ], [ 1731061.798208805499598, 10718770.371715702116489 ], [ 1731080.135773731162772, 10718771.172894846647978 ] ] ] } },
{ "type": "Feature", "properties": { "prop_id": 23140.0, "lot": "004", "block": "007", "subdivision": "GREEN TREE NORTH", "legal_desc": "BLK: 007, LOT: 004, ADDN: GREEN TREE NORTH" }, "geometry": { "type": "Polygon", "coordinates": [ [ [ 1731223.377307859482244, 10718675.172081442549825 ], [ 1731257.475667308317497, 10718542.933804325759411 ], [ 1731089.32800949504599, 10718602.326745435595512 ], [ 1731080.135773731162772, 10718771.172894846647978 ], [ 1731100.301747261546552, 10718769.522306725382805 ], [ 1731120.095674404408783, 10718765.326775763183832 ], [ 1731139.197345617460087, 10718758.654215194284916 ], [ 1731157.298034191830084, 10718749.612892581149936 ], [ 1731174.106073882430792, 10718738.348148880526423 ], [ 1731189.349155991338193, 10718725.042398409917951 ], [ 1731202.781217692187056, 10718709.910535823553801 ], [ 1731214.185396102024242, 10718693.196983262896538 ], [ 1731223.377307859482244, 10718675.172081442549825 ] ] ] } },
{ "type": "Feature", "properties": { "prop_id": 22909.0, "lot": "1 THRU 6", "block": "", "subdivision": "GREEN TREE NORTH", "legal_desc": "TRACTS: 1 THRU 6,,ADDN: GREEN TREE NORTH" }, "geometry": { "type": "Polygon", "coordinates": [ [ [ 1728870.168338889721781, 10718576.745817480608821 ], [ 1728813.580515010282397, 10718555.852484380826354 ], [ 1728767.515643337974325, 10718736.026698170229793 ], [ 1728825.645131148165092, 10718750.88756188005209 ], [ 1728870.168338889721781, 10718576.745817480608821 ] ] ] } },
{ "type": "Feature", "properties": { "prop_id": 23144.0, "lot": "007", "block": "007", "subdivision": "GREEN TREE NORTH", "legal_desc": "BLK: 007, LOT: 007, ADDN: GREEN TREE NORTH" }, "geometry": { "type": "Polygon", "coordinates": [ [ [ 1730862.087941467063501, 10718726.172982918098569 ], [ 1730880.655816414859146, 10718566.809755645692348 ], [ 1730856.071871818741783, 10718561.113900572061539 ], [ 1730755.436885574366897, 10718604.938626689836383 ], [ 1730776.578911569435149, 10718750.246432287618518 ], [ 1730792.546073900768533, 10718742.057142302393913 ], [ 1730809.249127369374037, 10718735.498426742851734 ], [ 1730826.522061563562602, 10718730.635574216023088 ], [ 1730844.193617260083556, 10718727.516812983900309 ], [ 1730862.087941467063501, 10718726.172982918098569 ] ] ] } },
{ "type": "Feature", "properties": { "prop_id": 22969.0, "lot": "027", "block": "002", "subdivision": "GREEN TREE NORTH", "legal_desc": "BLK: 002, LOT: 027, ADDN: GREEN TREE NORTH" }, "geometry": { "type": "Polygon", "coordinates": [ [ [ 1729918.729423585813493, 10718698.773781049996614 ], [ 1729802.84642551955767, 10718445.571817649528384 ], [ 1729723.994538449915126, 10718561.641818443313241 ], [ 1729809.610529463971034, 10718748.710701003670692 ], [ 1729918.729423585813493, 10718698.773781049996614 ] ] ] } },
{ "type": "Feature", "properties": { "prop_id": 23143.0, "lot": "6", "block": "007", "subdivision": "GREEN TREE NORTH", "legal_desc": "BLK: 007, LOTS: 6 & 5(TRI PT/W SD), ADDN: GREEN TREE NORTH" }, "geometry": { "type": "Polygon", "coordinates": [ [ [ 1730950.276429560733959, 10718742.211008964106441 ], [ 1731010.172313761431724, 10718597.026888540014625 ], [ 1731010.183796470286325, 10718596.999329544603825 ], [ 1730880.655816414859146, 10718566.809755645692348 ], [ 1730862.087941467063501, 10718726.172982918098569 ], [ 1730879.561991143738851, 10718726.569307174533606 ], [ 1730896.931709956610575, 10718728.518122039735317 ], [ 1730914.059303547022864, 10718732.004007579758763 ], [ 1730930.808945009717718, 10718736.999404845759273 ], [ 1730950.276429560733959, 10718742.211008964106441 ] ] ] } },
{ "type": "Feature", "properties": { "prop_id": 23188.0, "lot": "001", "block": "009", "subdivision": "GREEN TREE NORTH", "legal_desc": "BLK: 009, LOT: 001, ADDN: GREEN TREE NORTH, SEC 3" }, "geometry": { "type": "Polygon", "coordinates": [ [ [ 1728757.265328348847106, 10718535.418796170502901 ], [ 1728651.183499489910901, 10718496.208896795287728 ], [ 1728557.754541288129985, 10718682.796486049890518 ], [ 1728709.705380808096379, 10718721.609731283038855 ], [ 1728757.265328348847106, 10718535.418796170502901 ] ] ] } },
{ "type": "Feature", "properties": { "prop_id": 22970.0, "lot": "028", "block": "002", "subdivision": "GREEN TREE NORTH", "legal_desc": "BLK: 002, LOT: 028, ADDN: GREEN TREE NORTH" }, "geometry": { "type": "Polygon", "coordinates": [ [ [ 1730027.844708929769695, 10718648.834892557933927 ], [ 1729934.941657427931204, 10718445.868729446083307 ], [ 1729913.966957777971402, 10718438.594793148338795 ], [ 1729893.894159601768479, 10718429.111543262377381 ], [ 1729874.95488920295611, 10718417.528559666126966 ], [ 1729867.53364296676591, 10718414.443591721355915 ], [ 1729859.714103324105963, 10718412.587952276691794 ], [ 1729851.698041797615588, 10718412.009213391691446 ], [ 1729843.692806856473908, 10718412.722794979810715 ], [ 1729835.905747750541195, 10718414.710324410349131 ], [ 1729828.53765095025301, 10718417.919964438304305 ], [ 1729821.779133297735825, 10718422.269038092344999 ], [ 1729815.805062873288989, 10718427.645012699067593 ], [ 1729810.769639251055196, 10718433.908780936151743 ], [ 1729802.84642551955767, 10718445.571817649528384 ], [ 1729918.729423585813493, 10718698.773781049996614 ], [ 1730027.844708929769695, 10718648.834892557933927 ] ] ] } },
{ "type": "Feature", "properties": { "prop_id": 23189.0, "lot": "002", "block": "009", "subdivision": "GREEN TREE NORTH", "legal_desc": "BLK: 009, LOT: 002, ADDN: GREEN TREE NORTH, SEC 3" }, "geometry": { "type": "Polygon", "coordinates": [ [ [ 1728651.183499489910901, 10718496.208896795287728 ], [ 1728545.242746631614864, 10718457.058380531147122 ], [ 1728436.651742871617898, 10718651.99766100756824 ], [ 1728557.754541288129985, 10718682.796486049890518 ], [ 1728651.183499489910901, 10718496.208896795287728 ] ] ] } },
{ "type": "Feature", "properties": { "prop_id": 23137.0, "lot": "1A", "block": "007", "subdivision": "GREEN TREE NORTH", "legal_desc": "BLK: 007, LOTS: 1A & 21B(N30), ADDN: GREEN TREE NORTH, SEC 12" }, "geometry": { "type": "Polygon", "coordinates": [ [ [ 1731660.295468977885321, 10718459.608813589438796 ], [ 1731701.395455127581954, 10718299.772161327302456 ], [ 1731705.490919661009684, 10718285.087148612365127 ], [ 1731706.157256796956062, 10718281.294832643121481 ], [ 1731706.233700135955587, 10718277.445102125406265 ], [ 1731705.717953127110377, 10718273.629492310807109 ], [ 1731704.622810514410958, 10718269.938226075842977 ], [ 1731702.974191402085125, 10718266.458573682233691 ], [ 1731700.810809417394921, 10718263.273540154099464 ], [ 1731672.608104801969603, 10718255.993698570877314 ], [ 1731698.37085421057418, 10718299.793814923614264 ], [ 1731664.775446606101468, 10718430.373302405700088 ], [ 1731616.489122732076794, 10718618.674798037856817 ], [ 1731609.674174597952515, 10718616.997635912150145 ], [ 1731594.355634518433362, 10718675.641230318695307 ], [ 1731604.090852895285934, 10718678.018194237723947 ], [ 1731660.295468977885321, 10718459.608813589438796 ] ] ] } },
{ "type": "Feature", "properties": { "prop_id": 23029.0, "lot": "048", "block": "003", "subdivision": "GREEN TREE NORTH", "legal_desc": "BLK: 003, LOT: 048, ADDN: GREEN TREE NORTH" }, "geometry": { "type": "Polygon", "coordinates": [ [ [ 1729391.545342570636421, 10718605.471800401806831 ], [ 1729261.754564765607938, 10718477.258782964199781 ], [ 1729201.490566909546033, 10718469.656436305493116 ], [ 1729212.144422766054049, 10718612.327764071524143 ], [ 1729387.036493747960776, 10718657.04158846475184 ], [ 1729389.267788142198697, 10718631.522606015205383 ], [ 1729391.545342570636421, 10718605.471800401806831 ] ] ] } },
{ "type": "Feature", "properties": { "prop_id": 23190.0, "lot": "003", "block": "009", "subdivision": "GREEN TREE NORTH", "legal_desc": "BLK: 009, LOT: 003, ADDN: GREEN TREE NORTH, SEC 3" }, "geometry": { "type": "Polygon", "coordinates": [ [ [ 1728545.233232255093753, 10718456.921569772064686 ], [ 1728440.847266492666677, 10718413.687727555632591 ], [ 1728330.064337684772909, 10718624.636821473017335 ], [ 1728436.642228403128684, 10718651.860850248485804 ], [ 1728545.233232255093753, 10718456.921569772064686 ] ] ] } },
{ "type": "Feature", "properties": { "prop_id": 22971.0, "lot": "029", "block": "002", "subdivision": "GREEN TREE NORTH", "legal_desc": "BLK: 002, LOT: 029, ADDN: GREEN TREE NORTH" }, "geometry": { "type": "Polygon", "coordinates": [ [ [ 1730137.696541352663189, 10718598.558734340593219 ], [ 1730063.474559492664412, 10718436.386787761002779 ], [ 1730042.991000966634601, 10718444.143335884436965 ], [ 1730021.750882321503013, 10718449.491095747798681 ], [ 1730000.036683429032564, 10718452.358873281627893 ], [ 1729978.136460725450888, 10718452.708610815927386 ], [ 1729956.341552797239274, 10718450.535715084522963 ], [ 1729934.941657427931204, 10718445.868729446083307 ], [ 1730027.844708929769695, 10718648.834892557933927 ], [ 1730137.696541352663189, 10718598.558734340593219 ] ] ] } },
{ "type": "Feature", "properties": { "prop_id": 23139.0, "lot": "03A", "block": "007", "subdivision": "GREEN TREE NORTH", "legal_desc": "BLK: 007, LOT: 03A , ADDN: GREEN TREE NORTH, SEC 17" }, "geometry": { "type": "Polygon", "coordinates": [ [ [ 1731410.681754611432552, 10718602.475030180066824 ], [ 1731454.20233973604627, 10718432.388068405911326 ], [ 1731353.973519102204591, 10718406.671582635492086 ], [ 1731294.098962639924139, 10718633.75516014918685 ], [ 1731336.197639621328562, 10718644.841096775606275 ], [ 1731410.681754611432552, 10718602.475030180066824 ] ] ] } },
{ "type": "Feature", "properties": { "prop_id": 23191.0, "lot": "004", "block": "009", "subdivision": "GREEN TREE NORTH", "legal_desc": "BLK: 009, LOT: 004, ADDN: GREEN TREE NORTH, SEC 3" }, "geometry": { "type": "Polygon", "coordinates": [ [ [ 1728440.847266492666677, 10718413.687727555632591 ], [ 1728339.028224848909304, 10718364.709801273420453 ], [ 1728228.331582816084847, 10718598.650651199743152 ], [ 1728330.064337684772909, 10718624.636821473017335 ], [ 1728440.847266492666677, 10718413.687727555632591 ] ] ] } },
{ "type": "Feature", "properties": { "prop_id": 23137.0, "lot": "1A", "block": "007", "subdivision": "GREEN TREE NORTH", "legal_desc": "BLK: 007, LOTS: 1A & 21B(N30), ADDN: GREEN TREE NORTH, SEC 12" }, "geometry": { "type": "Polygon", "coordinates": [ [ [ 1731664.775446606101468, 10718430.373302405700088 ], [ 1731567.956724877934903, 10718404.958653274923563 ], [ 1731567.818601904669777, 10718405.496381931006908 ], [ 1731560.344862934900448, 10718434.550791149958968 ], [ 1731554.266462489496917, 10718458.061575289815664 ], [ 1731525.294405588181689, 10718570.121083255857229 ], [ 1731531.274381458060816, 10718563.90554323233664 ], [ 1731538.233030090807006, 10718558.809423707425594 ], [ 1731545.963658839231357, 10718554.983971143141389 ], [ 1731554.236281476914883, 10718552.543686620891094 ], [ 1731562.805491748265922, 10718551.560420490801334 ], [ 1731571.415712307672948, 10718552.063372079282999 ], [ 1731579.812022328609601, 10718554.037777695804834 ], [ 1731587.744094559457153, 10718557.42523848824203 ], [ 1731594.97669309284538, 10718562.124704765155911 ], [ 1731601.294595235260203, 10718567.996741157025099 ], [ 1731606.510137118399143, 10718574.866479186341166 ], [ 1731610.467807097127661, 10718582.52985092997551 ], [ 1731613.050808005733415, 10718590.759166561067104 ], [ 1731614.181711663492024, 10718599.310003977268934 ], [ 1731609.674174597952515, 10718616.997635912150145 ], [ 1731616.489122732076794, 10718618.674798037856817 ], [ 1731664.775446606101468, 10718430.373302405700088 ] ] ] } },
{ "type": "Feature", "properties": { "prop_id": 23028.0, "lot": "047", "block": "003", "subdivision": "GREEN TREE NORTH", "legal_desc": "BLK: 003, LOT: 047, ADDN: GREEN TREE NORTH" }, "geometry": { "type": "Polygon", "coordinates": [ [ [ 1729201.490566909546033, 10718469.656436305493116 ], [ 1729117.160339792957529, 10718459.021615520119667 ], [ 1729086.196488629095256, 10718580.126710755750537 ], [ 1729212.144422766054049, 10718612.327764071524143 ], [ 1729201.490566909546033, 10718469.656436305493116 ] ] ] } },
{ "type": "Feature", "properties": { "prop_id": 23138.0, "lot": "02A", "block": "007", "subdivision": "GREEN TREE NORTH", "legal_desc": "BLK: 007,LOT: 02A,ADDN: GREEN TREE NORTH, SEC 17" }, "geometry": { "type": "Polygon", "coordinates": [ [ [ 1731432.892015514662489, 10718589.838569592684507 ], [ 1731444.444159609032795, 10718584.458329746499658 ], [ 1731456.696105712559074, 10718580.952430298551917 ], [ 1731469.345689112786204, 10718579.407485209405422 ], [ 1731482.081230178708211, 10718579.861552283167839 ], [ 1731493.530028118519112, 10718581.921915678307414 ], [ 1731516.155315235489979, 10718587.724069848656654 ], [ 1731518.412528611253947, 10718581.468503698706627 ], [ 1731521.476827469654381, 10718575.566611479967833 ], [ 1731525.294405588181689, 10718570.121083255857229 ], [ 1731554.266462489496917, 10718458.061575289815664 ], [ 1731454.20233973604627, 10718432.388068405911326 ], [ 1731410.681754611432552, 10718602.475030180066824 ], [ 1731432.892015514662489, 10718589.838569592684507 ] ] ] } },
{ "type": "Feature", "properties": { "prop_id": 23192.0, "lot": "005", "block": "009", "subdivision": "GREEN TREE NORTH", "legal_desc": "BLK: 009, LOT: 005, ADDN: GREEN TREE NORTH, SEC 3" }, "geometry": { "type": "Polygon", "coordinates": [ [ [ 1728339.028224848909304, 10718364.709801273420453 ], [ 1728239.567446547560394, 10718311.086542157456279 ], [ 1728131.442323086317629, 10718573.901683250442147 ], [ 1728228.331582816084847, 10718598.650651199743152 ], [ 1728339.028224848909304, 10718364.709801273420453 ] ] ] } },
{ "type": "Feature", "properties": { "prop_id": 22972.0, "lot": "030", "block": "002", "subdivision": "GREEN TREE NORTH", "legal_desc": "BLK: 002, LOT: 030, ADDN: GREEN TREE NORTH" }, "geometry": { "type": "Polygon", "coordinates": [ [ [ 1730243.659929175395519, 10718532.25045320391655 ], [ 1730150.826760977040976, 10718383.901644684374332 ], [ 1730086.867889199173078, 10718423.925523709505796 ], [ 1730075.38890739181079, 10718430.564947634935379 ], [ 1730063.474559492664412, 10718436.386787761002779 ], [ 1730137.696541352663189, 10718598.558734340593219 ], [ 1730243.659929175395519, 10718532.25045320391655 ] ] ] } },
{ "type": "Feature", "properties": { "prop_id": 23027.0, "lot": "046", "block": "003", "subdivision": "GREEN TREE NORTH", "legal_desc": "BLK: 003, LOT: 046, ADDN: GREEN TREE NORTH" }, "geometry": { "type": "Polygon", "coordinates": [ [ [ 1729117.160339792957529, 10718459.021615520119667 ], [ 1729018.806187155190855, 10718426.08663889952004 ], [ 1728980.275421105092391, 10718550.506688948720694 ], [ 1729033.067976286634803, 10718565.916764363646507 ], [ 1729086.196488629095256, 10718580.126710755750537 ], [ 1729117.160339792957529, 10718459.021615520119667 ] ] ] } },
{ "type": "Feature", "properties": { "prop_id": 23193.0, "lot": "006", "block": "009", "subdivision": "GREEN TREE NORTH", "legal_desc": "BLK: 009, LOT: 006, ADDN: GREEN TREE NORTH, SEC 3" }, "geometry": { "type": "Polygon", "coordinates": [ [ [ 1728239.567446547560394, 10718311.086542157456279 ], [ 1728140.509226824622601, 10718256.757575633004308 ], [ 1728036.088165180990472, 10718544.998851403594017 ], [ 1728034.66723624849692, 10718548.919776063412428 ], [ 1728131.442323086317629, 10718573.901683250442147 ], [ 1728239.567446547560394, 10718311.086542157456279 ] ] ] } },
{ "type": "Feature", "properties": { "prop_id": 23026.0, "lot": "045", "block": "003", "subdivision": "GREEN TREE NORTH", "legal_desc": "BLK: 003, LOT: 045, ADDN: GREEN TREE NORTH" }, "geometry": { "type": "Polygon", "coordinates": [ [ [ 1729018.806187155190855, 10718426.08663889952004 ], [ 1728908.366426789900288, 10718389.102457400411367 ], [ 1728905.873977617360651, 10718398.850799290463328 ], [ 1728876.165373449679464, 10718515.05268819257617 ], [ 1728927.97335065738298, 10718533.505080947652459 ], [ 1728980.275421105092391, 10718550.506688948720694 ], [ 1729018.806187155190855, 10718426.08663889952004 ] ] ] } },
{ "type": "Feature", "properties": { "prop_id": 23213.0, "lot": "026", "block": "009", "subdivision": "GREEN TREE NORTH", "legal_desc": "BLK: 009, LOT: 026, ADDN: GREEN TREE NORTH, SEC 7" }, "geometry": { "type": "Polygon", "coordinates": [ [ [ 1728036.088165180990472, 10718544.998851403594017 ], [ 1726426.502176298527047, 10718133.387769671157002 ], [ 1726517.198851531371474, 10717779.031457237899303 ], [ 1726513.35797926178202, 10717778.048519494011998 ], [ 1726421.718064487213269, 10718136.309680493548512 ], [ 1726483.793411117978394, 10718152.17907240986824 ], [ 1728034.66723624849692, 10718548.919776063412428 ], [ 1728036.088165180990472, 10718544.998851403594017 ] ] ] } },
{ "type": "Feature", "properties": { "prop_id": 22973.0, "lot": "031", "block": "002", "subdivision": "GREEN TREE NORTH", "legal_desc": "BLK: 002, LOT: 031, ADDN: GREEN TREE NORTH" }, "geometry": { "type": "Polygon", "coordinates": [ [ [ 1730349.622988692251965, 10718465.941515935584903 ], [ 1730256.790804909076542, 10718317.593691643327475 ], [ 1730150.826760977040976, 10718383.901644684374332 ], [ 1730243.659929175395519, 10718532.25045320391655 ], [ 1730349.622988692251965, 10718465.941515935584903 ] ] ] } },
{ "type": "Feature", "properties": { "prop_id": 23030.0, "lot": "049", "block": "003", "subdivision": "GREEN TREE NORTH", "legal_desc": "BLK: 003, LOT: 049, ADDN: GREEN TREE NORTH" }, "geometry": { "type": "Polygon", "coordinates": [ [ [ 1729784.226706620771438, 10718366.207789532840252 ], [ 1729786.296584599651396, 10718362.522756801918149 ], [ 1729787.716201481875032, 10718358.542120987549424 ], [ 1729788.445530756609514, 10718354.379070801660419 ], [ 1729788.463247045874596, 10718350.152700552716851 ], [ 1729787.769022444263101, 10718345.983744913712144 ], [ 1729786.382870041998103, 10718341.990970088168979 ], [ 1729784.344159902073443, 10718338.288877138867974 ], [ 1729781.710962402401492, 10718334.982780866324902 ], [ 1729778.558736997889355, 10718332.167497381567955 ], [ 1729682.600576730677858, 10718260.117762548848987 ], [ 1729571.515809304546565, 10718408.046630030497909 ], [ 1729677.457548854639754, 10718523.371548220515251 ], [ 1729784.226706620771438, 10718366.207789532840252 ] ] ] } },
{ "type": "Feature", "properties": { "prop_id": 23196.0, "lot": "009", "block": "009", "subdivision": "GREEN TREE NORTH", "legal_desc": "BLK: 009, LOT: 009, ADDN: GREEN TREE NORTH, SEC 7" }, "geometry": { "type": "Polygon", "coordinates": [ [ [ 1728028.954318975564092, 10718506.034683743491769 ], [ 1728049.397521418519318, 10718449.624680968001485 ], [ 1727948.838319037342444, 10718355.458844790235162 ], [ 1727942.869826030917466, 10718360.88075109384954 ], [ 1727936.107371274614707, 10718365.272803636267781 ], [ 1727928.727135504828766, 10718368.520829418674111 ], [ 1727920.920719348825514, 10718370.540511021390557 ], [ 1727912.8912065140903, 10718371.279355052858591 ], [ 1727904.847257947549224, 10718370.717676488682628 ], [ 1727875.024152572965249, 10718487.20959110558033 ], [ 1728002.764078322565183, 10718519.881772123277187 ], [ 1728028.954318975564092, 10718506.034683743491769 ] ] ] } },
{ "type": "Feature", "properties": { "prop_id": 23025.0, "lot": "044", "block": "003", "subdivision": "GREEN TREE NORTH", "legal_desc": "BLK: 003, LOT: 044, ADDN: GREEN TREE NORTH" }, "geometry": { "type": "Polygon", "coordinates": [ [ [ 1728862.185407946351916, 10718367.785568391904235 ], [ 1728756.072411134606227, 10718325.03794583119452 ], [ 1728708.701438225340098, 10718453.113829342648387 ], [ 1728828.994527453556657, 10718497.607511345297098 ], [ 1728859.685741113731638, 10718377.562781628221273 ], [ 1728862.185407946351916, 10718367.785568391904235 ] ] ] } },
{ "type": "Feature", "properties": { "prop_id": 23197.0, "lot": "010", "block": "009", "subdivision": "GREEN TREE NORTH", "legal_desc": "BLK: 009, LOT: 010, ADDN: GREEN TREE NORTH, SEC 7" }, "geometry": { "type": "Polygon", "coordinates": [ [ [ 1727895.160267646191642, 10718368.236710164695978 ], [ 1727888.622877743560821, 10718365.298067389056087 ], [ 1727882.573019979987293, 10718361.454570630565286 ], [ 1727877.135037498315796, 10718356.785616045817733 ], [ 1727872.420479181222618, 10718351.387003947049379 ], [ 1727868.526129195932299, 10718345.369626600295305 ], [ 1727720.130404380848631, 10718426.948878470808268 ], [ 1727734.546061193570495, 10718451.279542405158281 ], [ 1727865.335194060113281, 10718484.731577530503273 ], [ 1727895.160267646191642, 10718368.236710164695978 ] ] ] } },
{ "type": "Feature", "properties": { "prop_id": 22974.0, "lot": "032", "block": "002", "subdivision": "GREEN TREE NORTH", "legal_desc": "BLK: 002, LOT: 032, ADDN: GREEN TREE NORTH" }, "geometry": { "type": "Polygon", "coordinates": [ [ [ 1730455.585720458533615, 10718399.632578616961837 ], [ 1730362.753536270465702, 10718251.284754352644086 ], [ 1730256.790804909076542, 10718317.593691643327475 ], [ 1730349.622988692251965, 10718465.941515935584903 ], [ 1730455.585720458533615, 10718399.632578616961837 ] ] ] } },
{ "type": "Feature", "properties": { "prop_id": 58237.0, "lot": "24A", "block": "007", "subdivision": "GREEN TREE NORTH", "legal_desc": "BLK: 007, LOT: 24A, ADDN: GREEN TREE NORTH, SEC 17" }, "geometry": { "type": "Polygon", "coordinates": [ [ [ 1731560.344862934900448, 10718434.550791149958968 ], [ 1731567.818601904669777, 10718405.496381931006908 ], [ 1731567.956724877934903, 10718404.958653274923563 ], [ 1731580.452107660472393, 10718356.380001215264201 ], [ 1731480.364034769590944, 10718330.699604634195566 ], [ 1731380.276289746863768, 10718305.019208019599319 ], [ 1731353.973519102204591, 10718406.671582635492086 ], [ 1731454.20233973604627, 10718432.388068405911326 ], [ 1731554.266462489496917, 10718458.061575289815664 ], [ 1731560.344862934900448, 10718434.550791149958968 ] ] ] } },
{ "type": "Feature", "properties": { "prop_id": 23024.0, "lot": "043", "block": "003", "subdivision": "GREEN TREE NORTH", "legal_desc": "BLK: 003, LOT: 043, ADDN: GREEN TREE NORTH" }, "geometry": { "type": "Polygon", "coordinates": [ [ [ 1728756.072411134606227, 10718325.03794583119452 ], [ 1728644.709423915948719, 10718280.174513632431626 ], [ 1728596.153085730969906, 10718411.485627496615052 ], [ 1728708.701438225340098, 10718453.113829342648387 ], [ 1728756.072411134606227, 10718325.03794583119452 ] ] ] } },
{ "type": "Feature", "properties": { "prop_id": 23195.0, "lot": "008", "block": "009", "subdivision": "GREEN TREE NORTH", "legal_desc": "BLK: 009, LOT: 008, ADDN: GREEN TREE NORTH, SEC 7" }, "geometry": { "type": "Polygon", "coordinates": [ [ [ 1728097.450251752743497, 10718317.024855533614755 ], [ 1727953.805171424988657, 10718280.284440912306309 ], [ 1727951.325189064489678, 10718289.972743522375822 ], [ 1727955.786139350617304, 10718296.531458478420973 ], [ 1727959.153587541775778, 10718303.712875742465258 ], [ 1727961.343216120265424, 10718311.336877560243011 ], [ 1727962.299251510063186, 10718319.210878945887089 ], [ 1727961.998399135656655, 10718327.137045612558722 ], [ 1727960.44754921249114, 10718334.916230956092477 ], [ 1727957.686399581143633, 10718342.351913031190634 ], [ 1727953.783847940387204, 10718349.257412396371365 ], [ 1727948.838319037342444, 10718355.458844790235162 ], [ 1728049.397521418519318, 10718449.624680968001485 ], [ 1728097.450251752743497, 10718317.024855533614755 ] ] ] } },
{ "type": "Feature", "properties": { "prop_id": 23204.0, "lot": "017", "block": "009", "subdivision": "GREEN TREE NORTH", "legal_desc": "BLK: 009, LOT: 017, ADDN: GREEN TREE NORTH, SEC 7" }, "geometry": { "type": "Polygon", "coordinates": [ [ [ 1727700.753142951289192, 10718421.992851266637444 ], [ 1727609.8071105084382, 10718279.204728122800589 ], [ 1727603.49905125098303, 10718282.612530454993248 ], [ 1727596.768420533509925, 10718285.083326667547226 ], [ 1727589.753669504309073, 10718286.566263787448406 ], [ 1727582.599155219970271, 10718287.030830075964332 ], [ 1727575.451530155958608, 10718286.467511095106602 ], [ 1727545.627441005548462, 10718402.959753815084696 ], [ 1727676.417229677317664, 10718436.411788946017623 ], [ 1727700.753142951289192, 10718421.992851266637444 ] ] ] } },
{ "type": "Feature", "properties": { "prop_id": 23158.0, "lot": "21B", "block": "007", "subdivision": "GREEN TREE NORTH", "legal_desc": "BLK: 007, LOT: 21B LESS N 30', ADDN: GREEN TREE NORTH, SEC 15" }, "geometry": { "type": "Polygon", "coordinates": [ [ [ 1731698.37085421057418, 10718299.793814923614264 ], [ 1731672.608104801969603, 10718255.993698570877314 ], [ 1731610.37855882733129, 10718240.034739904105663 ], [ 1731580.452107660472393, 10718356.380001215264201 ], [ 1731567.956724877934903, 10718404.958653274923563 ], [ 1731664.775446606101468, 10718430.373302405700088 ], [ 1731698.37085421057418, 10718299.793814923614264 ] ] ] } },
{ "type": "Feature", "properties": { "prop_id": 23198.0, "lot": "011", "block": "009", "subdivision": "GREEN TREE NORTH", "legal_desc": "BLK: 009, LOT: 011, ADDN: GREEN TREE NORTH, SEC 7" }, "geometry": { "type": "Polygon", "coordinates": [ [ [ 1727868.526129195932299, 10718345.369626600295305 ], [ 1727865.263995566405356, 10718338.125217296183109 ], [ 1727863.19050844758749, 10718330.455611884593964 ], [ 1727862.358160662930459, 10718322.554051507264376 ], [ 1727862.787949635414407, 10718314.620666991919279 ], [ 1727864.46872068871744, 10718306.855589242652059 ], [ 1727867.358151021646336, 10718299.454683991149068 ], [ 1727759.812414489453658, 10718271.947847358882427 ], [ 1727720.130404380848631, 10718426.948878470808268 ], [ 1727868.526129195932299, 10718345.369626600295305 ] ] ] } },
{ "type": "Feature", "properties": { "prop_id": 23203.0, "lot": "016", "block": "009", "subdivision": "GREEN TREE NORTH", "legal_desc": "BLK: 009, LOT: 016, ADDN: GREEN TREE NORTH, SEC 7" }, "geometry": { "type": "Polygon", "coordinates": [ [ [ 1727740.436137213138863, 10718266.99182017147541 ], [ 1727632.885151246096939, 10718239.483671206980944 ], [ 1727631.866452541202307, 10718247.364890454337001 ], [ 1727629.611863816156983, 10718254.984955376014113 ], [ 1727626.178143090335652, 10718262.151609117165208 ], [ 1727621.652560923947021, 10718268.683749537914991 ], [ 1727616.149290473666042, 10718274.416350800544024 ], [ 1727609.8071105084382, 10718279.204728122800589 ], [ 1727700.753142951289192, 10718421.992851266637444 ], [ 1727740.436137213138863, 10718266.99182017147541 ] ] ] } },
{ "type": "Feature", "properties": { "prop_id": 23023.0, "lot": "042", "block": "003", "subdivision": "GREEN TREE NORTH", "legal_desc": "BLK: 003, LOT: 042, ADDN: GREEN TREE NORTH" }, "geometry": { "type": "Polygon", "coordinates": [ [ [ 1728644.709423915948719, 10718280.174513632431626 ], [ 1728534.701420788187534, 10718228.359650442376733 ], [ 1728475.37935428111814, 10718362.902714099735022 ], [ 1728535.396634242264554, 10718388.1129683367908 ], [ 1728596.153085730969906, 10718411.485627496615052 ], [ 1728644.709423915948719, 10718280.174513632431626 ] ] ] } },
{ "type": "Feature", "properties": { "prop_id": 23031.0, "lot": "050", "block": "003", "subdivision": "GREEN TREE NORTH", "legal_desc": "BLK: 003, LOT: 050, ADDN: GREEN TREE NORTH" }, "geometry": { "type": "Polygon", "coordinates": [ [ [ 1729682.600576730677858, 10718260.117762548848987 ], [ 1729570.640476451953873, 10718176.070674680173397 ], [ 1729458.399543386884034, 10718325.539565645158291 ], [ 1729571.515809304546565, 10718408.046630030497909 ], [ 1729682.600576730677858, 10718260.117762548848987 ] ] ] } },
{ "type": "Feature", "properties": { "prop_id": 23205.0, "lot": "018", "block": "009", "subdivision": "GREEN TREE NORTH", "legal_desc": "BLK: 009, LOT: 018, ADDN: GREEN TREE NORTH, SEC 7" }, "geometry": { "type": "Polygon", "coordinates": [ [ [ 1727565.763227690011263, 10718283.986872859299183 ], [ 1727559.226166083477437, 10718281.047902008518577 ], [ 1727553.176636351970956, 10718277.204405268654227 ], [ 1727547.738653826527297, 10718272.53545062430203 ], [ 1727543.024095505941659, 10718267.136838546022773 ], [ 1727539.130073312669992, 10718261.119789278134704 ], [ 1727390.733036561170593, 10718342.698713039979339 ], [ 1727405.149349558632821, 10718367.029705094173551 ], [ 1727535.939138162881136, 10718400.481740204617381 ], [ 1727565.763227690011263, 10718283.986872859299183 ] ] ] } },
{ "type": "Feature", "properties": { "prop_id": 22975.0, "lot": "033", "block": "002", "subdivision": "GREEN TREE NORTH", "legal_desc": "BLK: 002, LOT: 033, ADDN: GREEN TREE NORTH" }, "geometry": { "type": "Polygon", "coordinates": [ [ [ 1730561.548780023818836, 10718333.324953662231565 ], [ 1730468.716595864854753, 10718184.975817028433084 ], [ 1730362.753536270465702, 10718251.284754352644086 ], [ 1730455.585720458533615, 10718399.632578616961837 ], [ 1730561.548780023818836, 10718333.324953662231565 ] ] ] } },
{ "type": "Feature", "properties": { "prop_id": 23108.0, "lot": "008", "block": "006", "subdivision": "GREEN TREE NORTH", "legal_desc": "BLK: 006, LOT: 008, ADDN: GREEN TREE NORTH" }, "geometry": { "type": "Polygon", "coordinates": [ [ [ 1730044.612714958610013, 10718356.399729253724217 ], [ 1730129.354685042984784, 10718303.315834062173963 ], [ 1730088.038809884805232, 10718104.991721415892243 ], [ 1729971.236528450390324, 10718083.627590391784906 ], [ 1729923.766474896110594, 10718232.765443393960595 ], [ 1729913.87049622926861, 10718260.814277093857527 ], [ 1729902.251752016833052, 10718288.194476874545217 ], [ 1729899.451888427371159, 10718295.846037834882736 ], [ 1729897.931550372159109, 10718303.850616486743093 ], [ 1729897.73174751852639, 10718311.99594284966588 ], [ 1729898.857401977293193, 10718320.065481919795275 ], [ 1729901.278657681308687, 10718327.844995219260454 ], [ 1729904.931210181675851, 10718335.128118392080069 ], [ 1729909.718275114661083, 10718341.721282090991735 ], [ 1729915.512556006899104, 10718347.449617946520448 ], [ 1729927.940027203643695, 10718356.476504024118185 ], [ 1729941.503322842065245, 10718363.684167677536607 ], [ 1729955.938664132496342, 10718368.932517306879163 ], [ 1729970.964227569755167, 10718372.11886278912425 ], [ 1729986.28736243606545, 10718373.181196384131908 ], [ 1730001.608856618171558, 10718372.098520772531629 ], [ 1730016.63015467999503, 10718368.892489422112703 ], [ 1730031.058605936123058, 10718363.625438243150711 ], [ 1730044.612714958610013, 10718356.399729253724217 ] ] ] } },
{ "type": "Feature", "properties": { "prop_id": 23022.0, "lot": "041", "block": "003", "subdivision": "GREEN TREE NORTH", "legal_desc": "BLK: 003, LOT: 041, ADDN: GREEN TREE NORTH" }, "geometry": { "type": "Polygon", "coordinates": [ [ [ 1728534.701420788187534, 10718228.359650442376733 ], [ 1728434.246222001733258, 10718181.044778805226088 ], [ 1728367.124300971860066, 10718311.184963578358293 ], [ 1728413.226907699368894, 10718334.206573879346251 ], [ 1728475.37935428111814, 10718362.902714099735022 ], [ 1728534.701420788187534, 10718228.359650442376733 ] ] ] } },
{ "type": "Feature", "properties": { "prop_id": 22982.0, "lot": "040", "block": "002", "subdivision": "GREEN TREE NORTH", "legal_desc": "BLK: 002, LOT: 040 & W15 OF S85 OF, ADDN: GREEN TREE NORTH, TR 002" }, "geometry": { "type": "Polygon", "coordinates": [ [ [ 1731339.498473356245086, 10718180.718582542613149 ], [ 1731213.555788797559217, 10718148.496531903743744 ], [ 1731167.70187479397282, 10718327.724553165957332 ], [ 1731279.112761739641428, 10718356.227450892329216 ], [ 1731293.644887669477612, 10718359.945291489362717 ], [ 1731339.498473356245086, 10718180.718582542613149 ] ] ] } },
{ "type": "Feature", "properties": { "prop_id": 58235.0, "lot": "022", "block": "007", "subdivision": "GREEN TREE NORTH", "legal_desc": "BLK: 007, LOT: 022, ADDN: GREEN TREE NORTH, SEC 15" }, "geometry": { "type": "Polygon", "coordinates": [ [ [ 1731610.37855882733129, 10718240.034739904105663 ], [ 1731510.290814172010869, 10718214.353359023109078 ], [ 1731480.364034769590944, 10718330.699604634195566 ], [ 1731580.452107660472393, 10718356.380001215264201 ], [ 1731610.37855882733129, 10718240.034739904105663 ] ] ] } },
{ "type": "Feature", "properties": { "prop_id": 23212.0, "lot": "025", "block": "009", "subdivision": "GREEN TREE NORTH", "legal_desc": "BLK: 009, LOT: 025, ADDN: GREEN TREE NORTH, SEC 7" }, "geometry": { "type": "Polygon", "coordinates": [ [ [ 1727371.357087399344891, 10718337.74268589541316 ], [ 1727385.755353630753234, 10718281.505911266431212 ], [ 1727288.953034000238404, 10718191.643872966989875 ], [ 1727282.979947871062905, 10718197.114335618913174 ], [ 1727276.201745152240619, 10718201.548382828012109 ], [ 1727268.796574901789427, 10718204.829873153939843 ], [ 1727260.958991011837497, 10718206.872848624363542 ], [ 1727252.894045097986236, 10718207.623175598680973 ], [ 1727244.814007097156718, 10718207.06149703450501 ], [ 1727216.23138541332446, 10718318.70958841778338 ], [ 1727347.021174156339839, 10718352.161623569205403 ], [ 1727371.357087399344891, 10718337.74268589541316 ] ] ] } },
{ "type": "Feature", "properties": { "prop_id": 23206.0, "lot": "019", "block": "009", "subdivision": "GREEN TREE NORTH", "legal_desc": "BLK: 009, LOT: 019, ADDN: GREEN TREE NORTH, SEC 7" }, "geometry": { "type": "Polygon", "coordinates": [ [ [ 1727539.130073312669992, 10718261.119789278134704 ], [ 1727535.8679401462432, 10718253.875379996374249 ], [ 1727533.794780895346776, 10718246.20577459782362 ], [ 1727532.962433122098446, 10718238.30421420186758 ], [ 1727533.39189403434284, 10718230.370829680934548 ], [ 1727535.072664959589019, 10718222.605751914903522 ], [ 1727537.962095133494586, 10718215.204846680164337 ], [ 1727430.416358620859683, 10718187.697681974619627 ], [ 1727390.733036561170593, 10718342.698713039979339 ], [ 1727539.130073312669992, 10718261.119789278134704 ] ] ] } },
{ "type": "Feature", "properties": { "prop_id": 22976.0, "lot": "034", "block": "002", "subdivision": "GREEN TREE NORTH", "legal_desc": "BLK: 002, LOT: 034, ADDN: GREEN TREE NORTH" }, "geometry": { "type": "Polygon", "coordinates": [ [ [ 1730667.51183968805708, 10718267.015688275918365 ], [ 1730574.679655603133142, 10718118.667864006012678 ], [ 1730468.716595864854753, 10718184.975817028433084 ], [ 1730561.548780023818836, 10718333.324953662231565 ], [ 1730667.51183968805708, 10718267.015688275918365 ] ] ] } },
{ "type": "Feature", "properties": { "prop_id": 58236.0, "lot": "023", "block": "007", "subdivision": "GREEN TREE NORTH", "legal_desc": "BLK: 007, LOT: 023, ADDN: GREEN TREE NORTH, SEC 15" }, "geometry": { "type": "Polygon", "coordinates": [ [ [ 1731510.290814172010869, 10718214.353359023109078 ], [ 1731419.874311483930796, 10718191.153600675985217 ], [ 1731407.714228799799457, 10718198.347813636064529 ], [ 1731380.276289746863768, 10718305.019208019599319 ], [ 1731480.364034769590944, 10718330.699604634195566 ], [ 1731510.290814172010869, 10718214.353359023109078 ] ] ] } },
{ "type": "Feature", "properties": { "prop_id": 22981.0, "lot": "039", "block": "002", "subdivision": "GREEN TREE NORTH", "legal_desc": "BLK: 002, LOT: 039, ADDN: GREEN TREE NORTH" }, "geometry": { "type": "Polygon", "coordinates": [ [ [ 1731213.555788797559217, 10718148.496531903743744 ], [ 1731102.143917612265795, 10718119.993634190410376 ], [ 1731056.290003335336223, 10718299.2206712346524 ], [ 1731167.70187479397282, 10718327.724553165957332 ], [ 1731213.555788797559217, 10718148.496531903743744 ] ] ] } },
{ "type": "Feature", "properties": { "prop_id": 23032.0, "lot": "051", "block": "003", "subdivision": "GREEN TREE NORTH", "legal_desc": "BLK: 003, LOT: 051, ADDN: GREEN TREE NORTH" }, "geometry": { "type": "Polygon", "coordinates": [ [ [ 1729570.640476451953873, 10718176.070674680173397 ], [ 1729458.697764732642099, 10718092.000620974227786 ], [ 1729345.288526816060767, 10718243.022658789530396 ], [ 1729349.303611375624314, 10718245.951787181198597 ], [ 1729458.399543386884034, 10718325.539565645158291 ], [ 1729570.640476451953873, 10718176.070674680173397 ] ] ] } },
{ "type": "Feature", "properties": { "prop_id": 23194.0, "lot": "007", "block": "009", "subdivision": "GREEN TREE NORTH", "legal_desc": "BLK: 009, LOT: 007, ADDN: GREEN TREE NORTH, SEC 7" }, "geometry": { "type": "Polygon", "coordinates": [ [ [ 1728122.874415951780975, 10718246.870455043390393 ], [ 1728057.857145151123405, 10718212.692041408270597 ], [ 1727993.232262009521946, 10718177.776752499863505 ], [ 1727980.48819068307057, 10718182.850562538951635 ], [ 1727971.166358267422765, 10718212.474852666258812 ], [ 1727953.805171424988657, 10718280.284440912306309 ], [ 1728097.450251752743497, 10718317.024855533614755 ], [ 1728122.874415951780975, 10718246.870455043390393 ] ] ] } },
{ "type": "Feature", "properties": { "prop_id": 23213.0, "lot": "026", "block": "009", "subdivision": "GREEN TREE NORTH", "legal_desc": "BLK: 009, LOT: 026, ADDN: GREEN TREE NORTH, SEC 7" }, "geometry": { "type": "Polygon", "coordinates": [ [ [ 1727235.127016898943111, 10718204.580858780071139 ], [ 1727228.72446939535439, 10718201.714722448959947 ], [ 1727222.786159966140985, 10718197.980149377137423 ], [ 1727217.429214374395087, 10718193.451286353170872 ], [ 1727212.758619078900665, 10718188.217372139915824 ], [ 1727208.867221547523513, 10718182.380768725648522 ], [ 1727071.02495536999777, 10718260.926889361813664 ], [ 1727085.441268526948988, 10718285.257881388068199 ], [ 1727206.543082565767691, 10718316.231574825942516 ], [ 1727235.127016898943111, 10718204.580858780071139 ] ] ] } },
{ "type": "Feature", "properties": { "prop_id": 23021.0, "lot": "040", "block": "003", "subdivision": "GREEN TREE NORTH", "legal_desc": "BLK: 003, LOT: 040, ADDN: GREEN TREE NORTH" }, "geometry": { "type": "Polygon", "coordinates": [ [ [ 1728434.246222001733258, 10718181.044778805226088 ], [ 1728328.590245366794989, 10718131.279780549928546 ], [ 1728261.53229990019463, 10718254.172603216022253 ], [ 1728326.573521120473742, 10718289.660725696012378 ], [ 1728367.124300971860066, 10718311.184963578358293 ], [ 1728434.246222001733258, 10718181.044778805226088 ] ] ] } },
{ "type": "Feature", "properties": { "prop_id": 23107.0, "lot": "007", "block": "006", "subdivision": "GREEN TREE NORTH", "legal_desc": "BLK: 006, LOT: 007, ADDN: GREEN TREE NORTH" }, "geometry": { "type": "Polygon", "coordinates": [ [ [ 1730270.337693193694577, 10718214.995781047269702 ], [ 1730169.469434347003698, 10718053.979672964662313 ], [ 1730088.038809884805232, 10718104.991721415892243 ], [ 1730129.354685042984784, 10718303.315834062173963 ], [ 1730270.337693193694577, 10718214.995781047269702 ] ] ] } },
{ "type": "Feature", "properties": { "prop_id": 23199.0, "lot": "012", "block": "009", "subdivision": "GREEN TREE NORTH", "legal_desc": "BLK: 009, LOT: 012, ADDN: GREEN TREE NORTH, SEC 7" }, "geometry": { "type": "Polygon", "coordinates": [ [ [ 1727893.200294567504898, 10718275.091866759583354 ], [ 1727905.599220962263644, 10718226.660852272063494 ], [ 1727779.653255424695089, 10718194.446675619110465 ], [ 1727759.812414489453658, 10718271.947847358882427 ], [ 1727867.358151021646336, 10718299.454683991149068 ], [ 1727870.991018025204539, 10718293.174511598423123 ], [ 1727875.494290653150529, 10718287.485873563215137 ], [ 1727880.773152342997491, 10718282.509176418185234 ], [ 1727886.717038987204432, 10718278.348422663286328 ], [ 1727893.200294567504898, 10718275.091866759583354 ] ] ] } },
{ "type": "Feature", "properties": { "prop_id": 22980.0, "lot": "038", "block": "002", "subdivision": "GREEN TREE NORTH", "legal_desc": "BLK: 002, LOT: 038, ADDN: GREEN TREE NORTH" }, "geometry": { "type": "Polygon", "coordinates": [ [ [ 1731102.143917612265795, 10718119.993634190410376 ], [ 1730990.732702227542177, 10718091.489424124360085 ], [ 1730944.878788450499997, 10718270.716789243742824 ], [ 1731056.290003335336223, 10718299.2206712346524 ], [ 1731102.143917612265795, 10718119.993634190410376 ] ] ] } },
{ "type": "Feature", "properties": { "prop_id": 226396.0, "lot": "013A", "block": "005", "subdivision": "GREEN TREE NORTH", "legal_desc": "BLK: 005, LOT: 013A, ADDN: GREEN TREE NORTH" }, "geometry": { "type": "Polygon", "coordinates": [ [ [ 1729912.697593134362251, 10718075.40483794733882 ], [ 1729726.240253028227016, 10717978.919126532971859 ], [ 1729714.922689743572846, 10718030.328153947368264 ], [ 1729643.865079699549824, 10718144.430966475978494 ], [ 1729638.57867214945145, 10718152.919468235224485 ], [ 1729642.502877826569602, 10718155.9522710070014 ], [ 1729804.738149982411414, 10718281.337208639830351 ], [ 1729807.955991757800803, 10718283.449737541377544 ], [ 1729811.460250473348424, 10718285.043238436803222 ], [ 1729815.167264711111784, 10718286.079653805121779 ], [ 1729818.989436491858214, 10718286.53503343462944 ], [ 1729822.83654228085652, 10718286.397894475609064 ], [ 1729826.616719171637669, 10718285.672173906117678 ], [ 1729830.560281254351139, 10718284.228934947401285 ], [ 1729834.206271934788674, 10718282.145933389663696 ], [ 1729837.452329032355919, 10718279.481896167621017 ], [ 1729840.206917042611167, 10718276.312282435595989 ], [ 1729842.391952400328591, 10718272.726330913603306 ], [ 1729854.62290046713315, 10718245.91765233501792 ], [ 1729864.939481885870919, 10718218.315996309742332 ], [ 1729895.059175073169172, 10718128.185582213103771 ], [ 1729912.697593134362251, 10718075.40483794733882 ] ] ] } },
{ "type": "Feature", "properties": { "prop_id": 23211.0, "lot": "024", "block": "009", "subdivision": "GREEN TREE NORTH", "legal_desc": "BLK: 009, LOT: 024, ADDN: GREEN TREE NORTH, SEC 7" }, "geometry": { "type": "Polygon", "coordinates": [ [ [ 1727419.256273011676967, 10718150.728589488193393 ], [ 1727293.29095067223534, 10718118.510803949087858 ], [ 1727291.292266807518899, 10718126.316564092412591 ], [ 1727295.741077634971589, 10718132.854281704872847 ], [ 1727299.103604690404609, 10718140.011748876422644 ], [ 1727301.295529827475548, 10718147.609832094982266 ], [ 1727302.262063964270055, 10718155.458571050316095 ], [ 1727301.978928038384765, 10718163.361115738749504 ], [ 1727300.453668679809198, 10718171.120616065338254 ], [ 1727297.723686851328239, 10718178.542518626898527 ], [ 1727293.858208459801972, 10718185.441128224134445 ], [ 1727288.953034000238404, 10718191.643872966989875 ], [ 1727385.755353630753234, 10718281.505911266431212 ], [ 1727419.256273011676967, 10718150.728589488193393 ] ] ] } },
{ "type": "Feature", "properties": { "prop_id": 22979.0, "lot": "037", "block": "002", "subdivision": "GREEN TREE NORTH", "legal_desc": "BLK: 002, LOT: 037, ADDN: GREEN TREE NORTH" }, "geometry": { "type": "Polygon", "coordinates": [ [ [ 1730990.732702227542177, 10718091.489424124360085 ], [ 1730879.320831241318956, 10718062.985542183741927 ], [ 1730833.466917101759464, 10718242.212579220533371 ], [ 1730944.878788450499997, 10718270.716789243742824 ], [ 1730990.732702227542177, 10718091.489424124360085 ] ] ] } },
{ "type": "Feature", "properties": { "prop_id": 23219.0, "lot": "032", "block": "009", "subdivision": "GREEN TREE NORTH", "legal_desc": "BLK: 009, LOT: 032, ADDN: GREEN TREE NORTH, SEC 8" }, "geometry": { "type": "Polygon", "coordinates": [ [ [ 1727051.649334358051419, 10718255.970534106716514 ], [ 1727061.569262705976143, 10718217.22060439735651 ], [ 1726974.865021519362926, 10718116.263769760727882 ], [ 1726967.891609136248007, 10718121.279508819803596 ], [ 1726960.162948943907395, 10718125.02818987891078 ], [ 1726951.906402185326442, 10718127.39826450869441 ], [ 1726943.366391716292128, 10718128.320507185533643 ], [ 1726934.7942288457416, 10718127.76735881716013 ], [ 1726906.210950625827536, 10718239.415778283029795 ], [ 1727027.312108821934089, 10718270.389799846336246 ], [ 1727051.649334358051419, 10718255.970534106716514 ] ] ] } },
{ "type": "Feature", "properties": { "prop_id": 22977.0, "lot": "035", "block": "002", "subdivision": "GREEN TREE NORTH", "legal_desc": "BLK: 002, LOT: 035, ADDN: GREEN TREE NORTH" }, "geometry": { "type": "Polygon", "coordinates": [ [ [ 1730743.804678271990269, 10718219.273647125810385 ], [ 1730720.724662643391639, 10718039.801533758640289 ], [ 1730701.407440989743918, 10718044.96162985265255 ], [ 1730682.846451400546357, 10718052.396656204015017 ], [ 1730665.308753974968567, 10718061.999329490587115 ], [ 1730574.679655603133142, 10718118.667864006012678 ], [ 1730667.51183968805708, 10718267.015688275918365 ], [ 1730743.804678271990269, 10718219.273647125810385 ] ] ] } },
{ "type": "Feature", "properties": { "prop_id": 23202.0, "lot": "015", "block": "009", "subdivision": "GREEN TREE NORTH", "legal_desc": "BLK: 009, LOT: 015, ADDN: GREEN TREE NORTH, SEC 7" }, "geometry": { "type": "Polygon", "coordinates": [ [ [ 1727760.277306303847581, 10718189.490648467093706 ], [ 1727634.331012523034588, 10718157.277784170582891 ], [ 1727621.92913356795907, 10718205.722578143700957 ], [ 1727626.047892640111968, 10718211.689758755266666 ], [ 1727629.260157198179513, 10718218.190403010696173 ], [ 1727631.498342506354675, 10718225.08704393915832 ], [ 1727632.715203862404451, 10718232.234996750950813 ], [ 1727632.885151246096939, 10718239.483671206980944 ], [ 1727740.436137213138863, 10718266.99182017147541 ], [ 1727760.277306303847581, 10718189.490648467093706 ] ] ] } },
{ "type": "Feature", "properties": { "prop_id": 23214.0, "lot": "027", "block": "009", "subdivision": "GREEN TREE NORTH", "legal_desc": "BLK: 009, LOT: 027, ADDN: GREEN TREE NORTH, SEC 7" }, "geometry": { "type": "Polygon", "coordinates": [ [ [ 1727208.867221547523513, 10718182.380768725648522 ], [ 1727205.684156434377655, 10718175.68458679318428 ], [ 1727203.526351832784712, 10718168.5910958442837 ], [ 1727202.441379668656737, 10718161.256463568657637 ], [ 1727202.452862355858088, 10718153.84243506193161 ], [ 1727203.560471811331809, 10718146.511083547025919 ], [ 1727205.739929531235248, 10718139.424482205882668 ], [ 1727108.49929231684655, 10718114.553795326501131 ], [ 1727071.02495536999777, 10718260.926889361813664 ], [ 1727208.867221547523513, 10718182.380768725648522 ] ] ] } },
{ "type": "Feature", "properties": { "prop_id": 23020.0, "lot": "039", "block": "003", "subdivision": "GREEN TREE NORTH", "legal_desc": "BLK: 003, LOT: 039, ADDN: GREEN TREE NORTH" }, "geometry": { "type": "Polygon", "coordinates": [ [ [ 1728328.590245366794989, 10718131.279780549928546 ], [ 1728226.243317578453571, 10718078.749367333948612 ], [ 1728160.581366872880608, 10718199.08674837462604 ], [ 1728261.53229990019463, 10718254.172603216022253 ], [ 1728328.590245366794989, 10718131.279780549928546 ] ] ] } },
{ "type": "Feature", "properties": { "prop_id": 23033.0, "lot": "052", "block": "003", "subdivision": "GREEN TREE NORTH", "legal_desc": "BLK: 003, LOT: 052, ADDN: GREEN TREE NORTH" }, "geometry": { "type": "Polygon", "coordinates": [ [ [ 1729458.697764732642099, 10718092.000620974227786 ], [ 1729413.792333850637078, 10718058.390775308012962 ], [ 1729367.424307179404423, 10718026.828826243057847 ], [ 1729345.866603317437693, 10718013.91349602304399 ], [ 1729323.871564403641969, 10718001.758663164451718 ], [ 1729241.55839862418361, 10718167.345634182915092 ], [ 1729340.854479620233178, 10718239.787756636738777 ], [ 1729345.288526816060767, 10718243.022658789530396 ], [ 1729458.697764732642099, 10718092.000620974227786 ] ] ] } },
{ "type": "Feature", "properties": { "prop_id": 22978.0, "lot": "036", "block": "002", "subdivision": "GREEN TREE NORTH", "legal_desc": "BLK: 002, LOT: 036, ADDN: GREEN TREE NORTH" }, "geometry": { "type": "Polygon", "coordinates": [ [ [ 1730879.320831241318956, 10718062.985542183741927 ], [ 1730790.49651720514521, 10718040.355008486658335 ], [ 1730773.171417659847066, 10718037.469843598082662 ], [ 1730755.639625323936343, 10718036.411775134503841 ], [ 1730738.093397467164323, 10718037.191629853099585 ], [ 1730720.724662643391639, 10718039.801533758640289 ], [ 1730743.804678271990269, 10718219.273647125810385 ], [ 1730833.466917101759464, 10718242.212579220533371 ], [ 1730879.320831241318956, 10718062.985542183741927 ] ] ] } },
{ "type": "Feature", "properties": { "prop_id": 23220.0, "lot": "033", "block": "009", "subdivision": "GREEN TREE NORTH", "legal_desc": "BLK: 009, LOT: 033, ADDN: GREEN TREE NORTH, SEC 8" }, "geometry": { "type": "Polygon", "coordinates": [ [ [ 1726925.107238472439349, 10718125.28672057390213 ], [ 1726918.240124911302701, 10718122.168288134038448 ], [ 1726911.9202544267755, 10718118.052810225635767 ], [ 1726906.290999515214935, 10718113.033134520053864 ], [ 1726901.480968807358295, 10718107.224090060219169 ], [ 1726897.599742168327793, 10718100.75756655447185 ], [ 1726894.734917776659131, 10718093.780873287469149 ], [ 1726773.406071563716978, 10718133.194846890866756 ], [ 1726761.005176883889362, 10718181.632751137018204 ], [ 1726775.421161844627932, 10718205.96374318189919 ], [ 1726896.522976083215326, 10718236.937764706090093 ], [ 1726925.107238472439349, 10718125.28672057390213 ] ] ] } },
{ "type": "Feature", "properties": { "prop_id": 23200.0, "lot": "013", "block": "009", "subdivision": "GREEN TREE NORTH", "legal_desc": "BLK: 009, LOT: 013, ADDN: GREEN TREE NORTH, SEC 7" }, "geometry": { "type": "Polygon", "coordinates": [ [ [ 1727913.03818290005438, 10718197.600865613669157 ], [ 1727918.522096241591498, 10718178.478196889162064 ], [ 1727925.097215100191534, 10718159.702640375122428 ], [ 1727919.434167337836698, 10718146.934619147330523 ], [ 1727878.389622094342485, 10718133.104921104386449 ], [ 1727836.707283133873716, 10718121.335586722940207 ], [ 1727800.726377174956724, 10718112.136785602197051 ], [ 1727779.653255424695089, 10718194.446675619110465 ], [ 1727905.599220962263644, 10718226.660852272063494 ], [ 1727913.03818290005438, 10718197.600865613669157 ] ] ] } },
{ "type": "Feature", "properties": { "prop_id": 23218.0, "lot": "031", "block": "009", "subdivision": "GREEN TREE NORTH", "legal_desc": "BLK: 009, LOT: 031, ADDN: GREEN TREE NORTH, SEC 8" }, "geometry": { "type": "Polygon", "coordinates": [ [ [ 1727097.530151207698509, 10718076.75793276168406 ], [ 1726981.271832215134054, 10718047.022753935307264 ], [ 1726986.028057273244485, 10718054.107714675366879 ], [ 1726989.510662733344361, 10718061.898054696619511 ], [ 1726991.617286490043625, 10718070.16706844419241 ], [ 1726992.287560969591141, 10718078.673942724242806 ], [ 1726991.501473492011428, 10718087.170974489301443 ], [ 1726989.281661311164498, 10718095.410788962617517 ], [ 1726985.693413657136261, 10718103.152900908142328 ], [ 1726980.840732368640602, 10718110.171917136758566 ], [ 1726974.865021519362926, 10718116.263769760727882 ], [ 1727061.569262705976143, 10718217.22060439735651 ], [ 1727097.530151207698509, 10718076.75793276168406 ] ] ] } },
{ "type": "Feature", "properties": { "prop_id": 23207.0, "lot": "020", "block": "009", "subdivision": "GREEN TREE NORTH", "legal_desc": "BLK: 009, LOT: 020, ADDN: GREEN TREE NORTH, SEC 7" }, "geometry": { "type": "Polygon", "coordinates": [ [ [ 1727563.803254795493558, 10718190.841701390221715 ], [ 1727576.202837133780122, 10718142.410686902701855 ], [ 1727450.257199529791251, 10718110.196838308125734 ], [ 1727430.416358620859683, 10718187.697681974619627 ], [ 1727537.962095133494586, 10718215.204846680164337 ], [ 1727541.594306419603527, 10718208.924346204847097 ], [ 1727546.097250643419102, 10718203.235708164051175 ], [ 1727551.376440292689949, 10718198.258682940155268 ], [ 1727557.319999163271859, 10718194.09825730137527 ], [ 1727563.803254795493558, 10718190.841701390221715 ] ] ] } },
{ "type": "Feature", "properties": { "prop_id": 23106.0, "lot": "005", "block": "006", "subdivision": "GREEN TREE NORTH", "legal_desc": "BLK: 006, LOT: 005 W.33 & ALL OF, ADDN: GREEN TREE NORTH, LOT 6" }, "geometry": { "type": "Polygon", "coordinates": [ [ [ 1730355.079663218697533, 10718161.902371440082788 ], [ 1730383.107827016618103, 10718144.343675604090095 ], [ 1730282.048951440257952, 10717983.454535810276866 ], [ 1730254.214685044949874, 10718000.891840767115355 ], [ 1730169.469434347003698, 10718053.979672964662313 ], [ 1730270.337693193694577, 10718214.995781047269702 ], [ 1730355.079663218697533, 10718161.902371440082788 ] ] ] } },
{ "type": "Feature", "properties": { "prop_id": 450.0, "lot": "", "block": "X", "subdivision": "HILLIARD", "legal_desc": "SEC: 8, SURV: H P HILLIARD, BLK: X, ABST: 17" }, "geometry": { "type": "Polygon", "coordinates": [ [ [ 1737508.931764515116811, 10717468.53532393462956 ], [ 1736693.479521623114124, 10717874.137298233807087 ], [ 1733066.450016031740233, 10716944.027545396238565 ], [ 1732760.76520135672763, 10716793.222382456064224 ], [ 1732728.449315137928352, 10716778.757842782884836 ], [ 1732695.227262555621564, 10716766.517052350565791 ], [ 1732661.251930441940203, 10716756.556441536173224 ], [ 1732322.073084214003757, 10716669.634365292266011 ], [ 1732300.43106224713847, 10716633.360481837764382 ], [ 1732231.271746608661488, 10716894.412501685321331 ], [ 1732241.026650072308257, 10716896.952523037791252 ], [ 1737324.438354743644595, 10718203.077626306563616 ], [ 1737508.931764515116811, 10717468.53532393462956 ] ] ] } },
{ "type": "Feature", "properties": { "prop_id": 23019.0, "lot": "038", "block": "003", "subdivision": "GREEN TREE NORTH", "legal_desc": "BLK: 003, LOT: 038, ADDN: GREEN TREE NORTH" }, "geometry": { "type": "Polygon", "coordinates": [ [ [ 1728226.243317578453571, 10718078.749367333948612 ], [ 1728122.873097483301535, 10718025.695661079138517 ], [ 1728059.612389361253008, 10718144.037638876587152 ], [ 1728160.581366872880608, 10718199.08674837462604 ], [ 1728226.243317578453571, 10718078.749367333948612 ] ] ] } },
{ "type": "Feature", "properties": { "prop_id": 23225.0, "lot": "038", "block": "009", "subdivision": "GREEN TREE NORTH", "legal_desc": "BLK: 009, LOT: 038, ADDN: GREEN TREE NORTH, SEC 8" }, "geometry": { "type": "Polygon", "coordinates": [ [ [ 1726741.628899725154042, 10718176.676723996177316 ], [ 1726751.549156304914504, 10718137.926794283092022 ], [ 1726664.844915006542578, 10718036.969959609210491 ], [ 1726657.871502884430811, 10718041.985698699951172 ], [ 1726650.142842256696895, 10718045.734051676467061 ], [ 1726641.886295958654955, 10718048.104454403743148 ], [ 1726633.346285168081522, 10718049.026697043329477 ], [ 1726624.774122371571139, 10718048.473548715934157 ], [ 1726596.191172358579934, 10718160.121640080586076 ], [ 1726717.292330457130447, 10718191.09598970785737 ], [ 1726741.628899725154042, 10718176.676723996177316 ] ] ] } },
{ "type": "Feature", "properties": { "prop_id": 23201.0, "lot": "014", "block": "009", "subdivision": "GREEN TREE NORTH", "legal_desc": "BLK: 009, LOT: 014, ADDN: GREEN TREE NORTH, SEC 7" }, "geometry": { "type": "Polygon", "coordinates": [ [ [ 1727781.349116029683501, 10718107.182726927101612 ], [ 1727665.089156462810934, 10718077.458702957257628 ], [ 1727652.92021546792239, 10718084.668663945049047 ], [ 1727634.331012523034588, 10718157.277784170582891 ], [ 1727760.277306303847581, 10718189.490648467093706 ], [ 1727781.349116029683501, 10718107.182726927101612 ] ] ] } },
{ "type": "Feature", "properties": { "prop_id": 58173.0, "lot": "COMMON", "block": "006", "subdivision": "GREEN TREE NORTH", "legal_desc": "BLK: 006, LOT: COMMON AREA A, ADDN: GREEN TREE NORTH, SEC 12" }, "geometry": { "type": "Polygon", "coordinates": [ [ [ 1731734.724787061335519, 10718169.147070281207561 ], [ 1731823.676714917644858, 10717823.644088199362159 ], [ 1731832.775778838433325, 10717795.067368324846029 ], [ 1731829.735102216247469, 10717794.291779289022088 ], [ 1731820.914908882929012, 10717822.328145749866962 ], [ 1731818.391948013100773, 10717831.9153987262398 ], [ 1731738.841248580720276, 10718140.887279072776437 ], [ 1731735.358315642457455, 10718154.416454028338194 ], [ 1731689.050001860363409, 10718181.825854204595089 ], [ 1731687.222249426180497, 10718182.907873287796974 ], [ 1731704.265853626653552, 10718187.225778317078948 ], [ 1731708.573260443285108, 10718187.925251992419362 ], [ 1731712.936769382562488, 10718187.86750921048224 ], [ 1731717.224163403967395, 10718187.0548465102911 ], [ 1731721.305848725372925, 10718185.511542145162821 ], [ 1731725.058138240361586, 10718183.284183876588941 ], [ 1731728.36817173473537, 10718180.4403569214046 ], [ 1731731.135226967046037, 10718177.066019173711538 ], [ 1731733.275642664171755, 10718173.263204529881477 ], [ 1731734.724787061335519, 10718169.147070281207561 ] ] ] } },
{ "type": "Feature", "properties": { "prop_id": 105964.0, "lot": "COMMON", "block": "006", "subdivision": "GREEN TREE NORTH", "legal_desc": "BLK: 006, LOT: COMMON AREA B, ADDN: GREEN TREE NORTH, SEC 16 (CORRECTED)" }, "geometry": { "type": "Polygon", "coordinates": [ [ [ 1731689.050001860363409, 10718181.825854204595089 ], [ 1731613.654469563392922, 10718162.593935966491699 ], [ 1731574.623700531432405, 10718152.637918468564749 ], [ 1731574.248701125849038, 10718154.090343641117215 ], [ 1731687.222249426180497, 10718182.907873287796974 ], [ 1731689.050001860363409, 10718181.825854204595089 ] ] ] } },
{ "type": "Feature", "properties": { "prop_id": 105966.0, "lot": "COMMON", "block": "006", "subdivision": "GREEN TREE NORTH", "legal_desc": "BLK: 006, LOT: COMMON AREA D, ADDN: GREEN TREE NORTH, SEC 16 (CORRECTED)" }, "geometry": { "type": "Polygon", "coordinates": [ [ [ 1731735.358315642457455, 10718154.416454028338194 ], [ 1731738.841248580720276, 10718140.887279072776437 ], [ 1731691.513251624070108, 10718168.346547972410917 ], [ 1731630.275830005062744, 10718152.726171350106597 ], [ 1731613.654469563392922, 10718162.593935966491699 ], [ 1731689.050001860363409, 10718181.825854204595089 ], [ 1731735.358315642457455, 10718154.416454028338194 ] ] ] } },
{ "type": "Feature", "properties": { "prop_id": 23034.0, "lot": "053", "block": "003", "subdivision": "GREEN TREE NORTH", "legal_desc": "BLK: 003, LOT: 053, ADDN: GREEN TREE NORTH" }, "geometry": { "type": "Polygon", "coordinates": [ [ [ 1729323.871564403641969, 10718001.758663164451718 ], [ 1729290.188882466172799, 10717985.043143363669515 ], [ 1729255.68894489039667, 10717970.087134832516313 ], [ 1729220.463614998850971, 10717956.930663714185357 ], [ 1729171.281289316248149, 10717940.045853335410357 ], [ 1729148.101544384844601, 10718038.698561429977417 ], [ 1729099.078341878717765, 10718109.382817247882485 ], [ 1729241.55839862418361, 10718167.345634182915092 ], [ 1729323.871564403641969, 10718001.758663164451718 ] ] ] } },
{ "type": "Feature", "properties": { "prop_id": 23226.0, "lot": "039", "block": "009", "subdivision": "GREEN TREE NORTH", "legal_desc": "BLK: 009, LOT: 039 & N .12 AC, ADDN: GREEN TREE NORTH, SEC 8, OF LOT 40" }, "geometry": { "type": "Polygon", "coordinates": [ [ [ 1726615.087131977314129, 10718045.992582369595766 ], [ 1726607.515295305522159, 10718042.437799021601677 ], [ 1726600.637026933254674, 10718037.677309218794107 ], [ 1726594.642614947399125, 10718031.843330498784781 ], [ 1726589.697414016118273, 10718025.096623765304685 ], [ 1726585.938562247436494, 10718017.623868443071842 ], [ 1726583.469406547257677, 10718009.631757097318769 ], [ 1726582.358843969879672, 10718001.341089835390449 ], [ 1726582.637058350490406, 10717992.980868810787797 ], [ 1726479.111984453629702, 10717992.470702044665813 ], [ 1726460.904998642392457, 10718063.588683251291513 ], [ 1726450.985070289578289, 10718102.338612951338291 ], [ 1726465.401055371854454, 10718126.669933032244444 ], [ 1726586.501885366160423, 10718157.643626503646374 ], [ 1726615.087131977314129, 10718045.992582369595766 ] ] ] } },
{ "type": "Feature", "properties": { "prop_id": 23093.0, "lot": "014", "block": "005", "subdivision": "GREEN TREE NORTH", "legal_desc": "BLK: 005, LOT: 014, ADDN: GREEN TREE NORTH" }, "geometry": { "type": "Polygon", "coordinates": [ [ [ 1729714.922689743572846, 10718030.328153947368264 ], [ 1729726.240253028227016, 10717978.919126532971859 ], [ 1729741.290420584147796, 10717910.556061694398522 ], [ 1729743.440350704127923, 10717900.790003310889006 ], [ 1729642.683315471746027, 10717871.99937616661191 ], [ 1729637.834571245359257, 10717870.325822904706001 ], [ 1729498.166523548541591, 10718051.076809912919998 ], [ 1729638.57867214945145, 10718152.919468235224485 ], [ 1729643.865079699549824, 10718144.430966475978494 ], [ 1729714.922689743572846, 10718030.328153947368264 ] ] ] } },
{ "type": "Feature", "properties": { "prop_id": 23210.0, "lot": "023", "block": "009", "subdivision": "GREEN TREE NORTH", "legal_desc": "BLK: 009, LOT: 023, ADDN: GREEN TREE NORTH, SEC 7" }, "geometry": { "type": "Polygon", "coordinates": [ [ [ 1727444.046251507475972, 10718053.849500210955739 ], [ 1727316.459212663350627, 10718021.216689206659794 ], [ 1727314.285332468803972, 10718034.804591031745076 ], [ 1727311.283041882095858, 10718048.23370048776269 ], [ 1727293.29095067223534, 10718118.510803949087858 ], [ 1727419.256273011676967, 10718150.728589488193393 ], [ 1727444.046251507475972, 10718053.849500210955739 ] ] ] } },
{ "type": "Feature", "properties": { "prop_id": 105962.0, "lot": "40A", "block": "006", "subdivision": "GREEN TREE NORTH", "legal_desc": "BLK: 006, LOT: 40A, ADDN: GREEN TREE NORTH, SEC 18" }, "geometry": { "type": "Polygon", "coordinates": [ [ [ 1731721.494823039742187, 10718127.828904420137405 ], [ 1731742.921618949156255, 10718044.871705872938037 ], [ 1731611.242724126204848, 10718010.860944712534547 ], [ 1731579.62533104326576, 10718133.273780357092619 ], [ 1731610.632492729229853, 10718141.183213893324137 ], [ 1731627.254181194351986, 10718131.314793113619089 ], [ 1731688.541471504140645, 10718146.947965005412698 ], [ 1731721.494823039742187, 10718127.828904420137405 ] ] ] } },
{ "type": "Feature", "properties": { "prop_id": 23105.0, "lot": "004", "block": "006", "subdivision": "GREEN TREE NORTH", "legal_desc": "BLK: 006, LOT: 004 W.66 & LOT 5, ADDN: GREEN TREE NORTH, LESS W.33" }, "geometry": { "type": "Polygon", "coordinates": [ [ [ 1730439.73305068933405, 10718108.879171663895249 ], [ 1730495.732619761722162, 10718073.787698606029153 ], [ 1730394.821709847543389, 10717912.807679694145918 ], [ 1730338.958951643668115, 10717947.802696272730827 ], [ 1730282.048951440257952, 10717983.454535810276866 ], [ 1730383.107827016618103, 10718144.343675604090095 ], [ 1730439.73305068933405, 10718108.879171663895249 ] ] ] } },
{ "type": "Feature", "properties": { "prop_id": 23018.0, "lot": "037", "block": "003", "subdivision": "GREEN TREE NORTH", "legal_desc": "BLK: 003, LOT: 037, ADDN: GREEN TREE NORTH" }, "geometry": { "type": "Polygon", "coordinates": [ [ [ 1728122.873097483301535, 10718025.695661079138517 ], [ 1728006.710249745519832, 10717966.074709931388497 ], [ 1727956.26940064295195, 10718096.671914398670197 ], [ 1727991.331672903383151, 10718111.095771677792072 ], [ 1728025.797161904396489, 10718126.892657935619354 ], [ 1728059.612389361253008, 10718144.037638876587152 ], [ 1728122.873097483301535, 10718025.695661079138517 ] ] ] } },
{ "type": "Feature", "properties": { "prop_id": 23208.0, "lot": "021", "block": "009", "subdivision": "GREEN TREE NORTH", "legal_desc": "BLK: 009, LOT: 021, ADDN: GREEN TREE NORTH, SEC 7" }, "geometry": { "type": "Polygon", "coordinates": [ [ [ 1727594.790071547031403, 10718069.806815959513187 ], [ 1727587.582079299492761, 10718057.64246828854084 ], [ 1727574.820291230920702, 10718054.3793512172997 ], [ 1727553.59624836826697, 10718047.840977886691689 ], [ 1727533.100550632691011, 10718039.288500601425767 ], [ 1727513.524142413865775, 10718028.80131552554667 ], [ 1727495.049110293854028, 10718016.477191502228379 ], [ 1727477.847369511146098, 10718002.430629650130868 ], [ 1727450.257199529791251, 10718110.196838308125734 ], [ 1727576.202837133780122, 10718142.410686902701855 ], [ 1727594.790071547031403, 10718069.806815959513187 ] ] ] } },
{ "type": "Feature", "properties": { "prop_id": 105965.0, "lot": "COMMON", "block": "006", "subdivision": "GREEN TREE NORTH", "legal_desc": "BLK: 006, LOT: COMMON AREA C, ADDN: GREEN TREE NORTH, SEC 16 (CORRECTED)" }, "geometry": { "type": "Polygon", "coordinates": [ [ [ 1731521.330161934252828, 10718139.044112682342529 ], [ 1731370.395396422594786, 10718100.543530898168683 ], [ 1731370.033192628761753, 10718101.998908821493387 ], [ 1731520.954834583215415, 10718140.496537877246737 ], [ 1731521.330161934252828, 10718139.044112682342529 ] ] ] } },
{ "type": "Feature", "properties": { "prop_id": 23215.0, "lot": "028", "block": "009", "subdivision": "GREEN TREE NORTH", "legal_desc": "BLK: 009, LOT: 028, ADDN: GREEN TREE NORTH, SEC 7" }, "geometry": { "type": "Polygon", "coordinates": [ [ [ 1727233.167044094065204, 10718111.435359235852957 ], [ 1727245.836967265233397, 10718061.944635398685932 ], [ 1727129.580288349185139, 10718032.209784653037786 ], [ 1727108.49929231684655, 10718114.553795326501131 ], [ 1727205.739929531235248, 10718139.424482205882668 ], [ 1727209.26190475281328, 10718132.191883755847812 ], [ 1727213.898050961550325, 10718125.617748625576496 ], [ 1727219.528617924079299, 10718119.872024022042751 ], [ 1727226.007280399324372, 10718115.103331748396158 ], [ 1727233.167044094065204, 10718111.435359235852957 ] ] ] } },
{ "type": "Feature", "properties": { "prop_id": 23224.0, "lot": "037", "block": "009", "subdivision": "GREEN TREE NORTH", "legal_desc": "BLK: 009, LOT: 037, ADDN: GREEN TREE NORTH, SEC 8" }, "geometry": { "type": "Polygon", "coordinates": [ [ [ 1726787.510044683469459, 10717997.463794525712729 ], [ 1726671.252053562784567, 10717967.728615770116448 ], [ 1726676.008606987772509, 10717974.813576448708773 ], [ 1726679.490884088678285, 10717982.60391652956605 ], [ 1726681.597836017608643, 10717990.873258328065276 ], [ 1726682.267782462062314, 10717999.380132589489222 ], [ 1726681.481694942340255, 10718007.877164391800761 ], [ 1726679.261882909573615, 10718016.116978814825416 ], [ 1726675.673307005316019, 10718023.859090810641646 ], [ 1726670.820625801337883, 10718030.878107031807303 ], [ 1726664.844915006542578, 10718036.969959609210491 ], [ 1726751.549156304914504, 10718137.926794283092022 ], [ 1726787.510044683469459, 10717997.463794525712729 ] ] ] } },
{ "type": "Feature", "properties": { "prop_id": 23221.0, "lot": "034", "block": "009", "subdivision": "GREEN TREE NORTH", "legal_desc": "BLK: 009, LOT: 034, ADDN: GREEN TREE NORTH, SEC 8" }, "geometry": { "type": "Polygon", "coordinates": [ [ [ 1726894.734917776659131, 10718093.780873287469149 ], [ 1726892.837611097143963, 10718085.721504850313067 ], [ 1726892.296601393958554, 10718077.459708876907825 ], [ 1726893.126324038952589, 10718069.221862982958555 ], [ 1726895.303813462145627, 10718061.233688462525606 ], [ 1726898.769686195533723, 10718053.71434510499239 ], [ 1726903.429126285715029, 10718046.870197359472513 ], [ 1726909.153853035764769, 10718040.888580774888396 ], [ 1726915.787042888812721, 10718035.933865239843726 ], [ 1726923.147265716223046, 10718032.14154907874763 ], [ 1726806.888946746243164, 10718002.406698383390903 ], [ 1726773.406071563716978, 10718133.194846890866756 ], [ 1726894.734917776659131, 10718093.780873287469149 ] ] ] } },
{ "type": "Feature", "properties": { "prop_id": 109596.0, "lot": "042", "block": "006", "subdivision": "GREEN TREE NORTH", "legal_desc": "BLK: 006, LOT: 042, ADDN: GREEN TREE NORTH, SEC 16 (CORRECTED)" }, "geometry": { "type": "Polygon", "coordinates": [ [ [ 1731548.504978253738955, 10718033.832361320033669 ], [ 1731416.828708181390539, 10717999.824224840849638 ], [ 1731399.697835734812543, 10718066.147595316171646 ], [ 1731414.05870268587023, 10718090.510083371773362 ], [ 1731526.373131124302745, 10718119.519213739782572 ], [ 1731548.504978253738955, 10718033.832361320033669 ] ] ] } },
{ "type": "Feature", "properties": { "prop_id": 23017.0, "lot": "036", "block": "003", "subdivision": "GREEN TREE NORTH", "legal_desc": "BLK: 003, LOT: 036, ADDN: GREEN TREE NORTH" }, "geometry": { "type": "Polygon", "coordinates": [ [ [ 1728006.710249745519832, 10717966.074709931388497 ], [ 1727877.485090401489288, 10717920.157802442088723 ], [ 1727841.56914910604246, 10718060.640815291553736 ], [ 1727867.271202420815825, 10718067.359634337946773 ], [ 1727912.13496602117084, 10718080.908164843916893 ], [ 1727956.26940064295195, 10718096.671914398670197 ], [ 1728006.710249745519832, 10717966.074709931388497 ] ] ] } },
{ "type": "Feature", "properties": { "prop_id": 23125.0, "lot": "025", "block": "006", "subdivision": "GREEN TREE NORTH", "legal_desc": "BLK: 006, LOT: 025, ADDN: GREEN TREE NORTH, SEC 10" }, "geometry": { "type": "Polygon", "coordinates": [ [ [ 1731393.039050829363987, 10717911.183638963848352 ], [ 1731216.303810250479728, 10717969.879403119906783 ], [ 1731220.718172773253173, 10717985.316382758319378 ], [ 1731223.195530672790483, 10718001.180198956280947 ], [ 1731223.698811103589833, 10718017.228069955483079 ], [ 1731222.219811555463821, 10718033.215573688969016 ], [ 1731222.041662329575047, 10718035.617144094780087 ], [ 1731222.250323694432154, 10718038.016417969018221 ], [ 1731222.840545767918229, 10718040.351387441158295 ], [ 1731223.796580624999478, 10718042.561685239896178 ], [ 1731225.094478764105588, 10718044.59055289439857 ], [ 1731226.700118904467672, 10718046.385497063398361 ], [ 1731228.57249081460759, 10718047.900258028879762 ], [ 1731230.663038120837882, 10718049.095793867483735 ], [ 1731232.917955366894603, 10718049.941264687106013 ], [ 1731350.008950191084296, 10718080.810627756640315 ], [ 1731393.039050829363987, 10717911.183638963848352 ] ] ] } },
{ "type": "Feature", "properties": { "prop_id": 23217.0, "lot": "030", "block": "009", "subdivision": "GREEN TREE NORTH", "legal_desc": "BLK: 009, LOT: 030, ADDN: GREEN TREE NORTH, SEC 8" }, "geometry": { "type": "Polygon", "coordinates": [ [ [ 1727123.154117495752871, 10717976.669531667605042 ], [ 1727095.158105625770986, 10717977.956603610888124 ], [ 1727067.153891574125737, 10717976.869664121419191 ], [ 1727039.341934135882184, 10717973.416915265843272 ], [ 1727011.922036443604156, 10717967.622635286301374 ], [ 1726999.755064095370471, 10717974.829643482342362 ], [ 1726981.271832215134054, 10718047.022753935307264 ], [ 1727097.530151207698509, 10718076.75793276168406 ], [ 1727123.154117495752871, 10717976.669531667605042 ] ] ] } },
{ "type": "Feature", "properties": { "prop_id": 23103.0, "lot": "003", "block": "006", "subdivision": "GREEN TREE NORTH", "legal_desc": "BLK: 006, LOT: 003 & E 34 OF 4, ADDN: GREEN TREE NORTH" }, "geometry": { "type": "Polygon", "coordinates": [ [ [ 1730524.437947588041425, 10718055.8057751506567 ], [ 1730609.315744081279263, 10718002.641499556601048 ], [ 1730537.041922316886485, 10717887.270320657640696 ], [ 1730508.448469181079417, 10717841.626375757157803 ], [ 1730423.703546374803409, 10717894.71453600935638 ], [ 1730394.821709847543389, 10717912.807679694145918 ], [ 1730495.732619761722162, 10718073.787698606029153 ], [ 1730524.437947588041425, 10718055.8057751506567 ] ] ] } },
{ "type": "Feature", "properties": { "prop_id": 23216.0, "lot": "029", "block": "009", "subdivision": "GREEN TREE NORTH", "legal_desc": "BLK: 009, LOT: 029, ADDN: GREEN TREE NORTH, SEC 7" }, "geometry": { "type": "Polygon", "coordinates": [ [ [ 1727253.15716308564879, 10718033.352823728695512 ], [ 1727256.8064341659192, 10718014.643868181854486 ], [ 1727258.265748420497403, 10717995.638325348496437 ], [ 1727257.515749421203509, 10717976.59177216514945 ], [ 1727254.566279099788517, 10717957.759785544127226 ], [ 1727253.934062243672088, 10717954.96057802438736 ], [ 1727241.774307227926329, 10717948.175813850015402 ], [ 1727189.096254366915673, 10717963.98845056258142 ], [ 1727166.953578184824437, 10717969.809634817764163 ], [ 1727144.461165288696066, 10717974.083905855193734 ], [ 1727129.580288349185139, 10718032.209784653037786 ], [ 1727245.836967265233397, 10718061.944635398685932 ], [ 1727253.15716308564879, 10718033.352823728695512 ] ] ] } },
{ "type": "Feature", "properties": { "prop_id": 23016.0, "lot": "035", "block": "003", "subdivision": "GREEN TREE NORTH", "legal_desc": "BLK: 003, LOT: 035, ADDN: GREEN TREE NORTH" }, "geometry": { "type": "Polygon", "coordinates": [ [ [ 1727877.485090401489288, 10717920.157802442088723 ], [ 1727756.266150676412508, 10717909.810711836442351 ], [ 1727725.304268361767754, 10718030.915807073935866 ], [ 1727841.56914910604246, 10718060.640815291553736 ], [ 1727877.485090401489288, 10717920.157802442088723 ] ] ] } },
{ "type": "Feature", "properties": { "prop_id": 23035.0, "lot": "054", "block": "003", "subdivision": "GREEN TREE NORTH", "legal_desc": "BLK: 003, LOT: 054, ADDN: GREEN TREE NORTH" }, "geometry": { "type": "Polygon", "coordinates": [ [ [ 1728951.562530758325011, 10717975.049732729792595 ], [ 1728970.464396323775873, 10717870.575841145589948 ], [ 1728928.76105968025513, 10717855.892470115795732 ], [ 1728887.711593416985124, 10717839.46960092894733 ], [ 1728847.388503776164725, 10717821.336761070415378 ], [ 1728762.182299063075334, 10718000.020821176469326 ], [ 1728910.691544642439112, 10718056.622419951483607 ], [ 1728951.562530758325011, 10717975.049732729792595 ] ] ] } },
{ "type": "Feature", "properties": { "prop_id": 23209.0, "lot": "022", "block": "009", "subdivision": "GREEN TREE NORTH", "legal_desc": "BLK: 009, LOT: 022, ADDN: GREEN TREE NORTH, SEC 7" }, "geometry": { "type": "Polygon", "coordinates": [ [ [ 1727461.399236138211563, 10717986.034990726038814 ], [ 1727447.307726108003408, 10717968.899851709604263 ], [ 1727434.932748158695176, 10717950.486499777063727 ], [ 1727424.389131631003693, 10717930.966850552707911 ], [ 1727412.950175235746428, 10717907.103705396875739 ], [ 1727399.050266035366803, 10717900.961656581610441 ], [ 1727318.395886209560558, 10717925.173885082826018 ], [ 1727311.479232521727681, 10717937.688626281917095 ], [ 1727315.66262432327494, 10717958.303089924156666 ], [ 1727317.897201023995876, 10717979.218406062573195 ], [ 1727318.16360516124405, 10718000.251176165416837 ], [ 1727316.459212663350627, 10718021.216689206659794 ], [ 1727444.046251507475972, 10718053.849500210955739 ], [ 1727461.399236138211563, 10717986.034990726038814 ] ] ] } },
{ "type": "Feature", "properties": { "prop_id": 23094.0, "lot": "015", "block": "005", "subdivision": "GREEN TREE NORTH", "legal_desc": "BLK: 005, LOT: 015, ADDN: GREEN TREE NORTH" }, "geometry": { "type": "Polygon", "coordinates": [ [ [ 1729637.834571245359257, 10717870.325822904706001 ], [ 1729635.384444359922782, 10717865.450831839814782 ], [ 1729602.703727791551501, 10717800.427657248452306 ], [ 1729387.09257262176834, 10717822.621520485728979 ], [ 1729380.949540928239003, 10717885.469503300264478 ], [ 1729380.478741702390835, 10717903.150245405733585 ], [ 1729382.507938263006508, 10717920.720423290506005 ], [ 1729386.996775453677401, 10717937.828331625089049 ], [ 1729393.855359444161877, 10717954.131123282015324 ], [ 1729402.946222559781745, 10717969.30301140062511 ], [ 1729414.087606592103839, 10717983.039862701669335 ], [ 1729427.056087223580107, 10717995.066743321716785 ], [ 1729498.166523548541591, 10718051.076809912919998 ], [ 1729637.834571245359257, 10717870.325822904706001 ] ] ] } },
{ "type": "Feature", "properties": { "prop_id": 105961.0, "lot": "39A", "block": "006", "subdivision": "GREEN TREE NORTH", "legal_desc": "BLK: 006, LOT: 39A, ADDN: GREEN TREE NORTH, SEC 18 (CORRECTED)" }, "geometry": { "type": "Polygon", "coordinates": [ [ [ 1731768.152213390916586, 10717947.187499862164259 ], [ 1731636.473318494157866, 10717913.176738733425736 ], [ 1731611.242724126204848, 10718010.860944712534547 ], [ 1731742.921618949156255, 10718044.871705872938037 ], [ 1731768.152213390916586, 10717947.187499862164259 ] ] ] } },
{ "type": "Feature", "properties": { "prop_id": 109598.0, "lot": "043", "block": "006", "subdivision": "GREEN TREE NORTH", "legal_desc": "BLK: 006, LOT: 043, ADDN: GREEN TREE NORTH, SEC 16 (CORRECTED)" }, "geometry": { "type": "Polygon", "coordinates": [ [ [ 1731567.511175175430253, 10717960.246208736672997 ], [ 1731435.835233185905963, 10717926.236103765666485 ], [ 1731416.828708181390539, 10717999.824224840849638 ], [ 1731548.504978253738955, 10718033.832361320033669 ], [ 1731567.511175175430253, 10717960.246208736672997 ] ] ] } },
{ "type": "Feature", "properties": { "prop_id": 23222.0, "lot": "035", "block": "009", "subdivision": "GREEN TREE NORTH", "legal_desc": "BLK: 009, LOT: 035, ADDN: GREEN TREE NORTH, SEC 8" }, "geometry": { "type": "Polygon", "coordinates": [ [ [ 1726941.629185338970274, 10717959.948766689747572 ], [ 1726934.421849022852257, 10717947.781794307753444 ], [ 1726827.859050449216738, 10717920.49969475902617 ], [ 1726806.888946746243164, 10718002.406698383390903 ], [ 1726923.147265716223046, 10718032.14154907874763 ], [ 1726941.629185338970274, 10717959.948766689747572 ] ] ] } },
{ "type": "Feature", "properties": { "prop_id": 23015.0, "lot": "034", "block": "003", "subdivision": "GREEN TREE NORTH", "legal_desc": "BLK: 003, LOT: 034, ADDN: GREEN TREE NORTH" }, "geometry": { "type": "Polygon", "coordinates": [ [ [ 1727756.266150676412508, 10717909.810711836442351 ], [ 1727631.877269065473229, 10717878.007623620331287 ], [ 1727561.41020897962153, 10717986.287612119689584 ], [ 1727575.330459287622944, 10717991.891276022419333 ], [ 1727589.690997418249026, 10717996.245598437264562 ], [ 1727725.304268361767754, 10718030.915807073935866 ], [ 1727756.266150676412508, 10717909.810711836442351 ] ] ] } },
{ "type": "Feature", "properties": { "prop_id": 23124.0, "lot": "024", "block": "006", "subdivision": "GREEN TREE NORTH", "legal_desc": "BLK: 006, LOT: 024, ADDN: GREEN TREE NORTH, SEC 10" }, "geometry": { "type": "Polygon", "coordinates": [ [ [ 1731168.735984697705135, 10718011.393764518201351 ], [ 1731167.398388262139633, 10717999.045033771544695 ], [ 1731164.041110639460385, 10717987.086722319945693 ], [ 1731158.756014946149662, 10717975.846257377415895 ], [ 1731151.688442309387028, 10717965.632365442812443 ], [ 1731143.031633573118597, 10717956.72490157186985 ], [ 1731133.023777608526871, 10717949.368616066873074 ], [ 1731059.259803174296394, 10717903.85557765327394 ], [ 1731030.998043389525265, 10717888.308690752834082 ], [ 1730976.542760777752846, 10717849.895376434549689 ], [ 1730945.052664168877527, 10717974.05263146199286 ], [ 1731149.699930456699803, 10718028.002330638468266 ], [ 1731152.144151793560013, 10718028.466240463778377 ], [ 1731154.631023898022249, 10718028.523654963821173 ], [ 1731157.093946106731892, 10718028.172605691477656 ], [ 1731159.466317049693316, 10718027.42326313816011 ], [ 1731161.683504508808255, 10718026.295312395319343 ], [ 1731163.686125496868044, 10718024.819265155121684 ], [ 1731165.420046113664284, 10718023.035147612914443 ], [ 1731166.83802244393155, 10718020.991188060492277 ], [ 1731167.902325117727742, 10718018.74283255636692 ], [ 1731168.5837542405352, 10718016.35012031532824 ], [ 1731168.864265478448942, 10718013.878340058028698 ], [ 1731168.735984697705135, 10718011.393764518201351 ] ] ] } },
{ "type": "Feature", "properties": { "prop_id": 23121.0, "lot": "021", "block": "006", "subdivision": "GREEN TREE NORTH", "legal_desc": "BLK: 006, LOT: 021, ADDN: GREEN TREE NORTH, SEC 10" }, "geometry": { "type": "Polygon", "coordinates": [ [ [ 1730619.484688591444865, 10717996.272416403517127 ], [ 1730641.333729824284092, 10717983.098555291071534 ], [ 1730664.176207524025813, 10717971.734402084723115 ], [ 1730687.862515885382891, 10717962.253775643184781 ], [ 1730712.237799106165767, 10717954.719011791050434 ], [ 1730721.093754194676876, 10717952.515603482723236 ], [ 1730693.92286862526089, 10717835.686748802661896 ], [ 1730671.939969114493579, 10717841.354061935096979 ], [ 1730650.309759563067928, 10717848.246438438072801 ], [ 1730537.041922316886485, 10717887.270320657640696 ], [ 1730609.315744081279263, 10718002.641499556601048 ], [ 1730619.484688591444865, 10717996.272416403517127 ] ] ] } },
{ "type": "Feature", "properties": { "prop_id": 23036.0, "lot": "055", "block": "003", "subdivision": "GREEN TREE NORTH", "legal_desc": "BLK: 003, LOT: 055, ADDN: GREEN TREE NORTH" }, "geometry": { "type": "Polygon", "coordinates": [ [ [ 1728847.388503776164725, 10717821.336761070415378 ], [ 1728822.281265792902559, 10717808.944723965600133 ], [ 1728705.167304071830586, 10717749.232565697282553 ], [ 1728609.963414770085365, 10717942.004855008795857 ], [ 1728762.182299063075334, 10718000.020821176469326 ], [ 1728847.388503776164725, 10717821.336761070415378 ] ] ] } },
{ "type": "Feature", "properties": { "prop_id": 23223.0, "lot": "036", "block": "009", "subdivision": "GREEN TREE NORTH", "legal_desc": "BLK: 009, LOT: 036, ADDN: GREEN TREE NORTH, SEC 8" }, "geometry": { "type": "Polygon", "coordinates": [ [ [ 1726808.483101251069456, 10717915.539730571210384 ], [ 1726701.920302683720365, 10717888.257631033658981 ], [ 1726689.753002125769854, 10717895.465623496100307 ], [ 1726671.252053562784567, 10717967.728615770116448 ], [ 1726787.510044683469459, 10717997.463794525712729 ], [ 1726808.483101251069456, 10717915.539730571210384 ] ] ] } },
{ "type": "Feature", "properties": { "prop_id": 23228.0, "lot": "041", "block": "009", "subdivision": "GREEN TREE NORTH", "legal_desc": "BLK: 009, LOT: 041 & 040, ADDN: GREEN TREE NORTH, SEC 8" }, "geometry": { "type": "Polygon", "coordinates": [ [ [ 1726613.126831123838201, 10717952.847738986834884 ], [ 1726631.627123476006091, 10717880.584746738895774 ], [ 1726624.419787157326937, 10717868.416790083050728 ], [ 1726595.357175952056423, 10717860.976843848824501 ], [ 1726588.371624350780621, 10717865.677950927987695 ], [ 1726580.696113673504442, 10717869.139887129887938 ], [ 1726572.548818665090948, 10717871.26521155051887 ], [ 1726564.160054550971836, 10717871.99290075711906 ], [ 1726555.768337548477575, 10717871.302941596135497 ], [ 1726547.611200033454224, 10717869.214362977072597 ], [ 1726539.920597382355481, 10717865.786875993013382 ], [ 1726532.913720164680853, 10717861.117265269160271 ], [ 1726526.790043337503448, 10717855.338076511397958 ], [ 1726521.722795306239277, 10717848.613351341336966 ], [ 1726517.856004337547347, 10717841.133706269785762 ], [ 1726494.389185907319188, 10717932.799878554418683 ], [ 1726479.111984453629702, 10717992.470702044665813 ], [ 1726582.637058350490406, 10717992.980868810787797 ], [ 1726584.112121153855696, 10717985.587509544566274 ], [ 1726586.681670152582228, 10717978.49992392398417 ], [ 1726590.287962379632518, 10717971.879200987517834 ], [ 1726594.84864959330298, 10717965.875930983573198 ], [ 1726600.260384932160378, 10717960.626596549525857 ], [ 1726606.399481325643137, 10717956.250948198139668 ], [ 1726613.126831123838201, 10717952.847738986834884 ] ] ] } },
{ "type": "Feature", "properties": { "prop_id": 23090.0, "lot": "011", "block": "005", "subdivision": "GREEN TREE NORTH", "legal_desc": "BLK: 005, LOT: 011, ADDN: GREEN TREE NORTH" }, "geometry": { "type": "Polygon", "coordinates": [ [ [ 1729974.562302557285875, 10717823.135610725730658 ], [ 1729802.30966323427856, 10717807.896470094099641 ], [ 1729743.440350704127923, 10717900.790003310889006 ], [ 1729748.055827736854553, 10717902.71289992518723 ], [ 1729938.604367445688695, 10717982.104482244700193 ], [ 1729943.112561424728483, 10717983.982759568840265 ], [ 1729953.431438913801685, 10717944.285981189459562 ], [ 1729962.122038919711486, 10717904.201408302411437 ], [ 1729969.169597167288885, 10717863.795313701033592 ], [ 1729974.562302557285875, 10717823.135610725730658 ] ] ] } },
{ "type": "Feature", "properties": { "prop_id": 23014.0, "lot": "033", "block": "003", "subdivision": "GREEN TREE NORTH", "legal_desc": "BLK: 003, LOT: 033, ADDN: GREEN TREE NORTH" }, "geometry": { "type": "Polygon", "coordinates": [ [ [ 1727631.877269065473229, 10717878.007623620331287 ], [ 1727591.513166908174753, 10717793.802725652232766 ], [ 1727456.255213133757934, 10717858.638897454366088 ], [ 1727478.501893257489428, 10717905.027591845020652 ], [ 1727488.050104402704164, 10717922.298557490110397 ], [ 1727499.535976479528472, 10717938.346100112423301 ], [ 1727512.803997256793082, 10717952.954668946564198 ], [ 1727527.67601782316342, 10717965.926757754758 ], [ 1727543.951250995276496, 10717977.088154293596745 ], [ 1727561.41020897962153, 10717986.287612119689584 ], [ 1727631.877269065473229, 10717878.007623620331287 ] ] ] } },
{ "type": "Feature", "properties": { "prop_id": 23123.0, "lot": "023", "block": "006", "subdivision": "GREEN TREE NORTH", "legal_desc": "BLK: 006, LOT: 023, ADDN: GREEN TREE NORTH, SEC 10" }, "geometry": { "type": "Polygon", "coordinates": [ [ [ 1730976.542760777752846, 10717849.895376434549689 ], [ 1730880.119706316618249, 10717781.87647414766252 ], [ 1730845.213931449688971, 10717827.855393987149 ], [ 1730830.228725727647543, 10717946.690479794517159 ], [ 1730848.745752416085452, 10717949.538243120536208 ], [ 1730867.058711308985949, 10717953.491647500544786 ], [ 1730945.052664168877527, 10717974.05263146199286 ], [ 1730976.542760777752846, 10717849.895376434549689 ] ] ] } },
{ "type": "Feature", "properties": { "prop_id": 23126.0, "lot": "026", "block": "006", "subdivision": "GREEN TREE NORTH", "legal_desc": "BLK: 006, LOT: 026, ADDN: GREEN TREE NORTH, SEC 10" }, "geometry": { "type": "Polygon", "coordinates": [ [ [ 1731393.039050829363987, 10717911.183638963848352 ], [ 1731242.672851944575086, 10717805.111657904461026 ], [ 1731170.74089922150597, 10717908.513374475762248 ], [ 1731182.666074877139181, 10717918.424773385748267 ], [ 1731193.326160771073774, 10717929.685579331591725 ], [ 1731202.569910559337586, 10717942.135359538719058 ], [ 1731210.265435008797795, 10717955.597277075052261 ], [ 1731216.303810250479728, 10717969.879403119906783 ], [ 1731393.039050829363987, 10717911.183638963848352 ] ] ] } },
{ "type": "Feature", "properties": { "prop_id": 109600.0, "lot": "044", "block": "006", "subdivision": "GREEN TREE NORTH", "legal_desc": "BLK: 006, LOT: 044, ADDN: GREEN TREE NORTH, SEC 16 (CORRECTED)" }, "geometry": { "type": "Polygon", "coordinates": [ [ [ 1731583.238835201133043, 10717899.35425884462893 ], [ 1731583.797232836484909, 10717896.105905182659626 ], [ 1731583.814293131930754, 10717892.809979420155287 ], [ 1731583.290015929378569, 10717889.556048348546028 ], [ 1731582.238836535718292, 10717886.432366400957108 ], [ 1731580.688642385648564, 10717883.523579120635986 ], [ 1731455.236442335648462, 10717851.121082568541169 ], [ 1731435.835233185905963, 10717926.236103765666485 ], [ 1731567.511175175430253, 10717960.246208736672997 ], [ 1731583.238835201133043, 10717899.35425884462893 ] ] ] } },
{ "type": "Feature", "properties": { "prop_id": 23122.0, "lot": "022", "block": "006", "subdivision": "GREEN TREE NORTH", "legal_desc": "BLK: 006, LOT: 022 LESS S 665, ADDN: GREEN TREE NORTH, SEC 10" }, "geometry": { "type": "Polygon", "coordinates": [ [ [ 1730830.228725727647543, 10717946.690479794517159 ], [ 1730845.213931449688971, 10717827.855393987149 ], [ 1730815.090954478597268, 10717825.050609942525625 ], [ 1730784.843962548300624, 10717824.428564662113786 ], [ 1730754.630762927467003, 10717825.992539018392563 ], [ 1730724.609820285346359, 10717829.734330950304866 ], [ 1730694.93730257358402, 10717835.634255429729819 ], [ 1730693.92286862526089, 10717835.686748802661896 ], [ 1730721.093754194676876, 10717952.515603482723236 ], [ 1730748.078941188519821, 10717947.45786913856864 ], [ 1730775.40435046586208, 10717944.790550427511334 ], [ 1730802.858368597924709, 10717944.533988444134593 ], [ 1730830.228725727647543, 10717946.690479794517159 ] ] ] } },
{ "type": "Feature", "properties": { "prop_id": 105960.0, "lot": "38A", "block": "006", "subdivision": "GREEN TREE NORTH", "legal_desc": "BLK: 006, LOT:38A, ADDN: GREEN TREE NORTH, SEC 18" }, "geometry": { "type": "Polygon", "coordinates": [ [ [ 1731791.362470414023846, 10717857.325458193197846 ], [ 1731777.001603457378224, 10717832.962970159947872 ], [ 1731647.743636112893, 10717799.577535916119814 ], [ 1731644.660308523569256, 10717811.515834474936128 ], [ 1731651.642579487059265, 10717815.658215137198567 ], [ 1731657.862384476698935, 10717820.87572518363595 ], [ 1731663.155682178679854, 10717827.030897550284863 ], [ 1731667.383364787558094, 10717833.961659073829651 ], [ 1731670.433556525968015, 10717841.485595414415002 ], [ 1731672.225876103853807, 10717849.403559954836965 ], [ 1731672.71340840542689, 10717857.507219687104225 ], [ 1731671.883029622491449, 10717865.583320485427976 ], [ 1731669.756393159506842, 10717873.418280033394694 ], [ 1731666.390257681952789, 10717880.805733870714903 ], [ 1731661.872549547115341, 10717887.551128562539816 ], [ 1731656.323019413277507, 10717893.476642837747931 ], [ 1731648.684253968065605, 10717898.957276124507189 ], [ 1731642.011365978745744, 10717905.579639565199614 ], [ 1731636.473318494157866, 10717913.176738733425736 ], [ 1731768.152213390916586, 10717947.187499862164259 ], [ 1731791.362470414023846, 10717857.325458193197846 ] ] ] } },
{ "type": "Feature", "properties": { "prop_id": 23037.0, "lot": "056", "block": "003", "subdivision": "GREEN TREE NORTH", "legal_desc": "BLK: 003, LOT: 056, ADDN: GREEN TREE NORTH" }, "geometry": { "type": "Polygon", "coordinates": [ [ [ 1728705.167304071830586, 10717749.232565697282553 ], [ 1728685.120752373244613, 10717739.609224187210202 ], [ 1728650.423308867961168, 10717724.263452593237162 ], [ 1728615.150406667497009, 10717710.292022321373224 ], [ 1728579.355852274224162, 10717697.715930765494704 ], [ 1728543.095419317251071, 10717686.554862877354026 ], [ 1728478.851120168343186, 10717910.518695548176765 ], [ 1728609.963414770085365, 10717942.004855008795857 ], [ 1728705.167304071830586, 10717749.232565697282553 ] ] ] } },
{ "type": "Feature", "properties": { "prop_id": 23180.0, "lot": "022", "block": "008", "subdivision": "GREEN TREE NORTH", "legal_desc": "BLK: 008, LOT: 022, ADDN: GREEN TREE NORTH, SEC 7" }, "geometry": { "type": "Polygon", "coordinates": [ [ [ 1727186.212071507470682, 10717902.209691790863872 ], [ 1727151.421121173305437, 10717786.319812007248402 ], [ 1727095.307050694944337, 10717803.164599172770977 ], [ 1727088.525238829432055, 10717801.428710142150521 ], [ 1727059.26414051791653, 10717915.725746855139732 ], [ 1727084.936665759654716, 10717917.752645308151841 ], [ 1727110.68694683839567, 10717917.401267264038324 ], [ 1727136.294839786365628, 10717914.674893587827682 ], [ 1727161.541512752417475, 10717909.596490064635873 ], [ 1727186.212071507470682, 10717902.209691790863872 ] ] ] } },
{ "type": "Feature", "properties": { "prop_id": 23181.0, "lot": "023", "block": "008", "subdivision": "GREEN TREE NORTH", "legal_desc": "BLK: 008, LOT: 023, ADDN: GREEN TREE NORTH, SEC 7" }, "geometry": { "type": "Polygon", "coordinates": [ [ [ 1727088.525238829432055, 10717801.428710142150521 ], [ 1727001.33707691449672, 10717779.107887094840407 ], [ 1726971.575979493092746, 10717895.357676157727838 ], [ 1727028.72318525868468, 10717909.980679413303733 ], [ 1727043.912462197709829, 10717913.285134943202138 ], [ 1727059.26414051791653, 10717915.725746855139732 ], [ 1727088.525238829432055, 10717801.428710142150521 ] ] ] } },
{ "type": "Feature", "properties": { "prop_id": 23059.0, "lot": "001", "block": "004", "subdivision": "GREEN TREE NORTH", "legal_desc": "BLK: 004, LOT: 001 N.108.89, ADDN: GREEN TREE NORTH" }, "geometry": { "type": "Polygon", "coordinates": [ [ [ 1729320.239678165875375, 10717891.968837002292275 ], [ 1729331.728498676326126, 10717768.32864193059504 ], [ 1729162.147442624438554, 10717752.197442520409822 ], [ 1729168.255702420836315, 10717872.544335965067148 ], [ 1729287.244660219876096, 10717913.306397493928671 ], [ 1729291.223983654286712, 10717914.312301052734256 ], [ 1729295.314199219457805, 10717914.653507666662335 ], [ 1729299.40539912157692, 10717914.321159090846777 ], [ 1729303.386691131163388, 10717913.324113527312875 ], [ 1729307.151775967562571, 10717911.688945811241865 ], [ 1729310.598292007576674, 10717909.460275227203965 ], [ 1729313.633719416568056, 10717906.697484891861677 ], [ 1729316.176365509163588, 10717903.475377842783928 ], [ 1729318.157989237224683, 10717899.880896149203181 ], [ 1729319.524456459330395, 10717896.010496322065592 ], [ 1729320.239678165875375, 10717891.968837002292275 ] ] ] } },
{ "type": "Feature", "properties": { "prop_id": 23038.0, "lot": "057", "block": "003", "subdivision": "GREEN TREE NORTH", "legal_desc": "BLK: 003, LOT: 057, ADDN: GREEN TREE NORTH" }, "geometry": { "type": "Polygon", "coordinates": [ [ [ 1728543.095419317251071, 10717686.554862877354026 ], [ 1728497.398323835339397, 10717674.642812371253967 ], [ 1728451.17596664535813, 10717664.969274844974279 ], [ 1728404.537272134795785, 10717657.556560002267361 ], [ 1728364.890362567966804, 10717652.240625904873013 ], [ 1728335.656497996998951, 10717870.284520884975791 ], [ 1728478.851120168343186, 10717910.518695548176765 ], [ 1728543.095419317251071, 10717686.554862877354026 ] ] ] } },
{ "type": "Feature", "properties": { "prop_id": 23127.0, "lot": "027", "block": "006", "subdivision": "GREEN TREE NORTH", "legal_desc": "BLK: 006, LOT: 027, ADDN: GREEN TREE NORTH, SEC 10" }, "geometry": { "type": "Polygon", "coordinates": [ [ [ 1731242.672851944575086, 10717805.111657904461026 ], [ 1731140.592983479378745, 10717733.102277489379048 ], [ 1731062.722721552243456, 10717843.380622122436762 ], [ 1731085.862771682674065, 10717855.643722457811236 ], [ 1731128.632707659620792, 10717881.547217402607203 ], [ 1731170.74089922150597, 10717908.513374475762248 ], [ 1731242.672851944575086, 10717805.111657904461026 ] ] ] } },
{ "type": "Feature", "properties": { "prop_id": 23179.0, "lot": "021", "block": "008", "subdivision": "GREEN TREE NORTH", "legal_desc": "BLK: 008, LOT: 021, ADDN: GREEN TREE NORTH, SEC 7" }, "geometry": { "type": "Polygon", "coordinates": [ [ [ 1727272.411060436163098, 10717876.332768011838198 ], [ 1727237.621422487543896, 10717760.442888224497437 ], [ 1727151.421121173305437, 10717786.319812007248402 ], [ 1727186.212071507470682, 10717902.209691790863872 ], [ 1727272.411060436163098, 10717876.332768011838198 ] ] ] } },
{ "type": "Feature", "properties": { "prop_id": 23182.0, "lot": "024", "block": "008", "subdivision": "GREEN TREE NORTH", "legal_desc": "BLK: 008, LOT: 024, ADDN: GREEN TREE NORTH, SEC 8" }, "geometry": { "type": "Polygon", "coordinates": [ [ [ 1727001.33707691449672, 10717779.107887094840407 ], [ 1726914.148914917139336, 10717756.785751741379499 ], [ 1726884.38814546703361, 10717873.036853151395917 ], [ 1726971.575979493092746, 10717895.357676157727838 ], [ 1727001.33707691449672, 10717779.107887094840407 ] ] ] } },
{ "type": "Feature", "properties": { "prop_id": 23135.0, "lot": "35", "block": "006", "subdivision": "GREEN TREE NORTH", "legal_desc": "BLK: 006, LOTS:35(-99.93SF)&36(W1), ADDN: GREEN TREE NORTH, SEC 10" }, "geometry": { "type": "Polygon", "coordinates": [ [ [ 1730650.309759563067928, 10717848.246438438072801 ], [ 1730671.939969114493579, 10717841.354061935096979 ], [ 1730693.92286862526089, 10717835.686748802661896 ], [ 1730694.93730257358402, 10717835.634255429729819 ], [ 1730676.911742768250406, 10717758.128163514658809 ], [ 1730668.95965737500228, 10717759.255130214616656 ], [ 1730660.929816401097924, 10717759.094041490927339 ], [ 1730653.02956816018559, 10717757.649490538984537 ], [ 1730645.462324720341712, 10717754.95822268165648 ], [ 1730638.423951772274449, 10717751.090119671076536 ], [ 1730632.095550919417292, 10717746.144918890669942 ], [ 1730626.640836446313187, 10717740.249916648492217 ], [ 1730622.200227544875816, 10717733.557999849319458 ], [ 1730618.888553465716541, 10717726.241084139794111 ], [ 1730616.791444314876571, 10717718.488145582377911 ], [ 1730615.962705232901499, 10717710.499643057584763 ], [ 1730505.559035406215116, 10717712.999313535168767 ], [ 1730508.448469181079417, 10717841.626375757157803 ], [ 1730537.041922316886485, 10717887.270320657640696 ], [ 1730650.309759563067928, 10717848.246438438072801 ] ] ] } },
{ "type": "Feature", "properties": { "prop_id": 105959.0, "lot": "037", "block": "006", "subdivision": "GREEN TREE NORTH", "legal_desc": "BLK: 006, LOT: 037, ADDN: GREEN TREE NORTH, SEC 16 (CORRECTED)" }, "geometry": { "type": "Polygon", "coordinates": [ [ [ 1731625.28960873093456, 10717806.512563291937113 ], [ 1731628.373264327645302, 10717794.574592800810933 ], [ 1731499.115296707022935, 10717761.189158547669649 ], [ 1731474.755105501273647, 10717775.551337776705623 ], [ 1731455.236442335648462, 10717851.121082568541169 ], [ 1731580.688642385648564, 10717883.523579120635986 ], [ 1731576.737205819459632, 10717876.077070457860827 ], [ 1731574.092853489331901, 10717868.072491936385632 ], [ 1731572.831044509308413, 10717859.737205306068063 ], [ 1731572.987211997387931, 10717851.308742973953485 ], [ 1731574.557418703334406, 10717843.025949621573091 ], [ 1731577.496717578498647, 10717835.12504530325532 ], [ 1731581.721775469835848, 10717827.8301109559834 ], [ 1731587.11185745941475, 10717821.348495304584503 ], [ 1731593.514732490526512, 10717815.864909332245588 ], [ 1731600.747658861801028, 10717811.534536445513368 ], [ 1731608.60525616328232, 10717808.481064094230533 ], [ 1731616.864099432015792, 10717806.791106306016445 ], [ 1731625.28960873093456, 10717806.512563291937113 ] ] ] } },
{ "type": "Feature", "properties": { "prop_id": 23178.0, "lot": "020", "block": "008", "subdivision": "GREEN TREE NORTH", "legal_desc": "BLK: 008, LOT: 020, ADDN: GREEN TREE NORTH, SEC 7" }, "geometry": { "type": "Polygon", "coordinates": [ [ [ 1727372.798015977256, 10717846.196665234863758 ], [ 1727378.053255432285368, 10717834.304626377299428 ], [ 1727329.435230834642425, 10717732.879615634679794 ], [ 1727237.621422487543896, 10717760.442888224497437 ], [ 1727272.411060436163098, 10717876.332768011838198 ], [ 1727372.798015977256, 10717846.196665234863758 ] ] ] } },
{ "type": "Feature", "properties": { "prop_id": 23183.0, "lot": "025", "block": "008", "subdivision": "GREEN TREE NORTH", "legal_desc": "BLK: 008, LOT: 025, ADDN: GREEN TREE NORTH, SEC 8" }, "geometry": { "type": "Polygon", "coordinates": [ [ [ 1726914.148914917139336, 10717756.785751741379499 ], [ 1726826.960752980783582, 10717734.464600581675768 ], [ 1726797.198999507119879, 10717850.715702006593347 ], [ 1726884.38814546703361, 10717873.036853151395917 ], [ 1726914.148914917139336, 10717756.785751741379499 ] ] ] } },
{ "type": "Feature", "properties": { "prop_id": 23039.0, "lot": "058", "block": "003", "subdivision": "GREEN TREE NORTH", "legal_desc": "BLK: 003, LOT: 058, ADDN: GREEN TREE NORTH" }, "geometry": { "type": "Polygon", "coordinates": [ [ [ 1728364.890362567966804, 10717652.240625904873013 ], [ 1728186.273233259329572, 10717628.286606309935451 ], [ 1728158.739496491150931, 10717833.649421978741884 ], [ 1728335.656497996998951, 10717870.284520884975791 ], [ 1728364.890362567966804, 10717652.240625904873013 ] ] ] } },
{ "type": "Feature", "properties": { "prop_id": 23109.0, "lot": "009", "block": "006", "subdivision": "GREEN TREE NORTH", "legal_desc": "BLK: 006, LOT: 009, ADDN: GREEN TREE NORTH" }, "geometry": { "type": "Polygon", "coordinates": [ [ [ 1730144.743422685889527, 10717815.785553738474846 ], [ 1730169.066538461716846, 10717718.90285550057888 ], [ 1730036.75772449048236, 10717723.210594154894352 ], [ 1730035.953593258513138, 10717765.110780313611031 ], [ 1730033.251171623822302, 10717806.931570343673229 ], [ 1730028.655708535108715, 10717848.586678344756365 ], [ 1730084.463678333209828, 10717862.070576079189777 ], [ 1730144.743422685889527, 10717815.785553738474846 ] ] ] } },
{ "type": "Feature", "properties": { "prop_id": 23013.0, "lot": "032", "block": "003", "subdivision": "GREEN TREE NORTH", "legal_desc": "BLK: 003, LOT: 032, ADDN: GREEN TREE NORTH" }, "geometry": { "type": "Polygon", "coordinates": [ [ [ 1727591.513166908174753, 10717793.802725652232766 ], [ 1727539.642195536056533, 10717685.592622391879559 ], [ 1727404.383257444016635, 10717750.429450349882245 ], [ 1727456.255213133757934, 10717858.638897454366088 ], [ 1727591.513166908174753, 10717793.802725652232766 ] ] ] } },
{ "type": "Feature", "properties": { "prop_id": 23184.0, "lot": "026", "block": "008", "subdivision": "GREEN TREE NORTH", "legal_desc": "BLK: 008, LOT: 026, ADDN: GREEN TREE NORTH, SEC 8" }, "geometry": { "type": "Polygon", "coordinates": [ [ [ 1726826.960752980783582, 10717734.464600581675768 ], [ 1726739.772919112816453, 10717712.143449485301971 ], [ 1726710.011165607487783, 10717828.394878985360265 ], [ 1726797.198999507119879, 10717850.715702006593347 ], [ 1726826.960752980783582, 10717734.464600581675768 ] ] ] } },
{ "type": "Feature", "properties": { "prop_id": 23128.0, "lot": "028", "block": "006", "subdivision": "GREEN TREE NORTH", "legal_desc": "BLK: 006, LOT: 028, ADDN: GREEN TREE NORTH, SEC 10" }, "geometry": { "type": "Polygon", "coordinates": [ [ [ 1731140.592983479378745, 10717733.102277489379048 ], [ 1731043.239484525052831, 10717664.427208483219147 ], [ 1730965.482739471597597, 10717774.785605423152447 ], [ 1731062.722721552243456, 10717843.380622122436762 ], [ 1731140.592983479378745, 10717733.102277489379048 ] ] ] } },
{ "type": "Feature", "properties": { "prop_id": 23136.0, "lot": "36", "block": "006", "subdivision": "GREEN TREE NORTH", "legal_desc": "BLK: 006, LOTS: 36(-W1)&22(S665.6), ADDN: GREEN TREE NORTH, SEC 10" }, "geometry": { "type": "Polygon", "coordinates": [ [ [ 1730845.213931449688971, 10717827.855393987149 ], [ 1730880.119706316618249, 10717781.87647414766252 ], [ 1730737.666879075346515, 10717681.387816064059734 ], [ 1730735.421148336492479, 10717680.079091442748904 ], [ 1730732.983160406351089, 10717679.177518362179399 ], [ 1730730.426406539510936, 10717678.710655774921179 ], [ 1730727.827001836150885, 10717678.691955095157027 ], [ 1730725.263686447171494, 10717679.122400587424636 ], [ 1730722.813231595093384, 10717679.988540830090642 ], [ 1730720.549128237413242, 10717681.265113336965442 ], [ 1730718.539289361797273, 10717682.913404347375035 ], [ 1730716.844082616036758, 10717684.883873265236616 ], [ 1730715.514360637171194, 10717687.117465037852526 ], [ 1730714.590477666584775, 10717689.546922584995627 ], [ 1730714.099993148818612, 10717692.099411349743605 ], [ 1730714.057342303916812, 10717694.698159931227565 ], [ 1730714.463837841758505, 10717697.265412453562021 ], [ 1730715.767313514603302, 10717705.118416463956237 ], [ 1730715.807667964370921, 10717713.078375736251473 ], [ 1730714.583916880423203, 10717720.944175088778138 ], [ 1730712.127228649798781, 10717728.516011757776141 ], [ 1730708.499939084984362, 10717735.601956956088543 ], [ 1730703.793911185581237, 10717742.022220976650715 ], [ 1730698.128567322157323, 10717747.614074487239122 ], [ 1730691.647608010098338, 10717752.236113458871841 ], [ 1730684.515075169038028, 10717755.770556051284075 ], [ 1730676.911742768250406, 10717758.128163514658809 ], [ 1730694.93730257358402, 10717835.634255429729819 ], [ 1730724.609820285346359, 10717829.734330950304866 ], [ 1730754.630762927467003, 10717825.992539018392563 ], [ 1730784.843962548300624, 10717824.428564662113786 ], [ 1730815.090954478597268, 10717825.050609942525625 ], [ 1730845.213931449688971, 10717827.855393987149 ] ] ] } },
{ "type": "Feature", "properties": { "prop_id": 23040.0, "lot": "059", "block": "003", "subdivision": "GREEN TREE NORTH", "legal_desc": "BLK: 003, LOT: 059, ADDN: GREEN TREE NORTH" }, "geometry": { "type": "Polygon", "coordinates": [ [ [ 1728186.273233259329572, 10717628.286606309935451 ], [ 1728153.743764968123287, 10717622.775790486484766 ], [ 1728121.669019997818395, 10717615.047130908817053 ], [ 1728090.199917072895914, 10717605.136716788634658 ], [ 1728059.48442124039866, 10717593.091463962569833 ], [ 1727972.138129591709003, 10717795.008421460166574 ], [ 1728158.739496491150931, 10717833.649421978741884 ], [ 1728186.273233259329572, 10717628.286606309935451 ] ] ] } },
{ "type": "Feature", "properties": { "prop_id": 109597.0, "lot": "COMMON", "block": "006", "subdivision": "GREEN TREE NORTH", "legal_desc": "BLK: 006, LOT: COMMON AREA E, ADDN: GREEN TREE NORTH, SEC 16 (CORRECTED)" }, "geometry": { "type": "Polygon", "coordinates": [ [ [ 1731820.914908882929012, 10717822.328145749866962 ], [ 1731829.735102216247469, 10717794.291779289022088 ], [ 1731822.450994549319148, 10717792.433187063783407 ], [ 1731710.681512383278459, 10717763.916837945580482 ], [ 1731700.982711001066491, 10717761.442433288320899 ], [ 1731550.805162139935419, 10717723.127218559384346 ], [ 1731472.437522442778572, 10717703.132834609597921 ], [ 1731465.020541989710182, 10717731.990721864625812 ], [ 1731811.222341325134039, 10717819.867848694324493 ], [ 1731818.391948013100773, 10717831.9153987262398 ], [ 1731820.914908882929012, 10717822.328145749866962 ] ] ] } },
{ "type": "Feature", "properties": { "prop_id": 23185.0, "lot": "027", "block": "008", "subdivision": "GREEN TREE NORTH", "legal_desc": "BLK: 008, LOT: 027, ADDN: GREEN TREE NORTH, SEC 8" }, "geometry": { "type": "Polygon", "coordinates": [ [ [ 1726739.772919112816453, 10717712.143449485301971 ], [ 1726652.585085150320083, 10717689.821642180904746 ], [ 1726622.823003459954634, 10717806.072743594646454 ], [ 1726710.011165607487783, 10717828.394878985360265 ], [ 1726739.772919112816453, 10717712.143449485301971 ] ] ] } },
{ "type": "Feature", "properties": { "prop_id": 23095.0, "lot": "016", "block": "005", "subdivision": "GREEN TREE NORTH", "legal_desc": "BLK: 005, LOT: 016, ADDN: GREEN TREE NORTH" }, "geometry": { "type": "Polygon", "coordinates": [ [ [ 1729602.703727791551501, 10717800.427657248452306 ], [ 1729589.699482884956524, 10717674.095538662746549 ], [ 1729400.091560976579785, 10717693.435731833800673 ], [ 1729387.09257262176834, 10717822.621520485728979 ], [ 1729602.703727791551501, 10717800.427657248452306 ] ] ] } },
{ "type": "Feature", "properties": { "prop_id": 23079.0, "lot": "017", "block": "004", "subdivision": "GREEN TREE NORTH", "legal_desc": "BLK: 004, LOT: 017, ADDN: GREEN TREE NORTH" }, "geometry": { "type": "Polygon", "coordinates": [ [ [ 1729011.825534895760939, 10717636.291489848867059 ], [ 1728923.814536483027041, 10717503.859646957367659 ], [ 1728808.227483256952837, 10717730.583646638318896 ], [ 1728847.920653001638129, 10717750.824094222858548 ], [ 1728888.222417467040941, 10717769.823402304202318 ], [ 1728929.094062427524477, 10717787.563854424282908 ], [ 1728984.584447651403025, 10717809.623523956164718 ], [ 1729011.825534895760939, 10717636.291489848867059 ] ] ] } },
{ "type": "Feature", "properties": { "prop_id": 23186.0, "lot": "028", "block": "008", "subdivision": "GREEN TREE NORTH", "legal_desc": "BLK: 008, LOT: 028, ADDN: GREEN TREE NORTH, SEC 8" }, "geometry": { "type": "Polygon", "coordinates": [ [ [ 1726652.585085150320083, 10717689.821642180904746 ], [ 1726633.44010674324818, 10717684.920732993632555 ], [ 1726543.124325826531276, 10717661.798730403184891 ], [ 1726513.35797926178202, 10717778.048519494011998 ], [ 1726517.198851531371474, 10717779.031457237899303 ], [ 1726532.737209218787029, 10717783.009467901661992 ], [ 1726539.722432345384732, 10717778.308360807597637 ], [ 1726547.397943152813241, 10717774.846096565946937 ], [ 1726555.545238100690767, 10717772.720772113651037 ], [ 1726563.933674143394455, 10717771.992754824459553 ], [ 1726572.325391165679321, 10717772.682713963091373 ], [ 1726580.482200716855004, 10717774.771292613819242 ], [ 1726588.173131538787857, 10717778.19845150411129 ], [ 1726595.179680700879544, 10717782.867734154686332 ], [ 1726601.30368519644253, 10717788.646594848483801 ], [ 1726606.370933496160433, 10717795.37132 ], [ 1726610.238052601926029, 10717802.850636940449476 ], [ 1726622.823003459954634, 10717806.072743594646454 ], [ 1726652.585085150320083, 10717689.821642180904746 ] ] ] } },
{ "type": "Feature", "properties": { "prop_id": 23089.0, "lot": "010", "block": "005", "subdivision": "GREEN TREE NORTH", "legal_desc": "BLK: 005, LOT: 010, ADDN: GREEN TREE NORTH" }, "geometry": { "type": "Polygon", "coordinates": [ [ [ 1729978.544575508218259, 10717708.680438542738557 ], [ 1729976.205667479662225, 10717654.461705328896642 ], [ 1729807.881499336101115, 10717655.96662856079638 ], [ 1729811.712532904930413, 10717790.478522531688213 ], [ 1729976.509804957779124, 10717803.611368007957935 ], [ 1729978.823775842785835, 10717756.173790331929922 ], [ 1729978.544575508218259, 10717708.680438542738557 ] ] ] } },
{ "type": "Feature", "properties": { "prop_id": 23264.0, "lot": "", "block": "011", "subdivision": "GREEN TREE NORTH", "legal_desc": "BLK: 011, COMMON AREA F, ADDN: GREEN TREE NORTH, SEC 6" }, "geometry": { "type": "Polygon", "coordinates": [ [ [ 1731925.444893270498142, 10717500.279516875743866 ], [ 1731912.111911385087296, 10717476.230348456650972 ], [ 1731898.775977766374126, 10717472.801549300551414 ], [ 1731914.611907812068239, 10717501.364488955587149 ], [ 1731894.577169200172648, 10717564.649479232728481 ], [ 1731845.810858140932396, 10717718.686601586639881 ], [ 1731822.450994549319148, 10717792.433187063783407 ], [ 1731829.735102216247469, 10717794.291779289022088 ], [ 1731832.775778838433325, 10717795.067368324846029 ], [ 1731925.444893270498142, 10717500.279516875743866 ] ] ] } },
{ "type": "Feature", "properties": { "prop_id": 23041.0, "lot": "060", "block": "003", "subdivision": "GREEN TREE NORTH", "legal_desc": "BLK: 003, LOT: 060, ADDN: GREEN TREE NORTH" }, "geometry": { "type": "Polygon", "coordinates": [ [ [ 1728059.48442124039866, 10717593.091463962569833 ], [ 1728031.984799072379246, 10717580.143653709441423 ], [ 1728005.358862929511815, 10717565.482591917738318 ], [ 1727979.713568022474647, 10717549.167005563154817 ], [ 1727955.151604633545503, 10717531.262183234095573 ], [ 1727931.77106921072118, 10717511.839647088199854 ], [ 1727811.578378724632785, 10717647.518537160009146 ], [ 1727972.138129591709003, 10717795.008421460166574 ], [ 1728059.48442124039866, 10717593.091463962569833 ] ] ] } },
{ "type": "Feature", "properties": { "prop_id": 23293.0, "lot": "026", "block": "011", "subdivision": "GREEN TREE NORTH", "legal_desc": "BLK: 011, LOT: 026, ADDN: GREEN TREE NORTH, SEC 6" }, "geometry": { "type": "Polygon", "coordinates": [ [ [ 1731845.810858140932396, 10717718.686601586639881 ], [ 1731780.751918771537021, 10717622.955478586256504 ], [ 1731775.998646789928898, 10717629.433813370764256 ], [ 1731770.268998599611223, 10717635.066677294671535 ], [ 1731763.710939711425453, 10717639.70938554033637 ], [ 1731756.494089497253299, 10717643.241531537845731 ], [ 1731748.804471171693876, 10717645.571908099576831 ], [ 1731740.840902844676748, 10717646.640475928783417 ], [ 1731710.681512383278459, 10717763.916837945580482 ], [ 1731822.450994549319148, 10717792.433187063783407 ], [ 1731845.810858140932396, 10717718.686601586639881 ] ] ] } },
{ "type": "Feature", "properties": { "prop_id": 23175.0, "lot": "017", "block": "008", "subdivision": "GREEN TREE NORTH", "legal_desc": "BLK: 008, LOT: 017, ADDN: GREEN TREE NORTH, SEC 2" }, "geometry": { "type": "Polygon", "coordinates": [ [ [ 1727109.503218239638954, 10717778.008804708719254 ], [ 1727097.050809537293389, 10717650.026426639407873 ], [ 1727076.657473843311891, 10717647.646182214841247 ], [ 1727056.555148303275928, 10717643.469681184738874 ], [ 1727037.459054206497967, 10717638.593706356361508 ], [ 1727006.539166457718238, 10717759.708644052967429 ], [ 1727095.138087083818391, 10717782.326710622757673 ], [ 1727109.503218239638954, 10717778.008804708719254 ] ] ] } },
{ "type": "Feature", "properties": { "prop_id": 23176.0, "lot": "018", "block": "008", "subdivision": "GREEN TREE NORTH", "legal_desc": "BLK: 008, LOT: 018, ADDN: GREEN TREE NORTH, SEC 2" }, "geometry": { "type": "Polygon", "coordinates": [ [ [ 1727220.362267208751291, 10717744.681434486061335 ], [ 1727171.589059222722426, 10717643.111738998442888 ], [ 1727153.229512937366962, 10717647.125511700287461 ], [ 1727134.603562476811931, 10717649.625507660210133 ], [ 1727115.835224193288013, 10717650.594666531309485 ], [ 1727097.050809537293389, 10717650.026426639407873 ], [ 1727109.503218239638954, 10717778.008804708719254 ], [ 1727220.362267208751291, 10717744.681434486061335 ] ] ] } },
{ "type": "Feature", "properties": { "prop_id": 23129.0, "lot": "029", "block": "006", "subdivision": "GREEN TREE NORTH", "legal_desc": "BLK: 006, LOT: 029, ADDN: GREEN TREE NORTH, SEC 10" }, "geometry": { "type": "Polygon", "coordinates": [ [ [ 1731043.239484525052831, 10717664.427208483219147 ], [ 1730945.852848913054913, 10717595.728517442941666 ], [ 1730868.241773127578199, 10717706.189604477956891 ], [ 1730965.482739471597597, 10717774.785605423152447 ], [ 1731043.239484525052831, 10717664.427208483219147 ] ] ] } },
{ "type": "Feature", "properties": { "prop_id": 23058.0, "lot": "001", "block": "004", "subdivision": "GREEN TREE NORTH", "legal_desc": "BLK: 004, LOT: 001 LESS N.108.89, ADDN: GREEN TREE NORTH" }, "geometry": { "type": "Polygon", "coordinates": [ [ [ 1729341.801312092924491, 10717659.918734159320593 ], [ 1729156.590362899471074, 10717642.700594874098897 ], [ 1729162.147442624438554, 10717752.197442520409822 ], [ 1729331.728498676326126, 10717768.32864193059504 ], [ 1729341.801312092924491, 10717659.918734159320593 ] ] ] } },
{ "type": "Feature", "properties": { "prop_id": 23267.0, "lot": "", "block": "011", "subdivision": "GREEN TREE NORTH", "legal_desc": "BLK: 011, COMMON AREA I, ADDN: GREEN TREE NORTH, SEC 6" }, "geometry": { "type": "Polygon", "coordinates": [ [ [ 1731740.840902844676748, 10717646.640475928783417 ], [ 1731735.730019906768575, 10717646.650318583473563 ], [ 1731730.645055480534211, 10717646.138508625328541 ], [ 1731700.982711001066491, 10717761.442433288320899 ], [ 1731710.681512383278459, 10717763.916837945580482 ], [ 1731740.840902844676748, 10717646.640475928783417 ] ] ] } },
{ "type": "Feature", "properties": { "prop_id": 23290.0, "lot": "23A", "block": "011", "subdivision": "GREEN TREE NORTH", "legal_desc": "BLK: 011, LOT: 23A, ADDN: GREEN TREE NORTH, SEC 11" }, "geometry": { "type": "Polygon", "coordinates": [ [ [ 1731730.645055480534211, 10717646.138508625328541 ], [ 1731722.386212124256417, 10717644.154260490089655 ], [ 1731714.583404760342091, 10717640.797639546915889 ], [ 1731707.463010776787996, 10717636.166414583101869 ], [ 1731701.231394522357732, 10717630.394443640485406 ], [ 1731696.069330348167568, 10717623.64904922991991 ], [ 1731692.12609594152309, 10717616.125769093632698 ], [ 1731689.516192256240174, 10717608.042778631672263 ], [ 1731688.315078633371741, 10717599.634329421445727 ], [ 1731688.557532267412171, 10717591.143531220033765 ], [ 1731690.236990705365315, 10717582.817430889233947 ], [ 1731693.304242069367319, 10717574.896513437852263 ], [ 1731595.447464542929083, 10717549.68658834695816 ], [ 1731550.805162139935419, 10717723.127218559384346 ], [ 1731700.982711001066491, 10717761.442433288320899 ], [ 1731730.645055480534211, 10717646.138508625328541 ] ] ] } },
{ "type": "Feature", "properties": { "prop_id": 23174.0, "lot": "016", "block": "008", "subdivision": "GREEN TREE NORTH", "legal_desc": "BLK: 008, LOT: 016, ADDN: GREEN TREE NORTH, SEC 2" }, "geometry": { "type": "Polygon", "coordinates": [ [ [ 1727037.459054206497967, 10717638.593706356361508 ], [ 1726950.256128418957815, 10717616.330625966191292 ], [ 1726919.336240639444441, 10717737.446547960862517 ], [ 1727006.539166457718238, 10717759.708644052967429 ], [ 1727037.459054206497967, 10717638.593706356361508 ] ] ] } },
{ "type": "Feature", "properties": { "prop_id": 23012.0, "lot": "031", "block": "003", "subdivision": "GREEN TREE NORTH", "legal_desc": "BLK: 003, LOT: 031, ADDN: GREEN TREE NORTH" }, "geometry": { "type": "Polygon", "coordinates": [ [ [ 1727539.642195536056533, 10717685.592622391879559 ], [ 1727487.770239758770913, 10717577.382519142702222 ], [ 1727352.511301660211757, 10717642.220331329852343 ], [ 1727404.383257444016635, 10717750.429450349882245 ], [ 1727539.642195536056533, 10717685.592622391879559 ] ] ] } },
{ "type": "Feature", "properties": { "prop_id": 23177.0, "lot": "019", "block": "008", "subdivision": "GREEN TREE NORTH", "legal_desc": "BLK: 008, LOT: 019, ADDN: GREEN TREE NORTH, SEC 2" }, "geometry": { "type": "Polygon", "coordinates": [ [ [ 1727320.790233029751107, 10717714.51252337358892 ], [ 1727266.806404278380796, 10717602.10853017680347 ], [ 1727212.66116239875555, 10717628.063864976167679 ], [ 1727192.481081408681348, 10717636.559256890788674 ], [ 1727171.589059222722426, 10717643.111738998442888 ], [ 1727220.362267208751291, 10717744.681434486061335 ], [ 1727320.790233029751107, 10717714.51252337358892 ] ] ] } },
{ "type": "Feature", "properties": { "prop_id": 23173.0, "lot": "015", "block": "008", "subdivision": "GREEN TREE NORTH", "legal_desc": "BLK: 008, LOT: 015, ADDN: GREEN TREE NORTH, SEC 2" }, "geometry": { "type": "Polygon", "coordinates": [ [ [ 1726950.256128418957815, 10717616.330625966191292 ], [ 1726863.052218510303646, 10717594.068529892712831 ], [ 1726832.132986850803718, 10717715.18445185571909 ], [ 1726919.336240639444441, 10717737.446547960862517 ], [ 1726950.256128418957815, 10717616.330625966191292 ] ] ] } },
{ "type": "Feature", "properties": { "prop_id": 23078.0, "lot": "016", "block": "004", "subdivision": "GREEN TREE NORTH", "legal_desc": "BLK: 004, LOT: 016, ADDN: GREEN TREE NORTH" }, "geometry": { "type": "Polygon", "coordinates": [ [ [ 1728923.814536483027041, 10717503.859646957367659 ], [ 1728869.026249433401972, 10717459.316422546282411 ], [ 1728770.59663829091005, 10717441.83942298963666 ], [ 1728677.523323508678004, 10717667.694657256826758 ], [ 1728715.517349260626361, 10717684.293051129207015 ], [ 1728752.841428538085893, 10717702.347479170188308 ], [ 1728808.227483256952837, 10717730.583646638318896 ], [ 1728923.814536483027041, 10717503.859646957367659 ] ] ] } },
{ "type": "Feature", "properties": { "prop_id": 23110.0, "lot": "010", "block": "006", "subdivision": "GREEN TREE NORTH", "legal_desc": "BLK: 006, LOT: 010, ADDN: GREEN TREE NORTH" }, "geometry": { "type": "Polygon", "coordinates": [ [ [ 1730169.066538461716846, 10717718.90285550057888 ], [ 1730180.701684509404004, 10717604.492630522698164 ], [ 1730033.428331072442234, 10717609.288557691499591 ], [ 1730036.278721872949973, 10717696.601718729361892 ], [ 1730036.75772449048236, 10717723.210594154894352 ], [ 1730169.066538461716846, 10717718.90285550057888 ] ] ] } },
{ "type": "Feature", "properties": { "prop_id": 23287.0, "lot": "20A", "block": "011", "subdivision": "GREEN TREE NORTH", "legal_desc": "BLK: 011, LOT: 20A, ADDN: GREEN TREE NORTH, SEC 11" }, "geometry": { "type": "Polygon", "coordinates": [ [ [ 1731595.447464542929083, 10717549.68658834695816 ], [ 1731494.401388146914542, 10717523.654814442619681 ], [ 1731488.64647733210586, 10717529.949422566220164 ], [ 1731481.890912387287244, 10717535.155121939256787 ], [ 1731474.337776805507019, 10717539.116401024162769 ], [ 1731466.213775758631527, 10717541.713509382680058 ], [ 1731457.763660163385794, 10717542.86836314201355 ], [ 1731418.558683005860075, 10717689.999329846352339 ], [ 1731472.437522442778572, 10717703.132834609597921 ], [ 1731550.805162139935419, 10717723.127218559384346 ], [ 1731595.447464542929083, 10717549.68658834695816 ] ] ] } },
{ "type": "Feature", "properties": { "prop_id": 23294.0, "lot": "027", "block": "011", "subdivision": "GREEN TREE NORTH", "legal_desc": "BLK: 011, LOT: 027, ADDN: GREEN TREE NORTH, SEC 6" }, "geometry": { "type": "Polygon", "coordinates": [ [ [ 1731894.577169200172648, 10717564.649479232728481 ], [ 1731784.683011455228552, 10717536.388378934934735 ], [ 1731777.210913093062118, 10717565.443444333970547 ], [ 1731781.533411875599995, 10717571.777750251814723 ], [ 1731784.836555943824351, 10717578.698341235518456 ], [ 1731787.042260559974238, 10717586.04281597584486 ], [ 1731788.099345643771812, 10717593.637946488335729 ], [ 1731787.982220096513629, 10717601.30558343231678 ], [ 1731786.693836581194773, 10717608.865280985832214 ], [ 1731784.264707585331053, 10717616.138889852911234 ], [ 1731780.751918771537021, 10717622.955478586256504 ], [ 1731845.810858140932396, 10717718.686601586639881 ], [ 1731894.577169200172648, 10717564.649479232728481 ] ] ] } },
{ "type": "Feature", "properties": { "prop_id": 23172.0, "lot": "014", "block": "008", "subdivision": "GREEN TREE NORTH", "legal_desc": "BLK: 008, LOT: 014, ADDN: GREEN TREE NORTH, SEC 2" }, "geometry": { "type": "Polygon", "coordinates": [ [ [ 1726863.052218510303646, 10717594.068529892712831 ], [ 1726775.849292791215703, 10717571.806761845946312 ], [ 1726744.930061412043869, 10717692.922355752438307 ], [ 1726832.132986850803718, 10717715.18445185571909 ], [ 1726863.052218510303646, 10717594.068529892712831 ] ] ] } },
{ "type": "Feature", "properties": { "prop_id": 23134.0, "lot": "34", "block": "006", "subdivision": "GREEN TREE NORTH", "legal_desc": "BLK: 006, LOTS: 34 & 35(99.93 SF), ADDN: GREEN TREE NORTH, SEC 10" }, "geometry": { "type": "Polygon", "coordinates": [ [ [ 1730615.962705232901499, 10717710.499643057584763 ], [ 1730616.461063884198666, 10717702.214553156867623 ], [ 1730618.32326506706886, 10717694.125657076016068 ], [ 1730621.497799649368972, 10717686.456707691773772 ], [ 1730625.897397668566555, 10717679.418334579095244 ], [ 1730631.40066821500659, 10717673.205091137439013 ], [ 1730637.856364986859262, 10717667.987580770626664 ], [ 1730645.086010571802035, 10717663.90983210504055 ], [ 1730652.890458147507161, 10717661.08470581844449 ], [ 1730661.054813469527289, 10717659.589301470667124 ], [ 1730663.609926709905267, 10717659.111283902078867 ], [ 1730666.04397745616734, 10717658.199540093541145 ], [ 1730668.284130708081648, 10717656.881300961598754 ], [ 1730670.263129830360413, 10717655.195936491712928 ], [ 1730671.921263102674857, 10717653.194299669936299 ], [ 1730673.208990439772606, 10717650.936101669445634 ], [ 1730674.087597859790549, 10717648.489911876618862 ], [ 1730674.53083846019581, 10717645.928564799949527 ], [ 1730674.524932694854215, 10717643.329160111024976 ], [ 1730674.070537227438763, 10717640.7701096534729 ], [ 1730673.181103108916432, 10717638.327528830617666 ], [ 1730671.883205030113459, 10717636.075564486905932 ], [ 1730670.216213415609673, 10717634.081145573407412 ], [ 1730668.229668207932264, 10717632.404639512300491 ], [ 1730587.544774348381907, 10717575.487750710919499 ], [ 1730585.41715357103385, 10717574.326007449999452 ], [ 1730583.143863828619942, 10717573.4851297698915 ], [ 1730580.772148844553158, 10717572.9831622838974 ], [ 1730578.352861871477216, 10717572.830931635573506 ], [ 1730575.937183800851926, 10717573.031062597408891 ], [ 1730573.575967848999426, 10717573.579946160316467 ], [ 1730565.665221119299531, 10717574.607503566890955 ], [ 1730557.691482407506555, 10717574.364065917208791 ], [ 1730549.85816306178458, 10717572.855210602283478 ], [ 1730542.364410299342126, 10717570.119979569688439 ], [ 1730535.400840359274298, 10717566.227598406374454 ], [ 1730529.145274160662666, 10717561.277476375922561 ], [ 1730523.756832331884652, 10717555.394941313192248 ], [ 1730519.372325647156686, 10717548.730583479627967 ], [ 1730516.103302567731589, 10717541.453693950548768 ], [ 1730514.03375237621367, 10717533.749639797955751 ], [ 1730513.215511969523504, 10717525.814286818727851 ], [ 1730501.216846290044487, 10717525.99735770560801 ], [ 1730505.559035406215116, 10717712.999313535168767 ], [ 1730615.962705232901499, 10717710.499643057584763 ] ] ] } },
{ "type": "Feature", "properties": { "prop_id": 23130.0, "lot": "030", "block": "006", "subdivision": "GREEN TREE NORTH", "legal_desc": "BLK: 006, LOT: 030, ADDN: GREEN TREE NORTH, SEC 10" }, "geometry": { "type": "Polygon", "coordinates": [ [ [ 1730945.852848913054913, 10717595.728517442941666 ], [ 1730848.635832682950422, 10717527.149576814845204 ], [ 1730771.001790919806808, 10717637.594587806612253 ], [ 1730868.241773127578199, 10717706.189604477956891 ], [ 1730945.852848913054913, 10717595.728517442941666 ] ] ] } },
{ "type": "Feature", "properties": { "prop_id": 23096.0, "lot": "017", "block": "005", "subdivision": "GREEN TREE NORTH", "legal_desc": "BLK: 005, LOT: 017, ADDN: GREEN TREE NORTH" }, "geometry": { "type": "Polygon", "coordinates": [ [ [ 1729589.699482884956524, 10717674.095538662746549 ], [ 1729576.695565780857578, 10717547.762435808777809 ], [ 1729409.658469237852842, 10717564.956634912639856 ], [ 1729408.955387335503474, 10717593.69641194678843 ], [ 1729406.791350168408826, 10717622.363026443868876 ], [ 1729403.172262933803722, 10717650.882659642025828 ], [ 1729400.091560976579785, 10717693.435731833800673 ], [ 1729589.699482884956524, 10717674.095538662746549 ] ] ] } },
{ "type": "Feature", "properties": { "prop_id": 23171.0, "lot": "013", "block": "008", "subdivision": "GREEN TREE NORTH", "legal_desc": "BLK: 008, LOT: 013, ADDN: GREEN TREE NORTH, SEC 2" }, "geometry": { "type": "Polygon", "coordinates": [ [ [ 1726775.849292791215703, 10717571.806761845946312 ], [ 1726688.651288530090824, 10717549.526621134951711 ], [ 1726662.677913461346179, 10717651.263641262426972 ], [ 1726677.10505318804644, 10717675.607428537681699 ], [ 1726744.930061412043869, 10717692.922355752438307 ], [ 1726775.849292791215703, 10717571.806761845946312 ] ] ] } },
{ "type": "Feature", "properties": { "prop_id": 23266.0, "lot": "", "block": "011", "subdivision": "GREEN TREE NORTH", "legal_desc": "BLK: 011, COMMON AREA H, ADDN: GREEN TREE NORTH, SEC 6" }, "geometry": { "type": "Polygon", "coordinates": [ [ [ 1731457.763660163385794, 10717542.86836314201355 ], [ 1731453.390964485006407, 10717542.908717548474669 ], [ 1731449.03172046225518, 10717542.565870540216565 ], [ 1731411.37595322006382, 10717683.098423972725868 ], [ 1731418.558683005860075, 10717689.999329846352339 ], [ 1731457.763660163385794, 10717542.86836314201355 ] ] ] } },
{ "type": "Feature", "properties": { "prop_id": 23170.0, "lot": "012", "block": "008", "subdivision": "GREEN TREE NORTH", "legal_desc": "BLK: 008, LOT: 012, ADDN: GREEN TREE NORTH, SEC 2" }, "geometry": { "type": "Polygon", "coordinates": [ [ [ 1726667.400999060831964, 10717551.92458325996995 ], [ 1726659.837036638054997, 10717555.025299601256847 ], [ 1726651.868547232588753, 10717556.852068120613694 ], [ 1726643.70911327493377, 10717557.356004482135177 ], [ 1726635.576582378707826, 10717556.523329058662057 ], [ 1726627.688473154325038, 10717554.377007722854614 ], [ 1726620.25541587267071, 10717550.973470810800791 ], [ 1726613.476556540699676, 10717546.404581701382995 ], [ 1726607.532669489504769, 10717540.792059300467372 ], [ 1726602.58287539286539, 10717534.28583768941462 ], [ 1726598.759391294326633, 10717527.060129160061479 ], [ 1726596.164579469943419, 10717519.307846764102578 ], [ 1726594.867665550438687, 10717511.236339194700122 ], [ 1726594.903426492819563, 10717503.061157248914242 ], [ 1726596.270877812756225, 10717495.001460585743189 ], [ 1726586.587824476417154, 10717492.529680596664548 ], [ 1726543.124325826531276, 10717661.798730403184891 ], [ 1726633.44010674324818, 10717684.920732993632555 ], [ 1726667.400999060831964, 10717551.92458325996995 ] ] ] } },
{ "type": "Feature", "properties": { "prop_id": 23286.0, "lot": "019", "block": "011", "subdivision": "GREEN TREE NORTH", "legal_desc": "BLK: 011, LOT: 019, ADDN: GREEN TREE NORTH, SEC 6" }, "geometry": { "type": "Polygon", "coordinates": [ [ [ 1731449.03172046225518, 10717542.565870540216565 ], [ 1731441.474647648399696, 10717541.0399548728019 ], [ 1731434.242049222579226, 10717538.370668593794107 ], [ 1731427.505840895464644, 10717534.62133177369833 ], [ 1731421.426127576967701, 10717529.880855035036802 ], [ 1731416.147265627747402, 10717524.262099018320441 ], [ 1731411.794911141041666, 10717517.89859364181757 ], [ 1731408.472738591721281, 10717510.941585415974259 ], [ 1731283.171787060797215, 10717559.302393248304725 ], [ 1731411.37595322006382, 10717683.098423972725868 ], [ 1731449.03172046225518, 10717542.565870540216565 ] ] ] } },
{ "type": "Feature", "properties": { "prop_id": 23077.0, "lot": "015", "block": "004", "subdivision": "GREEN TREE NORTH", "legal_desc": "BLK: 004, LOT: 015, ADDN: GREEN TREE NORTH" }, "geometry": { "type": "Polygon", "coordinates": [ [ [ 1728770.59663829091005, 10717441.83942298963666 ], [ 1728582.275458795018494, 10717427.181646581739187 ], [ 1728534.082310658413917, 10717620.542516179382801 ], [ 1728582.639309016289189, 10717633.935535054653883 ], [ 1728630.490272117545828, 10717649.665491921827197 ], [ 1728677.523323508678004, 10717667.694657256826758 ], [ 1728770.59663829091005, 10717441.83942298963666 ] ] ] } },
{ "type": "Feature", "properties": { "prop_id": 23060.0, "lot": "002", "block": "004", "subdivision": "GREEN TREE NORTH", "legal_desc": "BLK: 004, LOT: 002, ADDN: GREEN TREE NORTH" }, "geometry": { "type": "Polygon", "coordinates": [ [ [ 1729328.457498496863991, 10717451.563471011817455 ], [ 1729149.148443465353921, 10717496.068644328042865 ], [ 1729156.590362899471074, 10717642.700594874098897 ], [ 1729341.801312092924491, 10717659.918734159320593 ], [ 1729344.947630905546248, 10717625.070044273510575 ], [ 1729345.943034820025787, 10717590.094058096408844 ], [ 1729344.782930953893811, 10717555.122993210330606 ], [ 1729341.472240574657917, 10717520.289395330473781 ], [ 1729336.023758749011904, 10717485.726138241589069 ], [ 1729328.457498496863991, 10717451.563471011817455 ] ] ] } },
{ "type": "Feature", "properties": { "prop_id": 23088.0, "lot": "009", "block": "005", "subdivision": "GREEN TREE NORTH", "legal_desc": "BLK: 005, LOT: 009, ADDN: GREEN TREE NORTH" }, "geometry": { "type": "Polygon", "coordinates": [ [ [ 1729976.205667479662225, 10717654.461705328896642 ], [ 1729971.222733139293268, 10717518.144696548581123 ], [ 1729803.930715384893119, 10717523.124679058790207 ], [ 1729807.881499336101115, 10717655.96662856079638 ], [ 1729976.205667479662225, 10717654.461705328896642 ] ] ] } },
{ "type": "Feature", "properties": { "prop_id": 23042.0, "lot": "061", "block": "003", "subdivision": "GREEN TREE NORTH", "legal_desc": "BLK: 003, LOT: 061, ADDN: GREEN TREE NORTH" }, "geometry": { "type": "Polygon", "coordinates": [ [ [ 1727931.77106921072118, 10717511.839647088199854 ], [ 1727906.320983610814437, 10717487.555243203416467 ], [ 1727882.711773881921545, 10717461.477535463869572 ], [ 1727861.069424157962203, 10717433.745959309861064 ], [ 1727841.509091676911339, 10717404.50848026946187 ], [ 1727665.320111354347318, 10717513.166751867160201 ], [ 1727811.578378724632785, 10717647.518537160009146 ], [ 1727931.77106921072118, 10717511.839647088199854 ] ] ] } },
{ "type": "Feature", "properties": { "prop_id": 23011.0, "lot": "030", "block": "003", "subdivision": "GREEN TREE NORTH", "legal_desc": "BLK: 003, LOT: 030, ADDN: GREEN TREE NORTH" }, "geometry": { "type": "Polygon", "coordinates": [ [ [ 1727487.770239758770913, 10717577.382519142702222 ], [ 1727435.899268200388178, 10717469.172415859997272 ], [ 1727300.640002096537501, 10717534.010884208604693 ], [ 1727352.511301660211757, 10717642.220331329852343 ], [ 1727487.770239758770913, 10717577.382519142702222 ] ] ] } },
{ "type": "Feature", "properties": { "prop_id": 23131.0, "lot": "031", "block": "006", "subdivision": "GREEN TREE NORTH", "legal_desc": "BLK: 006, LOT: 031, ADDN: GREEN TREE NORTH, SEC 10" }, "geometry": { "type": "Polygon", "coordinates": [ [ [ 1730848.635832682950422, 10717527.149576814845204 ], [ 1730751.596637384034693, 10717458.695307929068804 ], [ 1730673.760824444936588, 10717568.998586874455214 ], [ 1730771.001790919806808, 10717637.594587806612253 ], [ 1730848.635832682950422, 10717527.149576814845204 ] ] ] } },
{ "type": "Feature", "properties": { "prop_id": 23076.0, "lot": "014", "block": "004", "subdivision": "GREEN TREE NORTH", "legal_desc": "BLK: 004, LOT: 014, ADDN: GREEN TREE NORTH" }, "geometry": { "type": "Polygon", "coordinates": [ [ [ 1728582.275458795018494, 10717427.181646581739187 ], [ 1728403.381425369763747, 10717344.851749077439308 ], [ 1728370.379523900570348, 10717592.239750804379582 ], [ 1728431.419439336052164, 10717600.472345646470785 ], [ 1728492.104040168225765, 10717611.00841399282217 ], [ 1728534.082310658413917, 10717620.542516179382801 ], [ 1728582.275458795018494, 10717427.181646581739187 ] ] ] } },
{ "type": "Feature", "properties": { "prop_id": 23111.0, "lot": "011", "block": "006", "subdivision": "GREEN TREE NORTH", "legal_desc": "BLK: 006, LOT: 011, ADDN: GREEN TREE NORTH" }, "geometry": { "type": "Polygon", "coordinates": [ [ [ 1730180.701684509404004, 10717604.492630522698164 ], [ 1730191.830598146887496, 10717495.046635324135423 ], [ 1730029.826628644950688, 10717500.322548892349005 ], [ 1730033.428331072442234, 10717609.288557691499591 ], [ 1730180.701684509404004, 10717604.492630522698164 ] ] ] } },
{ "type": "Feature", "properties": { "prop_id": 23075.0, "lot": "013", "block": "004", "subdivision": "GREEN TREE NORTH", "legal_desc": "BLK: 004, LOT: 013, ADDN: GREEN TREE NORTH" }, "geometry": { "type": "Polygon", "coordinates": [ [ [ 1728403.381425369763747, 10717344.851749077439308 ], [ 1728234.874186137923971, 10717322.372135926038027 ], [ 1728202.939211644232273, 10717569.902525840327144 ], [ 1728370.379523900570348, 10717592.239750804379582 ], [ 1728403.381425369763747, 10717344.851749077439308 ] ] ] } },
{ "type": "Feature", "properties": { "prop_id": 23164.0, "lot": "006", "block": "008", "subdivision": "GREEN TREE NORTH", "legal_desc": "BLK: 008, LOT: 006, ADDN: GREEN TREE NORTH, SEC 2" }, "geometry": { "type": "Polygon", "coordinates": [ [ [ 1727186.725184680195525, 10717573.959633553400636 ], [ 1727240.845163932070136, 10717548.016765888780355 ], [ 1727175.997181209968403, 10717412.758483935147524 ], [ 1727089.846748534590006, 10717438.685276364907622 ], [ 1727109.367058400297537, 10717590.555405985563993 ], [ 1727129.305670214351267, 10717589.851338503882289 ], [ 1727149.02446632925421, 10717586.817550797015429 ], [ 1727168.252449412131682, 10717581.496037654578686 ], [ 1727186.725184680195525, 10717573.959633553400636 ] ] ] } },
{ "type": "Feature", "properties": { "prop_id": 23165.0, "lot": "007", "block": "008", "subdivision": "GREEN TREE NORTH", "legal_desc": "BLK: 008, LOT: 007, ADDN: GREEN TREE NORTH, SEC 2" }, "geometry": { "type": "Polygon", "coordinates": [ [ [ 1727089.846748534590006, 10717438.685276364907622 ], [ 1727068.236880008364096, 10717445.266629805788398 ], [ 1727017.873782194685191, 10717432.336536686867476 ], [ 1726984.481130226980895, 10717563.14174553193152 ], [ 1727071.393045922741294, 10717585.329366715624928 ], [ 1727090.23192244512029, 10717589.017679696902633 ], [ 1727109.367058400297537, 10717590.555405985563993 ], [ 1727089.846748534590006, 10717438.685276364907622 ] ] ] } },
{ "type": "Feature", "properties": { "prop_id": 23289.0, "lot": "22A", "block": "011", "subdivision": "GREEN TREE NORTH", "legal_desc": "BLK: 011, LOT: 22A, ADDN: GREEN TREE NORTH, SEC 11" }, "geometry": { "type": "Polygon", "coordinates": [ [ [ 1731719.058787810383365, 10717549.999576440081 ], [ 1731746.558734596706927, 10717443.999440705403686 ], [ 1731739.308747604256496, 10717431.999790828675032 ], [ 1731632.808940826682374, 10717403.999516734853387 ], [ 1731595.447464542929083, 10717549.68658834695816 ], [ 1731693.304242069367319, 10717574.896513437852263 ], [ 1731696.854104452300817, 10717568.490357046946883 ], [ 1731701.310788836563006, 10717562.678359646350145 ], [ 1731706.576527089811862, 10717557.587817577645183 ], [ 1731712.536161822965369, 10717553.330607293173671 ], [ 1731719.058787810383365, 10717549.999576440081 ] ] ] } },
{ "type": "Feature", "properties": { "prop_id": 23074.0, "lot": "012", "block": "004", "subdivision": "GREEN TREE NORTH", "legal_desc": "BLK: 004, LOT: 012, ADDN: GREEN TREE NORTH" }, "geometry": { "type": "Polygon", "coordinates": [ [ [ 1728234.874186137923971, 10717322.372135926038027 ], [ 1728070.282293101307005, 10717279.120578926056623 ], [ 1728001.288330351468176, 10717485.636280817911029 ], [ 1728026.963152558542788, 10717504.018792508170009 ], [ 1728053.946371551835909, 10717520.420992841944098 ], [ 1728082.085100281983614, 10717534.750034211203456 ], [ 1728111.220546271651983, 10717546.925208056345582 ], [ 1728141.188339839922264, 10717556.877616899088025 ], [ 1728171.818861613748595, 10717564.551158498972654 ], [ 1728202.939211644232273, 10717569.902525840327144 ], [ 1728234.874186137923971, 10717322.372135926038027 ] ] ] } },
{ "type": "Feature", "properties": { "prop_id": 23132.0, "lot": "032", "block": "006", "subdivision": "GREEN TREE NORTH", "legal_desc": "BLK: 006, LOT: 032, ADDN: GREEN TREE NORTH, SEC 10" }, "geometry": { "type": "Polygon", "coordinates": [ [ [ 1730751.596637384034693, 10717458.695307929068804 ], [ 1730654.184739439515397, 10717389.979556554928422 ], [ 1730589.433547854656354, 10717482.098485069349408 ], [ 1730595.629730862332508, 10717486.605038356035948 ], [ 1730601.064432531828061, 10717492.005290834233165 ], [ 1730605.610684303101152, 10717498.172602308914065 ], [ 1730609.161202663788572, 10717504.961959904059768 ], [ 1730611.632983240764588, 10717512.213915145024657 ], [ 1730612.967626892728731, 10717519.758520778268576 ], [ 1730613.438098284881562, 10717522.2864032946527 ], [ 1730614.333437952678651, 10717524.697160050272942 ], [ 1730615.627727174200118, 10717526.919268814846873 ], [ 1730617.282251799479127, 10717528.887441053986549 ], [ 1730619.248783447081223, 10717530.544262129813433 ], [ 1730673.760824444936588, 10717568.998586874455214 ], [ 1730751.596637384034693, 10717458.695307929068804 ] ] ] } },
{ "type": "Feature", "properties": { "prop_id": 23097.0, "lot": "018", "block": "005", "subdivision": "GREEN TREE NORTH", "legal_desc": "BLK: 005, LOT: 018, ADDN: GREEN TREE NORTH" }, "geometry": { "type": "Polygon", "coordinates": [ [ [ 1729576.695565780857578, 10717547.762435808777809 ], [ 1729563.691321085439995, 10717421.430645287036896 ], [ 1729394.935395522043109, 10717438.71441120095551 ], [ 1729401.298573556588963, 10717469.910548441112041 ], [ 1729405.882555734133348, 10717501.417380664497614 ], [ 1729408.672249673632905, 10717533.133530180901289 ], [ 1729409.658469237852842, 10717564.956634912639856 ], [ 1729576.695565780857578, 10717547.762435808777809 ] ] ] } },
{ "type": "Feature", "properties": { "prop_id": 23295.0, "lot": "028", "block": "011", "subdivision": "GREEN TREE NORTH", "legal_desc": "BLK: 011, LOT: 028, ADDN: GREEN TREE NORTH, SEC 6" }, "geometry": { "type": "Polygon", "coordinates": [ [ [ 1731914.611907812068239, 10717501.364488955587149 ], [ 1731898.775977766374126, 10717472.801549300551414 ], [ 1731816.783016329398379, 10717451.715303940698504 ], [ 1731804.606857603415847, 10717458.909516870975494 ], [ 1731784.683011455228552, 10717536.388378934934735 ], [ 1731894.577169200172648, 10717564.649479232728481 ], [ 1731914.611907812068239, 10717501.364488955587149 ] ] ] } },
{ "type": "Feature", "properties": { "prop_id": 23166.0, "lot": "008", "block": "008", "subdivision": "GREEN TREE NORTH", "legal_desc": "BLK: 008, LOT: 008, ADDN: GREEN TREE NORTH, SEC 2" }, "geometry": { "type": "Polygon", "coordinates": [ [ [ 1727017.873782194685191, 10717432.336536686867476 ], [ 1726925.826049203285947, 10717408.837566286325455 ], [ 1726892.433068895712495, 10717539.642775174230337 ], [ 1726984.481130226980895, 10717563.14174553193152 ], [ 1727017.873782194685191, 10717432.336536686867476 ] ] ] } },
{ "type": "Feature", "properties": { "prop_id": 23285.0, "lot": "018", "block": "011", "subdivision": "GREEN TREE NORTH", "legal_desc": "BLK: 011, LOT: 018, ADDN: GREEN TREE NORTH, SEC 6" }, "geometry": { "type": "Polygon", "coordinates": [ [ [ 1731408.472738591721281, 10717510.941585415974259 ], [ 1731406.080682162195444, 10717502.695865597575903 ], [ 1731405.134161434601992, 10717494.16241660527885 ], [ 1731405.661719365045428, 10717485.592878380790353 ], [ 1731407.647607823368162, 10717477.239875204861164 ], [ 1731411.033100045053288, 10717469.349797613918781 ], [ 1731415.718786855693907, 10717462.155256770551205 ], [ 1731421.565888971555978, 10717455.868194572627544 ], [ 1731428.402490343898535, 10717450.674306208267808 ], [ 1731436.026820206549019, 10717446.726478530094028 ], [ 1731319.807871054392308, 10717416.839725194498897 ], [ 1731283.171787060797215, 10717559.302393248304725 ], [ 1731408.472738591721281, 10717510.941585415974259 ] ] ] } },
{ "type": "Feature", "properties": { "prop_id": 23265.0, "lot": "", "block": "011", "subdivision": "GREEN TREE NORTH", "legal_desc": "BLK: 011, COMMON AREA G, ADDN: GREEN TREE NORTH, SEC 6" }, "geometry": { "type": "Polygon", "coordinates": [ [ [ 1731319.807871054392308, 10717416.839725194498897 ], [ 1731342.223838502541184, 10717329.675513273105025 ], [ 1731332.538816715823486, 10717327.18536058999598 ], [ 1731274.899820323102176, 10717551.315531363710761 ], [ 1731283.171787060797215, 10717559.302393248304725 ], [ 1731319.807871054392308, 10717416.839725194498897 ] ] ] } },
{ "type": "Feature", "properties": { "prop_id": 23283.0, "lot": "016", "block": "011", "subdivision": "GREEN TREE NORTH", "legal_desc": "BLK: 011, LOT: 016, ADDN: GREEN TREE NORTH, SEC 6" }, "geometry": { "type": "Polygon", "coordinates": [ [ [ 1731332.538816715823486, 10717327.18536058999598 ], [ 1731236.988793151453137, 10717302.613229557871819 ], [ 1731171.203812144231051, 10717451.184483086690307 ], [ 1731274.899820323102176, 10717551.315531363710761 ], [ 1731332.538816715823486, 10717327.18536058999598 ] ] ] } },
{ "type": "Feature", "properties": { "prop_id": 23288.0, "lot": "21A", "block": "011", "subdivision": "GREEN TREE NORTH", "legal_desc": "BLK: 011, LOT: 21A, ADDN: GREEN TREE NORTH, SEC 11" }, "geometry": { "type": "Polygon", "coordinates": [ [ [ 1731632.808940826682374, 10717403.999516734853387 ], [ 1731526.236955717438832, 10717376.997272299602628 ], [ 1731514.060796984704211, 10717384.191485257819295 ], [ 1731494.135966689093038, 10717461.670347306877375 ], [ 1731498.756693615112454, 10717468.616200672462583 ], [ 1731502.162527446635067, 10717476.231672257184982 ], [ 1731504.258980422513559, 10717484.306132573634386 ], [ 1731504.988310002954677, 10717492.616812959313393 ], [ 1731504.330174972768873, 10717500.933070806786418 ], [ 1731502.302947854856029, 10717509.025247724726796 ], [ 1731498.962403200799599, 10717516.669590851292014 ], [ 1731494.401388146914542, 10717523.654814442619681 ], [ 1731595.447464542929083, 10717549.68658834695816 ], [ 1731632.808940826682374, 10717403.999516734853387 ] ] ] } },
{ "type": "Feature", "properties": { "prop_id": 23167.0, "lot": "009", "block": "008", "subdivision": "GREEN TREE NORTH", "legal_desc": "BLK: 008, LOT: 009, ADDN: GREEN TREE NORTH, SEC 2" }, "geometry": { "type": "Polygon", "coordinates": [ [ [ 1726925.826049203285947, 10717408.837566286325455 ], [ 1726833.777987928362563, 10717385.338595923036337 ], [ 1726800.385007905308157, 10717516.143476700410247 ], [ 1726892.433068895712495, 10717539.642775174230337 ], [ 1726925.826049203285947, 10717408.837566286325455 ] ] ] } },
{ "type": "Feature", "properties": { "prop_id": 23010.0, "lot": "029", "block": "003", "subdivision": "GREEN TREE NORTH", "legal_desc": "BLK: 003, LOT: 029, ADDN: GREEN TREE NORTH" }, "geometry": { "type": "Polygon", "coordinates": [ [ [ 1727435.899268200388178, 10717469.172415859997272 ], [ 1727384.028296698117629, 10717360.963624937459826 ], [ 1727248.770014776848257, 10717425.800452873110771 ], [ 1727300.640002096537501, 10717534.010884208604693 ], [ 1727435.899268200388178, 10717469.172415859997272 ] ] ] } },
{ "type": "Feature", "properties": { "prop_id": 23133.0, "lot": "033", "block": "006", "subdivision": "GREEN TREE NORTH", "legal_desc": "BLK: 006, LOT: 033, ADDN: GREEN TREE NORTH, SEC 10" }, "geometry": { "type": "Polygon", "coordinates": [ [ [ 1730513.215511969523504, 10717525.814286818727851 ], [ 1730513.706324761966243, 10717517.584314910694957 ], [ 1730515.543263207422569, 10717509.546927955001593 ], [ 1730518.67580320010893, 10717501.920629389584064 ], [ 1730523.018642912153155, 10717494.912768006324768 ], [ 1730528.45432854979299, 10717488.713632207363844 ], [ 1730534.834894129540771, 10717483.492184823378921 ], [ 1730541.986783900298178, 10717479.390486070886254 ], [ 1730549.71511623961851, 10717476.519428085535765 ], [ 1730557.810573867056519, 10717474.957422805950046 ], [ 1730566.052356789587066, 10717474.747121142223477 ], [ 1730574.216712004272267, 10717475.893772361800075 ], [ 1730582.08185505005531, 10717478.366864766925573 ], [ 1730589.433547854656354, 10717482.098485069349408 ], [ 1730654.184739439515397, 10717389.979556554928422 ], [ 1730495.535747506655753, 10717278.064410528168082 ], [ 1730501.216846290044487, 10717525.99735770560801 ], [ 1730513.215511969523504, 10717525.814286818727851 ] ] ] } },
{ "type": "Feature", "properties": { "prop_id": 23087.0, "lot": "008", "block": "005", "subdivision": "GREEN TREE NORTH", "legal_desc": "BLK: 005, LOT: 008, ADDN: GREEN TREE NORTH" }, "geometry": { "type": "Polygon", "coordinates": [ [ [ 1729971.222733139293268, 10717518.144696548581123 ], [ 1729966.019654886797071, 10717385.343757504597306 ], [ 1729799.978619080036879, 10717390.283385720103979 ], [ 1729803.930715384893119, 10717523.124679058790207 ], [ 1729971.222733139293268, 10717518.144696548581123 ] ] ] } },
{ "type": "Feature", "properties": { "prop_id": 23168.0, "lot": "010", "block": "008", "subdivision": "GREEN TREE NORTH", "legal_desc": "BLK: 008, LOT: 010, ADDN: GREEN TREE NORTH, SEC 2" }, "geometry": { "type": "Polygon", "coordinates": [ [ [ 1726833.777987928362563, 10717385.338595923036337 ], [ 1726756.259755885694176, 10717365.552544929087162 ], [ 1726731.937950277933851, 10717379.981653187423944 ], [ 1726703.491810900392011, 10717491.407632144168019 ], [ 1726800.385007905308157, 10717516.143476700410247 ], [ 1726833.777987928362563, 10717385.338595923036337 ] ] ] } },
{ "type": "Feature", "properties": { "prop_id": 23043.0, "lot": "062", "block": "003", "subdivision": "GREEN TREE NORTH", "legal_desc": "BLK: 003, LOT: 062, ADDN: GREEN TREE NORTH" }, "geometry": { "type": "Polygon", "coordinates": [ [ [ 1727841.509091676911339, 10717404.50848026946187 ], [ 1727827.895270409760997, 10717381.427814049646258 ], [ 1727815.876262905541807, 10717357.47805486060679 ], [ 1727805.50718650710769, 10717332.769110661000013 ], [ 1727796.835613952251151, 10717307.414498284459114 ], [ 1727789.901242387481034, 10717281.530687382444739 ], [ 1727548.424978081136942, 10717335.347525235265493 ], [ 1727665.320111354347318, 10717513.166751867160201 ], [ 1727841.509091676911339, 10717404.50848026946187 ] ] ] } },
{ "type": "Feature", "properties": { "prop_id": 23112.0, "lot": "012", "block": "006", "subdivision": "GREEN TREE NORTH", "legal_desc": "BLK: 006, LOT: 012, ADDN: GREEN TREE NORTH" }, "geometry": { "type": "Polygon", "coordinates": [ [ [ 1730191.830598146887496, 10717495.046635324135423 ], [ 1730188.1065203032922, 10717380.107540348544717 ], [ 1730026.192773766815662, 10717385.379516921937466 ], [ 1730029.826628644950688, 10717500.322548892349005 ], [ 1730191.830598146887496, 10717495.046635324135423 ] ] ] } },
{ "type": "Feature", "properties": { "prop_id": 23061.0, "lot": "003", "block": "004", "subdivision": "GREEN TREE NORTH", "legal_desc": "BLK: 004, LOT: 003, ADDN: GREEN TREE NORTH" }, "geometry": { "type": "Polygon", "coordinates": [ [ [ 1729328.457498496863991, 10717451.563471011817455 ], [ 1729318.74951011640951, 10717418.018584897741675 ], [ 1729306.965409884462133, 10717385.145613610744476 ], [ 1729293.151457803323865, 10717353.072509679943323 ], [ 1729277.361459506675601, 10717321.924600994214416 ], [ 1729254.435318890027702, 10717279.730452746152878 ], [ 1729095.694469140609726, 10717376.131528344005346 ], [ 1729149.148443465353921, 10717496.068644328042865 ], [ 1729328.457498496863991, 10717451.563471011817455 ] ] ] } },
{ "type": "Feature", "properties": { "prop_id": 23169.0, "lot": "011", "block": "008", "subdivision": "GREEN TREE NORTH", "legal_desc": "BLK: 008, LOT: 011, ADDN: GREEN TREE NORTH, SEC 2" }, "geometry": { "type": "Polygon", "coordinates": [ [ [ 1726685.978062953567132, 10717479.141578828915954 ], [ 1726717.501952143618837, 10717355.661487927660346 ], [ 1726627.479149634949863, 10717332.426624648272991 ], [ 1726586.587824476417154, 10717492.529680596664548 ], [ 1726596.270877812756225, 10717495.001460585743189 ], [ 1726598.934914753073826, 10717487.273456199094653 ], [ 1726602.822374695213512, 10717480.082852421328425 ], [ 1726607.829583369893953, 10717473.621577961370349 ], [ 1726613.822682470316067, 10717468.062860857695341 ], [ 1726620.641239257529378, 10717463.554666791111231 ], [ 1726628.103496172931045, 10717460.217730414122343 ], [ 1726636.009649599902332, 10717458.141618482768536 ], [ 1726644.148414185037836, 10717457.381120951846242 ], [ 1726652.302598840557039, 10717457.956907089799643 ], [ 1726660.253699955996126, 10717459.853885034099221 ], [ 1726667.789447469869629, 10717463.020873812958598 ], [ 1726674.708398102549836, 10717467.373555963858962 ], [ 1726680.825841221027076, 10717472.795461917296052 ], [ 1726685.978062953567132, 10717479.141578828915954 ] ] ] } },
{ "type": "Feature", "properties": { "prop_id": 23073.0, "lot": "011", "block": "004", "subdivision": "GREEN TREE NORTH", "legal_desc": "BLK: 004, LOT: 011, ADDN: GREEN TREE NORTH" }, "geometry": { "type": "Polygon", "coordinates": [ [ [ 1728070.282293101307005, 10717279.120578926056623 ], [ 1727849.823047035839409, 10717196.947506438940763 ], [ 1727850.512023011920974, 10717225.155132200568914 ], [ 1727853.795482075540349, 10717253.179687360301614 ], [ 1727859.645537827396765, 10717280.78265530988574 ], [ 1727868.012321345042437, 10717307.729784425348043 ], [ 1727878.824966349406168, 10717333.792072650045156 ], [ 1727891.991609715856612, 10717358.747735477983952 ], [ 1727906.527345260372385, 10717382.790014071390033 ], [ 1727922.637880854541436, 10717405.806704001501203 ], [ 1727940.251366175012663, 10717427.694787004962564 ], [ 1727959.288733846740797, 10717448.356494251638651 ], [ 1727979.664681424386799, 10717467.699306206777692 ], [ 1728001.288330351468176, 10717485.636280817911029 ], [ 1728070.282293101307005, 10717279.120578926056623 ] ] ] } },
{ "type": "Feature", "properties": { "prop_id": 23282.0, "lot": "015", "block": "011", "subdivision": "GREEN TREE NORTH", "legal_desc": "BLK: 011, LOT: 015, ADDN: GREEN TREE NORTH, SEC 6" }, "geometry": { "type": "Polygon", "coordinates": [ [ [ 1731236.988793151453137, 10717302.613229557871819 ], [ 1731213.196185396052897, 10717295.212653124704957 ], [ 1731190.258563013281673, 10717285.480388063937426 ], [ 1731168.403615572024137, 10717273.512890787795186 ], [ 1731147.848534440854564, 10717259.429583685472608 ], [ 1731063.298822126584128, 10717346.99045018851757 ], [ 1731171.203812144231051, 10717451.184483086690307 ], [ 1731236.988793151453137, 10717302.613229557871819 ] ] ] } },
{ "type": "Feature", "properties": { "prop_id": 23284.0, "lot": "017", "block": "011", "subdivision": "GREEN TREE NORTH", "legal_desc": "BLK: 011, LOT: 017, ADDN: GREEN TREE NORTH, SEC 6" }, "geometry": { "type": "Polygon", "coordinates": [ [ [ 1731455.951978729804978, 10717369.247288411483169 ], [ 1731448.756781451171264, 10717357.072442019358277 ], [ 1731342.223838502541184, 10717329.675513273105025 ], [ 1731319.807871054392308, 10717416.839725194498897 ], [ 1731436.026820206549019, 10717446.726478530094028 ], [ 1731455.951978729804978, 10717369.247288411483169 ] ] ] } },
{ "type": "Feature", "properties": { "prop_id": null, "lot": "", "block": "", "subdivision": "", "legal_desc": "" }, "geometry": { "type": "Polygon", "coordinates": [ [ [ 1729563.691321085439995, 10717421.430645287036896 ], [ 1729548.485308474162593, 10717295.343276984989643 ], [ 1729350.361326085403562, 10717315.737602349370718 ], [ 1729364.185120658949018, 10717345.450802424922585 ], [ 1729376.248419802868739, 10717375.921219013631344 ], [ 1729386.510212977416813, 10717407.044521603733301 ], [ 1729394.935395522043109, 10717438.71441120095551 ], [ 1729563.691321085439995, 10717421.430645287036896 ] ] ] } },
{ "type": "Feature", "properties": { "prop_id": 23009.0, "lot": "028", "block": "003", "subdivision": "GREEN TREE NORTH", "legal_desc": "BLK: 003, LOT: 028, ADDN: GREEN TREE NORTH" }, "geometry": { "type": "Polygon", "coordinates": [ [ [ 1727384.028296698117629, 10717360.963624937459826 ], [ 1727332.156997123034671, 10717252.753521656617522 ], [ 1727196.901011864421889, 10717317.589693412184715 ], [ 1727248.770014776848257, 10717425.800452873110771 ], [ 1727384.028296698117629, 10717360.963624937459826 ] ] ] } },
{ "type": "Feature", "properties": { "prop_id": 23163.0, "lot": "005", "block": "008", "subdivision": "GREEN TREE NORTH", "legal_desc": "BLK: 008, LOT: 005, ADDN: GREEN TREE NORTH, SEC 2" }, "geometry": { "type": "Polygon", "coordinates": [ [ [ 1727167.22718356619589, 10717394.452743250876665 ], [ 1727144.385032296646386, 10717346.841282060369849 ], [ 1727137.177695978665724, 10717334.210399767383933 ], [ 1727128.209864249685779, 10717322.762586204335093 ], [ 1727117.671825371682644, 10717312.740951228886843 ], [ 1727105.788316660560668, 10717304.3590770624578 ], [ 1727092.811634211800992, 10717297.794784909114242 ], [ 1727079.018023889977485, 10717293.188494458794594 ], [ 1727054.976072878576815, 10717287.001498525962234 ], [ 1727022.818982662400231, 10717412.961571840569377 ], [ 1727067.80610586819239, 10717424.44678589142859 ], [ 1727167.22718356619589, 10717394.452743250876665 ] ] ] } },
{ "type": "Feature", "properties": { "prop_id": 23259.0, "lot": "028", "block": "010", "subdivision": "GREEN TREE NORTH", "legal_desc": "BLK: 010, LOT: 028, ADDN: GREEN TREE NORTH, SEC 6" }, "geometry": { "type": "Polygon", "coordinates": [ [ [ 1731955.655137186404318, 10717404.856461485847831 ], [ 1732102.287074822001159, 10716938.09812125377357 ], [ 1731521.049940762110054, 10716789.383513452485204 ], [ 1731483.599882046226412, 10716935.468550205230713 ], [ 1731446.167867749929428, 10717080.722223673015833 ], [ 1731394.514096000464633, 10717281.170350831001997 ], [ 1731470.259693423518911, 10717300.649315824732184 ], [ 1731483.739655735203996, 10717293.88850100338459 ], [ 1731485.841685762396082, 10717289.169349418953061 ], [ 1731403.098725748015568, 10717267.890191065147519 ], [ 1731524.626049955375493, 10716796.302463972941041 ], [ 1732091.572855640202761, 10716942.403559911996126 ], [ 1731950.490120072383434, 10717388.040547419339418 ], [ 1731925.083014423493296, 10717402.126480458304286 ], [ 1731820.934909601928666, 10717375.343395683914423 ], [ 1731819.690161303849891, 10717380.185578478500247 ], [ 1731826.883718039374799, 10717392.360752960667014 ], [ 1731930.24901610170491, 10717418.942394565790892 ], [ 1731955.655137186404318, 10717404.856461485847831 ] ] ] } },
{ "type": "Feature", "properties": { "prop_id": 23162.0, "lot": "004", "block": "008", "subdivision": "GREEN TREE NORTH", "legal_desc": "BLK: 008, LOT: 004, ADDN: GREEN TREE NORTH, SEC 2" }, "geometry": { "type": "Polygon", "coordinates": [ [ [ 1727054.976072878576815, 10717287.001498525962234 ], [ 1726962.928011629730463, 10717263.502528192475438 ], [ 1726930.770921441027895, 10717389.462601482868195 ], [ 1727022.818982662400231, 10717412.961571840569377 ], [ 1727054.976072878576815, 10717287.001498525962234 ] ] ] } },
{ "type": "Feature", "properties": { "prop_id": 23086.0, "lot": "007", "block": "005", "subdivision": "GREEN TREE NORTH", "legal_desc": "BLK: 005, LOT: 007, ADDN: GREEN TREE NORTH" }, "geometry": { "type": "Polygon", "coordinates": [ [ [ 1729966.019654886797071, 10717385.343757504597306 ], [ 1729962.455681335180998, 10717252.520508741959929 ], [ 1729798.789641217095777, 10717257.388286614790559 ], [ 1729798.878552100155503, 10717267.323307897895575 ], [ 1729799.978619080036879, 10717390.283385720103979 ], [ 1729966.019654886797071, 10717385.343757504597306 ] ] ] } },
{ "type": "Feature", "properties": { "prop_id": 23161.0, "lot": "003", "block": "008", "subdivision": "GREEN TREE NORTH", "legal_desc": "BLK: 008, LOT: 003, ADDN: GREEN TREE NORTH, SEC 2" }, "geometry": { "type": "Polygon", "coordinates": [ [ [ 1726962.928011629730463, 10717263.502528192475438 ], [ 1726870.879950251197442, 10717240.003557816147804 ], [ 1726838.723844569874927, 10717365.963631106540561 ], [ 1726930.770921441027895, 10717389.462601482868195 ], [ 1726962.928011629730463, 10717263.502528192475438 ] ] ] } },
{ "type": "Feature", "properties": { "prop_id": 23113.0, "lot": "013", "block": "006", "subdivision": "GREEN TREE NORTH", "legal_desc": "BLK: 006, LOT: 013, ADDN: GREEN TREE NORTH" }, "geometry": { "type": "Polygon", "coordinates": [ [ [ 1730188.1065203032922, 10717380.107540348544717 ], [ 1730184.703636616934091, 10717275.075251452624798 ], [ 1730184.382770703639835, 10717265.167461110278964 ], [ 1730022.468695980496705, 10717270.439109589904547 ], [ 1730026.192773766815662, 10717385.379516921937466 ], [ 1730188.1065203032922, 10717380.107540348544717 ] ] ] } },
{ "type": "Feature", "properties": { "prop_id": 23257.0, "lot": "026", "block": "010", "subdivision": "GREEN TREE NORTH", "legal_desc": "BLK: 010, LOT: 026, ADDN: GREEN TREE NORTH, SEC 6" }, "geometry": { "type": "Polygon", "coordinates": [ [ [ 1731937.136140904622152, 10717363.95528981089592 ], [ 1731958.97008877643384, 10717294.990519801154733 ], [ 1731848.879737286595628, 10717266.678238477557898 ], [ 1731825.915870985947549, 10717355.973352078348398 ], [ 1731911.730019601760432, 10717378.041550945490599 ], [ 1731937.136140904622152, 10717363.95528981089592 ] ] ] } },
{ "type": "Feature", "properties": { "prop_id": 23062.0, "lot": "004", "block": "004", "subdivision": "GREEN TREE NORTH", "legal_desc": "BLK: 004, LOT: 004, ADDN: GREEN TREE NORTH" }, "geometry": { "type": "Polygon", "coordinates": [ [ [ 1729254.435318890027702, 10717279.730452746152878 ], [ 1729234.893030587816611, 10717243.031373193487525 ], [ 1729221.867135202046484, 10717221.861136503517628 ], [ 1729206.787109698168933, 10717202.101002339273691 ], [ 1729189.805184671189636, 10717183.9497891664505 ], [ 1729171.091307604452595, 10717167.589583279564977 ], [ 1729150.833469992037863, 10717153.185410602018237 ], [ 1729129.235739985248074, 10717140.880971683189273 ], [ 1729106.514652610523626, 10717130.800938183441758 ], [ 1729082.898553620558232, 10717123.045703617855906 ], [ 1728992.873459497466683, 10717281.219302555546165 ], [ 1729095.694469140609726, 10717376.131528344005346 ], [ 1729254.435318890027702, 10717279.730452746152878 ] ] ] } },
{ "type": "Feature", "properties": { "prop_id": 23230.0, "lot": "", "block": "010", "subdivision": "GREEN TREE NORTH", "legal_desc": "BLK: 010, COMMON AREA B, ADDN: GREEN TREE NORTH, SEC 6" }, "geometry": { "type": "Polygon", "coordinates": [ [ [ 1731771.265052366768941, 10717367.732518538832664 ], [ 1731772.510784877697006, 10717362.889679571613669 ], [ 1731723.084037263412029, 10717355.341466348618269 ], [ 1731661.592679210938513, 10717339.528176674619317 ], [ 1731582.17090735421516, 10717319.103347336873412 ], [ 1731535.233656364958733, 10717301.870440382510424 ], [ 1731532.89704652945511, 10717306.583686472848058 ], [ 1731538.476761158090085, 10717318.192589055746794 ], [ 1731759.089877813123167, 10717374.926403436809778 ], [ 1731771.265052366768941, 10717367.732518538832664 ] ] ] } },
{ "type": "Feature", "properties": { "prop_id": 23160.0, "lot": "002", "block": "008", "subdivision": "GREEN TREE NORTH", "legal_desc": "BLK: 008, LOT: 002, ADDN: GREEN TREE NORTH, SEC 2" }, "geometry": { "type": "Polygon", "coordinates": [ [ [ 1726870.879950251197442, 10717240.003557816147804 ], [ 1726778.831889065681025, 10717216.504587464034557 ], [ 1726746.676111260894686, 10717342.46466076374054 ], [ 1726838.723844569874927, 10717365.963631106540561 ], [ 1726870.879950251197442, 10717240.003557816147804 ] ] ] } },
{ "type": "Feature", "properties": { "prop_id": 23258.0, "lot": "027", "block": "010", "subdivision": "GREEN TREE NORTH", "legal_desc": "BLK: 010, LOT: 027, ADDN: GREEN TREE NORTH, SEC 6" }, "geometry": { "type": "Polygon", "coordinates": [ [ [ 1731808.624888257589191, 10717222.459488168358803 ], [ 1731699.024693438783288, 10717194.274503201246262 ], [ 1731661.592679210938513, 10717339.528176674619317 ], [ 1731723.084037263412029, 10717355.341466348618269 ], [ 1731772.510784877697006, 10717362.889679571613669 ], [ 1731808.624888257589191, 10717222.459488168358803 ] ] ] } },
{ "type": "Feature", "properties": { "prop_id": 23159.0, "lot": "001", "block": "008", "subdivision": "GREEN TREE NORTH", "legal_desc": "BLK: 008, LOT: 001, ADDN: GREEN TREE NORTH, SEC 2" }, "geometry": { "type": "Polygon", "coordinates": [ [ [ 1726746.676111260894686, 10717342.46466076374054 ], [ 1726778.831889065681025, 10717216.504587464034557 ], [ 1726664.635245824931189, 10717187.101428985595703 ], [ 1726627.479149634949863, 10717332.426624648272991 ], [ 1726717.501952143618837, 10717355.661487927660346 ], [ 1726746.676111260894686, 10717342.46466076374054 ] ] ] } },
{ "type": "Feature", "properties": { "prop_id": 23281.0, "lot": "014", "block": "011", "subdivision": "GREEN TREE NORTH", "legal_desc": "BLK: 011, LOT: 014, ADDN: GREEN TREE NORTH, SEC 6" }, "geometry": { "type": "Polygon", "coordinates": [ [ [ 1731147.848534440854564, 10717259.429583685472608 ], [ 1731136.442715229466558, 10717250.207487933337688 ], [ 1731125.5969340975862, 10717240.332506245002151 ], [ 1731060.329990835860372, 10717177.310313122346997 ], [ 1730976.974502051481977, 10717263.634305221959949 ], [ 1731063.298822126584128, 10717346.99045018851757 ], [ 1731147.848534440854564, 10717259.429583685472608 ] ] ] } },
{ "type": "Feature", "properties": { "prop_id": 23261.0, "lot": "030", "block": "010", "subdivision": "GREEN TREE NORTH", "legal_desc": "BLK: 010, LOT: 030, ADDN: GREEN TREE NORTH, SEC 6" }, "geometry": { "type": "Polygon", "coordinates": [ [ [ 1731699.024693438783288, 10717194.274503201246262 ], [ 1731614.594072529114783, 10717172.561290508136153 ], [ 1731601.804070215439424, 10717199.692146951332688 ], [ 1731587.067877535009757, 10717225.817099804058671 ], [ 1731570.463905721902847, 10717250.7967135515064 ], [ 1731552.080737892072648, 10717274.497458290308714 ], [ 1731543.119796686340123, 10717287.853077277541161 ], [ 1731535.233656364958733, 10717301.870440382510424 ], [ 1731582.17090735421516, 10717319.103347336873412 ], [ 1731661.592679210938513, 10717339.528176674619317 ], [ 1731699.024693438783288, 10717194.274503201246262 ] ] ] } },
{ "type": "Feature", "properties": { "prop_id": 23044.0, "lot": "063", "block": "003", "subdivision": "GREEN TREE NORTH", "legal_desc": "BLK: 003, LOT: 063, ADDN: GREEN TREE NORTH" }, "geometry": { "type": "Polygon", "coordinates": [ [ [ 1727789.901242387481034, 10717281.530687382444739 ], [ 1727784.557091162307188, 10717251.51532226242125 ], [ 1727781.755258384160697, 10717221.15678184479475 ], [ 1727781.515756612177938, 10717190.670288814231753 ], [ 1727783.840226485161111, 10717160.271722072735429 ], [ 1727580.319271365879104, 10717135.806549241766334 ], [ 1727515.203252418665215, 10717284.809560507535934 ], [ 1727548.424978081136942, 10717335.347525235265493 ], [ 1727789.901242387481034, 10717281.530687382444739 ] ] ] } },
{ "type": "Feature", "properties": { "prop_id": 23008.0, "lot": "027", "block": "003", "subdivision": "GREEN TREE NORTH", "legal_desc": "BLK: 003, LOT: 027, ADDN: GREEN TREE NORTH" }, "geometry": { "type": "Polygon", "coordinates": [ [ [ 1727332.156997123034671, 10717252.753521656617522 ], [ 1727291.161006391048431, 10717167.231696942821145 ], [ 1727147.927999814739451, 10717172.328476475551724 ], [ 1727150.577602058183402, 10717196.570886299014091 ], [ 1727155.553315337980166, 10717220.444858433678746 ], [ 1727162.808880217606202, 10717243.727296128869057 ], [ 1727172.276055368129164, 10717266.201664391905069 ], [ 1727196.901011864421889, 10717317.589693412184715 ], [ 1727332.156997123034671, 10717252.753521656617522 ] ] ] } },
{ "type": "Feature", "properties": { "prop_id": 23099.0, "lot": "020", "block": "005", "subdivision": "GREEN TREE NORTH", "legal_desc": "BLK: 005, LOT: 020, ADDN: GREEN TREE NORTH" }, "geometry": { "type": "Polygon", "coordinates": [ [ [ 1729548.485308474162593, 10717295.343276984989643 ], [ 1729535.481719579547644, 10717169.011486478149891 ], [ 1729287.249561205506325, 10717194.786380849778652 ], [ 1729334.435501417610794, 10717286.01948107033968 ], [ 1729350.361326085403562, 10717315.737602349370718 ], [ 1729548.485308474162593, 10717295.343276984989643 ] ] ] } },
{ "type": "Feature", "properties": { "prop_id": 23256.0, "lot": "025", "block": "010", "subdivision": "GREEN TREE NORTH", "legal_desc": "BLK: 010, LOT: 025, ADDN: GREEN TREE NORTH, SEC 6" }, "geometry": { "type": "Polygon", "coordinates": [ [ [ 1731983.998912343988195, 10717215.932592242956161 ], [ 1731869.502072807634249, 10717186.48743911832571 ], [ 1731848.879737286595628, 10717266.678238477557898 ], [ 1731958.97008877643384, 10717294.990519801154733 ], [ 1731983.998912343988195, 10717215.932592242956161 ] ] ] } },
{ "type": "Feature", "properties": { "prop_id": 23063.0, "lot": "005", "block": "004", "subdivision": "GREEN TREE NORTH", "legal_desc": "BLK: 004, LOT: 005, ADDN: GREEN TREE NORTH" }, "geometry": { "type": "Polygon", "coordinates": [ [ [ 1729082.898553620558232, 10717123.045703617855906 ], [ 1728888.58657035487704, 10717075.672763837501407 ], [ 1728847.137503905920312, 10717245.691484171897173 ], [ 1728992.873459497466683, 10717281.219302555546165 ], [ 1729082.898553620558232, 10717123.045703617855906 ] ] ] } },
{ "type": "Feature", "properties": { "prop_id": 23245.0, "lot": "014", "block": "010", "subdivision": "GREEN TREE NORTH", "legal_desc": "BLK: 010, LOT: 014, ADDN: GREEN TREE NORTH, SEC 6" }, "geometry": { "type": "Polygon", "coordinates": [ [ [ 1731416.818512766854838, 10717114.466257534921169 ], [ 1731402.442882031667978, 10717090.108690740540624 ], [ 1731334.657900085905567, 10717072.640220517292619 ], [ 1731300.038544311420992, 10717206.9772471152246 ], [ 1731308.315104023786262, 10717207.614384867250919 ], [ 1731316.372504024067894, 10717209.612412495538592 ], [ 1731323.98797602718696, 10717212.915555847808719 ], [ 1731330.952202290762216, 10717217.433592058718204 ], [ 1731337.072926176944748, 10717223.041193230077624 ], [ 1731342.181184851331636, 10717229.584488263353705 ], [ 1731346.136886231601238, 10717236.882375102490187 ], [ 1731348.830451254965737, 10717244.734394816681743 ], [ 1731350.187732336577028, 10717252.924012424424291 ], [ 1731350.171328475465998, 10717261.225178405642509 ], [ 1731348.781895481515676, 10717269.409218663349748 ], [ 1731375.143724497407675, 10717276.18938928283751 ], [ 1731416.818512766854838, 10717114.466257534921169 ] ] ] } },
{ "type": "Feature", "properties": { "prop_id": 23246.0, "lot": "015", "block": "010", "subdivision": "GREEN TREE NORTH", "legal_desc": "BLK: 010, LOT: 015, ADDN: GREEN TREE NORTH, SEC 6" }, "geometry": { "type": "Polygon", "coordinates": [ [ [ 1731526.600796170299873, 10717225.77248216047883 ], [ 1731543.544662193860859, 10717201.135387415066361 ], [ 1731558.276589885586873, 10717175.11542129330337 ], [ 1731454.532683863770217, 10717148.436338944360614 ], [ 1731432.451033462770283, 10717234.137298950925469 ], [ 1731446.829944878118113, 10717258.485679367557168 ], [ 1731495.107744398992509, 10717270.901337813585997 ], [ 1731509.829501615604386, 10717247.621852280572057 ], [ 1731526.600796170299873, 10717225.77248216047883 ] ] ] } },
{ "type": "Feature", "properties": { "prop_id": 23114.0, "lot": "014", "block": "006", "subdivision": "GREEN TREE NORTH", "legal_desc": "BLK: 006, LOT: 014, ADDN: GREEN TREE NORTH" }, "geometry": { "type": "Polygon", "coordinates": [ [ [ 1730184.382770703639835, 10717265.167461110278964 ], [ 1730184.058624109253287, 10717255.162558076903224 ], [ 1730180.756790094077587, 10717153.226392148062587 ], [ 1730018.369618456345052, 10717140.502338539808989 ], [ 1730018.581560410093516, 10717150.498711362481117 ], [ 1730022.468695980496705, 10717270.439109589904547 ], [ 1730184.382770703639835, 10717265.167461110278964 ] ] ] } },
{ "type": "Feature", "properties": { "prop_id": 23280.0, "lot": "013", "block": "011", "subdivision": "GREEN TREE NORTH", "legal_desc": "BLK: 011, LOT: 013, ADDN: GREEN TREE NORTH, SEC 6" }, "geometry": { "type": "Polygon", "coordinates": [ [ [ 1731060.329990835860372, 10717177.310313122346997 ], [ 1731009.137825461104512, 10717127.87831799685955 ], [ 1730999.998078263364732, 10717117.832076717168093 ], [ 1730992.231687853578478, 10717106.689708769321442 ], [ 1730985.968903536908329, 10717094.638221710920334 ], [ 1730869.069840292446315, 10717159.439288066700101 ], [ 1730969.747152871219441, 10717256.655315492302179 ], [ 1730976.974502051481977, 10717263.634305221959949 ], [ 1731060.329990835860372, 10717177.310313122346997 ] ] ] } },
{ "type": "Feature", "properties": { "prop_id": 23085.0, "lot": "006", "block": "005", "subdivision": "GREEN TREE NORTH", "legal_desc": "BLK: 005, LOT: 006, ADDN: GREEN TREE NORTH" }, "geometry": { "type": "Polygon", "coordinates": [ [ [ 1729962.455681335180998, 10717252.520508741959929 ], [ 1729958.67353334557265, 10717156.224424412474036 ], [ 1729958.538690112764016, 10717119.705462072044611 ], [ 1729797.599679021164775, 10717124.494499837979674 ], [ 1729798.700402106158435, 10717247.409302178770304 ], [ 1729798.789641217095777, 10717257.388286614790559 ], [ 1729962.455681335180998, 10717252.520508741959929 ] ] ] } },
{ "type": "Feature", "properties": { "prop_id": 23065.0, "lot": "007", "block": "004", "subdivision": "GREEN TREE NORTH", "legal_desc": "BLK: 004, LOT: 007 & E.65.07 LOT, ADDN: GREEN TREE NORTH, 8 (AKA LT 7A & 7B)" }, "geometry": { "type": "Polygon", "coordinates": [ [ [ 1728708.851332449587062, 10717031.854279169812799 ], [ 1728543.683325147721916, 10716991.588609118014574 ], [ 1728480.423269395250827, 10716976.166394904255867 ], [ 1728424.822327204514295, 10717204.419589567929506 ], [ 1728487.315324334893376, 10717222.806365344673395 ], [ 1728527.181393514852971, 10717229.834894740954041 ], [ 1728541.298493905924261, 10717232.323734978213906 ], [ 1728655.087328974856064, 10717252.385375017300248 ], [ 1728708.851332449587062, 10717031.854279169812799 ] ] ] } },
{ "type": "Feature", "properties": { "prop_id": 23064.0, "lot": "006", "block": "004", "subdivision": "GREEN TREE NORTH", "legal_desc": "BLK: 004, LOT: 006, ADDN: GREEN TREE NORTH" }, "geometry": { "type": "Polygon", "coordinates": [ [ [ 1728847.137503905920312, 10717245.691484171897173 ], [ 1728888.58657035487704, 10717075.672763837501407 ], [ 1728757.428343928186223, 10717043.697432074695826 ], [ 1728706.978310599224642, 10717250.635704848915339 ], [ 1728847.137503905920312, 10717245.691484171897173 ] ] ] } },
{ "type": "Feature", "properties": { "prop_id": 23244.0, "lot": "013", "block": "010", "subdivision": "GREEN TREE NORTH", "legal_desc": "BLK: 010, LOT: 013, ADDN: GREEN TREE NORTH, SEC 6" }, "geometry": { "type": "Polygon", "coordinates": [ [ [ 1731300.038544311420992, 10717206.9772471152246 ], [ 1731334.657900085905567, 10717072.640220517292619 ], [ 1731247.504842987051234, 10717050.181602448225021 ], [ 1731202.681766794295982, 10717224.117638586089015 ], [ 1731218.436003557639197, 10717232.445706970989704 ], [ 1731234.901196807157248, 10717239.260982822626829 ], [ 1731251.932661890052259, 10717244.503426853567362 ], [ 1731254.619992783525959, 10717236.763283386826515 ], [ 1731258.535011637723073, 10717229.565789811313152 ], [ 1731263.573060067603365, 10717223.104515375569463 ], [ 1731269.598639632109553, 10717217.552688045427203 ], [ 1731276.450004783691838, 10717213.059585792943835 ], [ 1731283.943429381353781, 10717209.745615230873227 ], [ 1731291.877141900593415, 10717207.699686996638775 ], [ 1731300.038544311420992, 10717206.9772471152246 ] ] ] } },
{ "type": "Feature", "properties": { "prop_id": 22926.0, "lot": "016", "block": "001", "subdivision": "GREEN TREE NORTH", "legal_desc": "BLK: 001, LOT: 016, ADDN: GREEN TREE NORTH, SEC 2" }, "geometry": { "type": "Polygon", "coordinates": [ [ [ 1727090.104943371610716, 10717198.669637473300099 ], [ 1727087.944513455731794, 10717176.635228825733066 ], [ 1727087.360524655552581, 10717154.502723224461079 ], [ 1727088.355272711254656, 10717132.384981358423829 ], [ 1727090.924165215808898, 10717110.394535781815648 ], [ 1726998.72813807730563, 10717086.871615335345268 ], [ 1726969.045124598778784, 10717203.142729833722115 ], [ 1727059.26608961680904, 10717226.196491057053208 ], [ 1727063.263129627099261, 10717226.855938587337732 ], [ 1727067.313975248718634, 10717226.861187798902392 ], [ 1727071.312655434012413, 10717226.211910672485828 ], [ 1727075.153855703771114, 10717224.925495548173785 ], [ 1727078.737182468641549, 10717223.035407042130828 ], [ 1727081.967819538433105, 10717220.591513767838478 ], [ 1727084.761449525365606, 10717217.658120077103376 ], [ 1727087.044910044874996, 10717214.311669413000345 ], [ 1727088.757505083689466, 10717210.640744283795357 ], [ 1727089.85494404216297, 10717206.741145106032491 ], [ 1727090.308027120539919, 10717202.715561855584383 ], [ 1727090.104943371610716, 10717198.669637473300099 ] ] ] } },
{ "type": "Feature", "properties": { "prop_id": 23243.0, "lot": "012", "block": "010", "subdivision": "GREEN TREE NORTH", "legal_desc": "BLK: 010, LOT: 012, ADDN: GREEN TREE NORTH, SEC 6" }, "geometry": { "type": "Polygon", "coordinates": [ [ [ 1731247.504842987051234, 10717050.181602448225021 ], [ 1731160.351785914739594, 10717027.722328249365091 ], [ 1731126.765564688015729, 10717158.054440842941403 ], [ 1731178.279579728608951, 10717207.000544469803572 ], [ 1731190.144387934356928, 10717216.038585428148508 ], [ 1731202.681766794295982, 10717224.117638586089015 ], [ 1731247.504842987051234, 10717050.181602448225021 ] ] ] } },
{ "type": "Feature", "properties": { "prop_id": 23255.0, "lot": "024", "block": "010", "subdivision": "GREEN TREE NORTH", "legal_desc": "BLK: 010, LOT: 024, ADDN: GREEN TREE NORTH, SEC 6" }, "geometry": { "type": "Polygon", "coordinates": [ [ [ 1732009.692104644374922, 10717134.774274786934257 ], [ 1731869.895114416023716, 10717098.823228700086474 ], [ 1731873.977128496393561, 10717116.128315171226859 ], [ 1731875.992217067396268, 10717133.79363726079464 ], [ 1731875.912493481533602, 10717151.573132462799549 ], [ 1731873.738941407063976, 10717169.219753893092275 ], [ 1731869.502072807634249, 10717186.48743911832571 ], [ 1731983.998912343988195, 10717215.932592242956161 ], [ 1732009.692104644374922, 10717134.774274786934257 ] ] ] } },
{ "type": "Feature", "properties": { "prop_id": 23067.0, "lot": "8", "block": "004", "subdivision": "GREEN TREE NORTH", "legal_desc": "BLK: 004, LOT: 8(W105.12)&, ADDN: GREEN TREE NORTH, LOT 9(E15.01),(AKA LT 8A)" }, "geometry": { "type": "Polygon", "coordinates": [ [ [ 1728480.423269395250827, 10716976.166394904255867 ], [ 1728378.519254978979006, 10716951.323267119005322 ], [ 1728363.816197618376464, 10716947.739612670615315 ], [ 1728309.261185300769284, 10717171.676214152947068 ], [ 1728324.045279075857252, 10717174.768399687483907 ], [ 1728386.556320763891563, 10717193.160752875730395 ], [ 1728424.822327204514295, 10717204.419589567929506 ], [ 1728480.423269395250827, 10716976.166394904255867 ] ] ] } },
{ "type": "Feature", "properties": { "prop_id": 22925.0, "lot": "015", "block": "001", "subdivision": "GREEN TREE NORTH", "legal_desc": "BLK: 001, LOT: 015, ADDN: GREEN TREE NORTH, SEC 2" }, "geometry": { "type": "Polygon", "coordinates": [ [ [ 1726998.72813807730563, 10717086.871615335345268 ], [ 1726908.618065496208146, 10717063.867394650354981 ], [ 1726878.93505220208317, 10717180.13883725181222 ], [ 1726969.045124598778784, 10717203.142729833722115 ], [ 1726998.72813807730563, 10717086.871615335345268 ] ] ] } },
{ "type": "Feature", "properties": { "prop_id": 23259.0, "lot": "028", "block": "010", "subdivision": "GREEN TREE NORTH", "legal_desc": "BLK: 010, LOT: 028, ADDN: GREEN TREE NORTH, SEC 6" }, "geometry": { "type": "Polygon", "coordinates": [ [ [ 1731825.165210478939116, 10717155.983887007459998 ], [ 1731826.209171427879483, 10717140.072170548141003 ], [ 1731824.658977152546868, 10717124.201464584097266 ], [ 1731820.555637557059526, 10717108.792700108140707 ], [ 1731814.007420856971294, 10717094.253028638660908 ], [ 1731805.187882693950087, 10717080.967948073521256 ], [ 1731794.3306187344715, 10717069.289163891226053 ], [ 1731781.723029970191419, 10717059.525730580091476 ], [ 1731767.699104986619204, 10717051.936177859082818 ], [ 1731752.629906706744805, 10717046.721292780712247 ], [ 1731718.693948472151533, 10717178.681355193257332 ], [ 1731813.605849712621421, 10717203.089444553479552 ], [ 1731825.165210478939116, 10717155.983887007459998 ] ] ] } },
{ "type": "Feature", "properties": { "prop_id": 23100.0, "lot": "021", "block": "005", "subdivision": "GREEN TREE NORTH", "legal_desc": "BLK: 005, LOT: 021, ADDN: GREEN TREE NORTH" }, "geometry": { "type": "Polygon", "coordinates": [ [ [ 1729535.481719579547644, 10717169.011486478149891 ], [ 1729529.961384308291599, 10717021.014380902051926 ], [ 1729489.086783377453685, 10716897.809225892648101 ], [ 1729474.014633238082752, 10716921.505377335473895 ], [ 1729457.165254851337522, 10716943.9722004160285 ], [ 1729438.638386580394581, 10716965.077149376273155 ], [ 1729418.543279354926199, 10716984.695224436 ], [ 1729396.999683862552047, 10717002.710284106433392 ], [ 1729296.749212141381577, 10717068.628473907709122 ], [ 1729287.094374322332442, 10717076.176032612100244 ], [ 1729278.797473730752245, 10717085.195373380556703 ], [ 1729272.08029463631101, 10717095.445354886353016 ], [ 1729267.12197065888904, 10717106.652355590835214 ], [ 1729264.054719444829971, 10717118.517163468524814 ], [ 1729262.960561751853675, 10717130.723178025335073 ], [ 1729263.868696837453172, 10717142.944284327328205 ], [ 1729266.755174695514143, 10717154.854367567226291 ], [ 1729271.542568109929562, 10717166.13551483862102 ], [ 1729287.249561205506325, 10717194.786380849778652 ], [ 1729535.481719579547644, 10717169.011486478149891 ] ] ] } },
{ "type": "Feature", "properties": { "prop_id": 22924.0, "lot": "014", "block": "001", "subdivision": "GREEN TREE NORTH", "legal_desc": "BLK: 001, LOT: 014, ADDN: GREEN TREE NORTH, SEC 2" }, "geometry": { "type": "Polygon", "coordinates": [ [ [ 1726908.618065496208146, 10717063.867394650354981 ], [ 1726837.885910566430539, 10717045.810342945158482 ], [ 1726813.563776889350265, 10717060.24043545499444 ], [ 1726788.828916326863691, 10717157.132319990545511 ], [ 1726878.93505220208317, 10717180.13883725181222 ], [ 1726908.618065496208146, 10717063.867394650354981 ] ] ] } },
{ "type": "Feature", "properties": { "prop_id": 23260.0, "lot": "029", "block": "010", "subdivision": "GREEN TREE NORTH", "legal_desc": "BLK: 010, LOT: 029, ADDN: GREEN TREE NORTH, SEC 6" }, "geometry": { "type": "Polygon", "coordinates": [ [ [ 1731752.629906706744805, 10717046.721292780712247 ], [ 1731738.243449722416699, 10717044.172085236757994 ], [ 1731723.63816165109165, 10717043.779697896912694 ], [ 1731709.135563431773335, 10717045.552660966292024 ], [ 1731695.055208425736055, 10717049.451932456344366 ], [ 1731681.706479608546942, 10717055.391554560512304 ], [ 1731669.383339807623997, 10717063.240950057283044 ], [ 1731658.357769367750734, 10717072.827219011262059 ], [ 1731648.87156669027172, 10717083.939731827005744 ], [ 1731641.134048295905814, 10717096.333082167431712 ], [ 1731635.315489581553265, 10717109.734960794448853 ], [ 1731631.544171393150464, 10717123.850420771166682 ], [ 1731621.973979650065303, 10717153.808371724560857 ], [ 1731718.693948472151533, 10717178.681355193257332 ], [ 1731752.629906706744805, 10717046.721292780712247 ] ] ] } },
{ "type": "Feature", "properties": { "prop_id": 23247.0, "lot": "016", "block": "010", "subdivision": "GREEN TREE NORTH", "legal_desc": "BLK: 010, LOT: 016, ADDN: GREEN TREE NORTH, SEC 6" }, "geometry": { "type": "Polygon", "coordinates": [ [ [ 1731587.4999596956186, 10717095.790433743968606 ], [ 1731475.536580208456144, 10717066.937471065670252 ], [ 1731454.532683863770217, 10717148.436338944360614 ], [ 1731558.276589885586873, 10717175.11542129330337 ], [ 1731570.001633484149352, 10717149.433053055778146 ], [ 1731579.761129254475236, 10717122.941303135827184 ], [ 1731587.4999596956186, 10717095.790433743968606 ] ] ] } },
{ "type": "Feature", "properties": { "prop_id": 23007.0, "lot": "026", "block": "003", "subdivision": "GREEN TREE NORTH", "legal_desc": "BLK: 003, LOT: 026, ADDN: GREEN TREE NORTH" }, "geometry": { "type": "Polygon", "coordinates": [ [ [ 1727291.161006391048431, 10717167.231696942821145 ], [ 1727319.783654846949503, 10717059.713519286364317 ], [ 1727321.0329960512463, 10717055.019302109256387 ], [ 1727176.091986293205991, 10717016.43440268933773 ], [ 1727155.963087994139642, 10717092.087480695918202 ], [ 1727151.544133384246379, 10717111.841053757816553 ], [ 1727148.721632566070184, 10717131.885308654978871 ], [ 1727147.513630191329867, 10717152.090980529785156 ], [ 1727147.927999814739451, 10717172.328476475551724 ], [ 1727291.161006391048431, 10717167.231696942821145 ] ] ] } },
{ "type": "Feature", "properties": { "prop_id": 23069.0, "lot": "9", "block": "004", "subdivision": "GREEN TREE NORTH", "legal_desc": "BLK: 004, LOT: 9(LESS E15.01 &, ADDN: GREEN TREE NORTH, LESS W36.01), (AKA LT 9A)" }, "geometry": { "type": "Polygon", "coordinates": [ [ [ 1728363.816197618376464, 10716947.739612670615315 ], [ 1728248.308205299079418, 10716919.580546457320452 ], [ 1728198.60718672350049, 10717148.536495592445135 ], [ 1728260.099201041506603, 10717161.395722437649965 ], [ 1728309.261185300769284, 10717171.676214152947068 ], [ 1728363.816197618376464, 10716947.739612670615315 ] ] ] } },
{ "type": "Feature", "properties": { "prop_id": 23045.0, "lot": "064", "block": "003", "subdivision": "GREEN TREE NORTH", "legal_desc": "BLK: 003, LOT: 064, ADDN: GREEN TREE NORTH" }, "geometry": { "type": "Polygon", "coordinates": [ [ [ 1727810.911368541419506, 10717060.180368218570948 ], [ 1727639.985167843522504, 10716954.437455404549837 ], [ 1727617.528188461204991, 10716969.426273848861456 ], [ 1727580.319271365879104, 10717135.806549241766334 ], [ 1727783.840226485161111, 10717160.271722072735429 ], [ 1727787.883525505894795, 10717134.581808127462864 ], [ 1727793.765075847040862, 10717109.249505043029785 ], [ 1727801.454365689074621, 10717084.406046150252223 ], [ 1727810.911368541419506, 10717060.180368218570948 ] ] ] } },
{ "type": "Feature", "properties": { "prop_id": 23279.0, "lot": "012", "block": "011", "subdivision": "GREEN TREE NORTH", "legal_desc": "BLK: 011, LOT: 012, ADDN: GREEN TREE NORTH, SEC 6" }, "geometry": { "type": "Polygon", "coordinates": [ [ [ 1730985.968903536908329, 10717094.638221710920334 ], [ 1730980.926917621167377, 10717080.524402426555753 ], [ 1730977.944639151450247, 10717065.83643714338541 ], [ 1730970.297669739695266, 10717006.827358510345221 ], [ 1730851.292637931415811, 10717022.246296985074878 ], [ 1730869.069840292446315, 10717159.439288066700101 ], [ 1730985.968903536908329, 10717094.638221710920334 ] ] ] } },
{ "type": "Feature", "properties": { "prop_id": 23242.0, "lot": "011", "block": "010", "subdivision": "GREEN TREE NORTH", "legal_desc": "BLK: 010, LOT: 011, ADDN: GREEN TREE NORTH, SEC 6" }, "geometry": { "type": "Polygon", "coordinates": [ [ [ 1731160.351785914739594, 10717027.722328249365091 ], [ 1731029.125646400963888, 10716993.905464380979538 ], [ 1731037.447155181551352, 10717058.127460014075041 ], [ 1731039.049186531687155, 10717065.530005531385541 ], [ 1731041.870047830278054, 10717072.558864030987024 ], [ 1731045.829686591168866, 10717079.015217011794448 ], [ 1731050.815898106666282, 10717084.716321971267462 ], [ 1731126.765564688015729, 10717158.054440842941403 ], [ 1731160.351785914739594, 10717027.722328249365091 ] ] ] } },
{ "type": "Feature", "properties": { "prop_id": 23115.0, "lot": "015", "block": "006", "subdivision": "GREEN TREE NORTH", "legal_desc": "BLK: 006, LOT: 015, ADDN: GREEN TREE NORTH" }, "geometry": { "type": "Polygon", "coordinates": [ [ [ 1730200.953600451350212, 10717040.013343207538128 ], [ 1730033.064469845965505, 10717010.080331593751907 ], [ 1730026.31185820302926, 10717042.273186501115561 ], [ 1730021.600581667851657, 10717074.827589293941855 ], [ 1730018.949668726418167, 10717107.61394695751369 ], [ 1730018.369618456345052, 10717140.502338539808989 ], [ 1730180.756790094077587, 10717153.226392148062587 ], [ 1730200.953600451350212, 10717040.013343207538128 ] ] ] } },
{ "type": "Feature", "properties": { "prop_id": 22923.0, "lot": "013", "block": "001", "subdivision": "GREEN TREE NORTH", "legal_desc": "BLK: 001, LOT: 013, ADDN: GREEN TREE NORTH, SEC 2" }, "geometry": { "type": "Polygon", "coordinates": [ [ [ 1726804.130065674427897, 10717016.363547120243311 ], [ 1726714.254900626372546, 10716993.354405213147402 ], [ 1726679.465925869997591, 10717128.963739208877087 ], [ 1726769.450014671543613, 10717152.185479152947664 ], [ 1726804.130065674427897, 10717016.363547120243311 ] ] ] } },
{ "type": "Feature", "properties": { "prop_id": 23070.0, "lot": "9", "block": "004", "subdivision": "GREEN TREE NORTH", "legal_desc": "BLK: 004, LOTS: 9(W36.01)&, ADDN: GREEN TREE NORTH, LOT 10(E92.75), (AKA LT 10A)" }, "geometry": { "type": "Polygon", "coordinates": [ [ [ 1728248.308205299079418, 10716919.580546457320452 ], [ 1728217.302684130147099, 10716912.044799879193306 ], [ 1728185.876232162350789, 10716906.520532608032227 ], [ 1728163.822466588579118, 10716904.675392236560583 ], [ 1728141.692913755774498, 10716904.451968085020781 ], [ 1728119.606667806161568, 10716905.851572461426258 ], [ 1728072.522114023100585, 10717122.16745269112289 ], [ 1728136.916353885550052, 10717135.63461796566844 ], [ 1728163.420242871856317, 10717141.177586138248444 ], [ 1728198.60718672350049, 10717148.536495592445135 ], [ 1728248.308205299079418, 10716919.580546457320452 ] ] ] } },
{ "type": "Feature", "properties": { "prop_id": 23254.0, "lot": "023", "block": "010", "subdivision": "GREEN TREE NORTH", "legal_desc": "BLK: 010, LOT: 023, ADDN: GREEN TREE NORTH, SEC 6" }, "geometry": { "type": "Polygon", "coordinates": [ [ [ 1732052.549962317105383, 10716999.401488672941923 ], [ 1731847.696990886237472, 10717054.285252710804343 ], [ 1731856.752092801732942, 10717068.266854302957654 ], [ 1731864.182525996351615, 10717083.175619572401047 ], [ 1731869.895114416023716, 10717098.823228700086474 ], [ 1732009.692104644374922, 10717134.774274786934257 ], [ 1732052.549962317105383, 10716999.401488672941923 ] ] ] } },
{ "type": "Feature", "properties": { "prop_id": 23084.0, "lot": "005", "block": "005", "subdivision": "GREEN TREE NORTH", "legal_desc": "BLK: 005, LOT: 005, ADDN: GREEN TREE NORTH" }, "geometry": { "type": "Polygon", "coordinates": [ [ [ 1729958.538690112764016, 10717119.705462072044611 ], [ 1729960.148922407301143, 10717088.076910698786378 ], [ 1729963.459283109987155, 10717056.580904990434647 ], [ 1729968.45992912305519, 10717025.308980187401175 ], [ 1729975.136753383325413, 10716994.351359246298671 ], [ 1729796.346724469214678, 10716984.499676151201129 ], [ 1729797.599679021164775, 10717124.494499837979674 ], [ 1729958.538690112764016, 10717119.705462072044611 ] ] ] } },
{ "type": "Feature", "properties": { "prop_id": 23072.0, "lot": "10", "block": "004", "subdivision": "GREEN TREE NORTH", "legal_desc": "BLK: 004, LOT: 10(W151.99), ADDN: GREEN TREE NORTH, (AKA LT 10B)" }, "geometry": { "type": "Polygon", "coordinates": [ [ [ 1728119.606667806161568, 10716905.851572461426258 ], [ 1728096.043718896107748, 10716909.178338699042797 ], [ 1728072.818695700727403, 10716914.362056950107217 ], [ 1728050.077595650916919, 10716921.370246907696128 ], [ 1728027.963462739251554, 10716930.159273525699973 ], [ 1728006.615733134094626, 10716940.673362577334046 ], [ 1727986.168264051899314, 10716952.846241252496839 ], [ 1728052.529040143825114, 10717117.986358532682061 ], [ 1728072.522114023100585, 10717122.16745269112289 ], [ 1728119.606667806161568, 10716905.851572461426258 ] ] ] } },
{ "type": "Feature", "properties": { "prop_id": 23248.0, "lot": "017", "block": "010", "subdivision": "GREEN TREE NORTH", "legal_desc": "BLK: 010, LOT: 017, ADDN: GREEN TREE NORTH, SEC 6" }, "geometry": { "type": "Polygon", "coordinates": [ [ [ 1731622.590117153245956, 10717037.970328118652105 ], [ 1731497.529647903284058, 10716981.594450052827597 ], [ 1731475.536580208456144, 10717066.937471065670252 ], [ 1731587.4999596956186, 10717095.790433743968606 ], [ 1731593.708609431283548, 10717079.911197395995259 ], [ 1731601.700720225227997, 10717064.850857147946954 ], [ 1731611.370649765245616, 10717050.808559615164995 ], [ 1731622.590117153245956, 10717037.970328118652105 ] ] ] } },
{ "type": "Feature", "properties": { "prop_id": 22928.0, "lot": "018", "block": "001", "subdivision": "GREEN TREE NORTH", "legal_desc": "BLK: 001, LOT: 018, ADDN: GREEN TREE NORTH, SEC 4" }, "geometry": { "type": "Polygon", "coordinates": [ [ [ 1727127.867335250601172, 10716964.394472619518638 ], [ 1727036.112908378243446, 10716941.561511529609561 ], [ 1727002.884954371955246, 10717067.247307116165757 ], [ 1727094.58918414846994, 10717090.724624006077647 ], [ 1727127.867335250601172, 10716964.394472619518638 ] ] ] } },
{ "type": "Feature", "properties": { "prop_id": 23237.0, "lot": "006", "block": "010", "subdivision": "GREEN TREE NORTH", "legal_desc": "BLK: 010, LOT: 006, ADDN: GREEN TREE NORTH, SEC 6" }, "geometry": { "type": "Polygon", "coordinates": [ [ [ 1731483.599882046226412, 10716935.468550205230713 ], [ 1731367.39569661160931, 10716905.522085715085268 ], [ 1731364.733628183370456, 10716913.203502256423235 ], [ 1731360.862244392978027, 10716920.352111384272575 ], [ 1731355.883578975917771, 10716926.778608968481421 ], [ 1731349.929193726275116, 10716932.313704062253237 ], [ 1731343.156568294623867, 10716936.81041518971324 ], [ 1731335.744836631929502, 10716940.150632429867983 ], [ 1731327.889864155789837, 10716942.245445132255554 ], [ 1731376.057758817682043, 10717062.655657514929771 ], [ 1731446.167867749929428, 10717080.722223673015833 ], [ 1731483.599882046226412, 10716935.468550205230713 ] ] ] } },
{ "type": "Feature", "properties": { "prop_id": 22929.0, "lot": "019", "block": "001", "subdivision": "GREEN TREE NORTH", "legal_desc": "BLK: 001, LOT: 019, ADDN: GREEN TREE NORTH, SEC 4" }, "geometry": { "type": "Polygon", "coordinates": [ [ [ 1727036.112908378243446, 10716941.561511529609561 ], [ 1726946.98314891778864, 10716918.744626438245177 ], [ 1726914.206965708872303, 10717044.545579321682453 ], [ 1727002.884954371955246, 10717067.247307116165757 ], [ 1727036.112908378243446, 10716941.561511529609561 ] ] ] } },
{ "type": "Feature", "properties": { "prop_id": 23238.0, "lot": "7", "block": "010", "subdivision": "GREEN TREE NORTH", "legal_desc": "BLK: 010, LOTS: 7 & 8(E30), ADDN: GREEN TREE NORTH, SEC 6" }, "geometry": { "type": "Polygon", "coordinates": [ [ [ 1731327.889864155789837, 10716942.245445132255554 ], [ 1731319.445653748000041, 10716943.044000342488289 ], [ 1731310.98832026286982, 10716942.403581786900759 ], [ 1731302.760644878959283, 10716940.342890229076147 ], [ 1731294.999503992963582, 10716936.921308761462569 ], [ 1731287.928650715854019, 10716932.236934283748269 ], [ 1731281.751168198417872, 10716926.424937177449465 ], [ 1731276.645206140819937, 10716919.652311872690916 ], [ 1731272.757089687511325, 10716912.114267949014902 ], [ 1731243.705633363453671, 10716904.628390008583665 ], [ 1731213.761137394700199, 10717020.831919319927692 ], [ 1731242.811937738209963, 10717028.318453446030617 ], [ 1731376.057758817682043, 10717062.655657514929771 ], [ 1731327.889864155789837, 10716942.245445132255554 ] ] ] } },
{ "type": "Feature", "properties": { "prop_id": 23006.0, "lot": "025", "block": "003", "subdivision": "GREEN TREE NORTH", "legal_desc": "BLK: 003, LOT: 025, ADDN: GREEN TREE NORTH" }, "geometry": { "type": "Polygon", "coordinates": [ [ [ 1727351.903343514772132, 10716939.057898292317986 ], [ 1727206.956427961587906, 10716900.47135847620666 ], [ 1727176.091986293205991, 10717016.43440268933773 ], [ 1727321.0329960512463, 10717055.019302109256387 ], [ 1727351.903343514772132, 10716939.057898292317986 ] ] ] } },
{ "type": "Feature", "properties": { "prop_id": null, "lot": "", "block": "", "subdivision": "", "legal_desc": "" }, "geometry": { "type": "Polygon", "coordinates": [ [ [ 1732052.549962317105383, 10716999.401488672941923 ], [ 1732060.096208017785102, 10716975.567214302718639 ], [ 1732046.764866695506498, 10716951.509187627583742 ], [ 1731920.877956128446385, 10716919.068305384367704 ], [ 1731811.992986566619948, 10717019.623243376612663 ], [ 1731825.169472253182903, 10717029.813513150438666 ], [ 1731837.121222410816699, 10717041.416181975975633 ], [ 1731847.696990886237472, 10717054.285252710804343 ], [ 1732052.549962317105383, 10716999.401488672941923 ] ] ] } },
{ "type": "Feature", "properties": { "prop_id": 23054.0, "lot": "073", "block": "003", "subdivision": "GREEN TREE NORTH", "legal_desc": "BLK: 003, LOTS: 073 & 74, ADDN: GREEN TREE NORTH" }, "geometry": { "type": "Polygon", "coordinates": [ [ [ 1729234.997353825252503, 10716984.879284374415874 ], [ 1729140.718318579951301, 10716708.281365659087896 ], [ 1729031.83728432119824, 10716748.293434929102659 ], [ 1728963.317396843805909, 10716773.473509103059769 ], [ 1728926.506440453231335, 10716777.209395702928305 ], [ 1728934.800395540660247, 10717026.985515277832747 ], [ 1728969.700594670139253, 10717035.521588014438748 ], [ 1729005.024021207587793, 10717042.091456927359104 ], [ 1729031.86288315593265, 10717044.416911255568266 ], [ 1729058.802138483384624, 10717044.520912935957313 ], [ 1729085.658388906158507, 10717042.402805805206299 ], [ 1729112.248235318809748, 10717038.077353628352284 ], [ 1729138.390904041007161, 10717031.573755796998739 ], [ 1729163.908245551167056, 10717022.93597556091845 ], [ 1729188.626048006117344, 10717012.223724050447345 ], [ 1729212.376332545885816, 10716999.50917961448431 ], [ 1729234.997353825252503, 10716984.879284374415874 ] ] ] } },
{ "type": "Feature", "properties": { "prop_id": 22930.0, "lot": "020", "block": "001", "subdivision": "GREEN TREE NORTH", "legal_desc": "BLK: 001, LOT: 020, ADDN: GREEN TREE NORTH, SEC 4" }, "geometry": { "type": "Polygon", "coordinates": [ [ [ 1726946.98314891778864, 10716918.744626438245177 ], [ 1726857.853061405476183, 10716895.926429023966193 ], [ 1726824.793085780926049, 10717021.653563154861331 ], [ 1726914.206965708872303, 10717044.545579321682453 ], [ 1726946.98314891778864, 10716918.744626438245177 ] ] ] } },
{ "type": "Feature", "properties": { "prop_id": 23116.0, "lot": "016", "block": "006", "subdivision": "GREEN TREE NORTH", "legal_desc": "BLK: 006, LOT: 016, ADDN: GREEN TREE NORTH" }, "geometry": { "type": "Polygon", "coordinates": [ [ [ 1730222.653688587481156, 10716918.374456582590938 ], [ 1730066.241571071092039, 10716878.235426438972354 ], [ 1730061.835739576490596, 10716898.273775901645422 ], [ 1730056.723544818116352, 10716918.143490506336093 ], [ 1730039.467672683764249, 10716985.572502007707953 ], [ 1730033.064469845965505, 10717010.080331593751907 ], [ 1730200.953600451350212, 10717040.013343207538128 ], [ 1730222.653688587481156, 10716918.374456582590938 ] ] ] } },
{ "type": "Feature", "properties": { "prop_id": 23249.0, "lot": "018", "block": "010", "subdivision": "GREEN TREE NORTH", "legal_desc": "BLK: 010, LOT: 018, ADDN: GREEN TREE NORTH, SEC 6" }, "geometry": { "type": "Polygon", "coordinates": [ [ [ 1731662.919767259387299, 10717008.818477213382721 ], [ 1731534.010876578977332, 10716840.027449695393443 ], [ 1731497.529647903284058, 10716981.594450052827597 ], [ 1731622.590117153245956, 10717037.970328118652105 ], [ 1731634.910960585111752, 10717026.760046364739537 ], [ 1731648.410935667809099, 10717017.001861644908786 ], [ 1731662.919767259387299, 10717008.818477213382721 ] ] ] } },
{ "type": "Feature", "properties": { "prop_id": 23053.0, "lot": "072", "block": "003", "subdivision": "GREEN TREE NORTH", "legal_desc": "BLK: 003, LOT: 072, ADDN: GREEN TREE NORTH" }, "geometry": { "type": "Polygon", "coordinates": [ [ [ 1728926.506440453231335, 10716777.209395702928305 ], [ 1728805.508301885100082, 10716789.489232387393713 ], [ 1728803.227794481208548, 10716798.816643262282014 ], [ 1728758.025453967507929, 10716983.697541350498796 ], [ 1728934.800395540660247, 10717026.985515277832747 ], [ 1728926.506440453231335, 10716777.209395702928305 ] ] ] } },
{ "type": "Feature", "properties": { "prop_id": 23278.0, "lot": "011", "block": "011", "subdivision": "GREEN TREE NORTH", "legal_desc": "BLK: 011, LOT: 011, ADDN: GREEN TREE NORTH, SEC 6" }, "geometry": { "type": "Polygon", "coordinates": [ [ [ 1730970.297669739695266, 10717006.827358510345221 ], [ 1730958.334762445418164, 10716914.493537520989776 ], [ 1730957.050315452972427, 10716896.489961411803961 ], [ 1730957.781284801894799, 10716878.455545453354716 ], [ 1730960.518483975669369, 10716860.615026656538248 ], [ 1730965.227792714722455, 10716843.191173773258924 ], [ 1730961.632654642220587, 10716837.102602293714881 ], [ 1730843.582676427904516, 10716962.744108995422721 ], [ 1730851.292637931415811, 10717022.246296985074878 ], [ 1730970.297669739695266, 10717006.827358510345221 ] ] ] } },
{ "type": "Feature", "properties": { "prop_id": 22931.0, "lot": "021", "block": "001", "subdivision": "GREEN TREE NORTH", "legal_desc": "BLK: 001, LOT: 021, ADDN: GREEN TREE NORTH, SEC 4" }, "geometry": { "type": "Polygon", "coordinates": [ [ [ 1726857.853061405476183, 10716895.926429023966193 ], [ 1726843.321920034242794, 10716892.206619968637824 ], [ 1726836.427575597772375, 10716896.840469986200333 ], [ 1726828.860988608095795, 10716900.26894162222743 ], [ 1726820.831147506600246, 10716902.397218806669116 ], [ 1726812.560165309812874, 10716903.16657461412251 ], [ 1726804.275403492618352, 10716902.556339735165238 ], [ 1726796.206520528532565, 10716900.582590261474252 ], [ 1726788.575628693215549, 10716897.300116138532758 ], [ 1726781.593357897130772, 10716892.799468388780951 ], [ 1726775.452621002448723, 10716887.204990573227406 ], [ 1726770.323036930756643, 10716880.670881845057011 ], [ 1726766.346009762724862, 10716873.377916246652603 ], [ 1726763.631447636056691, 10716865.526880759745836 ], [ 1726762.253825180931017, 10716857.334966572001576 ], [ 1726762.251856429269537, 10716849.027895109727979 ], [ 1726763.62521333922632, 10716840.83532471768558 ], [ 1726753.971031323308125, 10716838.220500316470861 ], [ 1726714.254900626372546, 10716993.354405213147402 ], [ 1726804.130065674427897, 10717016.363547120243311 ], [ 1726824.793085780926049, 10717021.653563154861331 ], [ 1726857.853061405476183, 10716895.926429023966193 ] ] ] } },
{ "type": "Feature", "properties": { "prop_id": 23239.0, "lot": "8", "block": "010", "subdivision": "GREEN TREE NORTH", "legal_desc": "BLK: 010, LOTS: 8(W50) & 9(E/2), ADDN: GREEN TREE NORTH, SEC 6" }, "geometry": { "type": "Polygon", "coordinates": [ [ [ 1731243.705633363453671, 10716904.628390008583665 ], [ 1731195.287742292974144, 10716892.151051871478558 ], [ 1731156.553232554113492, 10716882.169115770608187 ], [ 1731126.608408497879282, 10716998.372973198071122 ], [ 1731165.342917952453718, 10717008.354253131896257 ], [ 1731213.761137394700199, 10717020.831919319927692 ], [ 1731243.705633363453671, 10716904.628390008583665 ] ] ] } },
{ "type": "Feature", "properties": { "prop_id": 23252.0, "lot": "021", "block": "010", "subdivision": "GREEN TREE NORTH", "legal_desc": "BLK: 010, LOT: 021, ADDN: GREEN TREE NORTH, SEC 6" }, "geometry": { "type": "Polygon", "coordinates": [ [ [ 1731920.877956128446385, 10716919.068305384367704 ], [ 1731793.87392135662958, 10716886.340678276494145 ], [ 1731765.082638406194746, 10716998.296183796599507 ], [ 1731781.514695261837915, 10717003.561265584081411 ], [ 1731797.222672187024727, 10717010.702656349167228 ], [ 1731811.992986566619948, 10717019.623243376612663 ], [ 1731920.877956128446385, 10716919.068305384367704 ] ] ] } },
{ "type": "Feature", "properties": { "prop_id": 23250.0, "lot": "019", "block": "010", "subdivision": "GREEN TREE NORTH", "legal_desc": "BLK: 010, LOT: 019, ADDN: GREEN TREE NORTH, SEC 6" }, "geometry": { "type": "Polygon", "coordinates": [ [ [ 1731715.489881120854989, 10716994.181363258510828 ], [ 1731684.256994593888521, 10716858.092373184859753 ], [ 1731558.369755862047896, 10716825.651490937918425 ], [ 1731534.010876578977332, 10716840.027449695393443 ], [ 1731662.919767259387299, 10717008.818477213382721 ], [ 1731679.795064471662045, 10717001.785024968907237 ], [ 1731697.407893165014684, 10716996.881162002682686 ], [ 1731715.489881120854989, 10716994.181363258510828 ] ] ] } },
{ "type": "Feature", "properties": { "prop_id": 23240.0, "lot": "9", "block": "010", "subdivision": "GREEN TREE NORTH", "legal_desc": "BLK: 010, LOTS: 9(W/2) & 10, ADDN: GREEN TREE NORTH, SEC 6" }, "geometry": { "type": "Polygon", "coordinates": [ [ [ 1731156.553232554113492, 10716882.169115770608187 ], [ 1731035.507848603418097, 10716850.976590706035495 ], [ 1731023.328736870316789, 10716858.164241971448064 ], [ 1731019.8612239821814, 10716870.817106157541275 ], [ 1731017.769364584702998, 10716883.768526198342443 ], [ 1731017.077109151519835, 10716896.869552219286561 ], [ 1731017.836622378323227, 10716906.783576147630811 ], [ 1731026.356949850684032, 10716972.538377387449145 ], [ 1731126.608408497879282, 10716998.372973198071122 ], [ 1731156.553232554113492, 10716882.169115770608187 ] ] ] } },
{ "type": "Feature", "properties": { "prop_id": 23251.0, "lot": "020", "block": "010", "subdivision": "GREEN TREE NORTH", "legal_desc": "BLK: 010, LOT: 020, ADDN: GREEN TREE NORTH, SEC 6" }, "geometry": { "type": "Polygon", "coordinates": [ [ [ 1731793.87392135662958, 10716886.340678276494145 ], [ 1731684.256994593888521, 10716858.092373184859753 ], [ 1731715.489881120854989, 10716994.181363258510828 ], [ 1731732.140441315248609, 10716993.688909623771906 ], [ 1731748.741132783005014, 10716995.066203264519572 ], [ 1731765.082638406194746, 10716998.296183796599507 ], [ 1731793.87392135662958, 10716886.340678276494145 ] ] ] } },
{ "type": "Feature", "properties": { "prop_id": 23083.0, "lot": "004", "block": "005", "subdivision": "GREEN TREE NORTH", "legal_desc": "BLK: 005, LOT: 004, ADDN: GREEN TREE NORTH" }, "geometry": { "type": "Polygon", "coordinates": [ [ [ 1729998.596681979950517, 10716903.268519250676036 ], [ 1730006.129475593101233, 10716874.62027726508677 ], [ 1729814.017620142316446, 10716845.619351211935282 ], [ 1729796.346724469214678, 10716984.499676151201129 ], [ 1729975.136753383325413, 10716994.351359246298671 ], [ 1729998.596681979950517, 10716903.268519250676036 ] ] ] } },
{ "type": "Feature", "properties": { "prop_id": 23046.0, "lot": "065", "block": "003", "subdivision": "GREEN TREE NORTH", "legal_desc": "BLK: 003, LOT: 065, ADDN: GREEN TREE NORTH" }, "geometry": { "type": "Polygon", "coordinates": [ [ [ 1727932.731352494331077, 10716909.829260727390647 ], [ 1727811.301122923148796, 10716748.674373969435692 ], [ 1727716.75142834475264, 10716816.805486107245088 ], [ 1727697.691425346769392, 10716875.382479675114155 ], [ 1727850.767265212954953, 10716990.625375678762794 ], [ 1727868.755092657869682, 10716968.019445231184363 ], [ 1727888.498166214441881, 10716946.929260006174445 ], [ 1727909.869517965242267, 10716927.490974605083466 ], [ 1727932.731352494331077, 10716909.829260727390647 ] ] ] } },
{ "type": "Feature", "properties": { "prop_id": 23056.0, "lot": "075", "block": "003", "subdivision": "GREEN TREE NORTH", "legal_desc": "BLK: 003, LOT: 075, ADDN: GREEN TREE NORTH" }, "geometry": { "type": "Polygon", "coordinates": [ [ [ 1729332.487331769196317, 10716918.689441565424204 ], [ 1729346.703513109125197, 10716908.344315668568015 ], [ 1729360.21037781634368, 10716897.089086437597871 ], [ 1729243.029482724843547, 10716670.684318391606212 ], [ 1729140.718318579951301, 10716708.281365659087896 ], [ 1729234.997353825252503, 10716984.879284374415874 ], [ 1729332.487331769196317, 10716918.689441565424204 ] ] ] } },
{ "type": "Feature", "properties": { "prop_id": 23052.0, "lot": "071", "block": "003", "subdivision": "GREEN TREE NORTH", "legal_desc": "BLK: 003, LOT: 071, ADDN: GREEN TREE NORTH" }, "geometry": { "type": "Polygon", "coordinates": [ [ [ 1728757.262326207477599, 10716777.329478977248073 ], [ 1728614.556220561498776, 10716742.438470412045717 ], [ 1728567.029409711016342, 10716936.827553348615766 ], [ 1728709.720423756167293, 10716971.77925730869174 ], [ 1728754.910952990408987, 10716786.947243671864271 ], [ 1728757.262326207477599, 10716777.329478977248073 ] ] ] } },
{ "type": "Feature", "properties": { "prop_id": 23277.0, "lot": "010", "block": "011", "subdivision": "GREEN TREE NORTH", "legal_desc": "BLK: 011, LOT: 010, ADDN: GREEN TREE NORTH, SEC 6" }, "geometry": { "type": "Polygon", "coordinates": [ [ [ 1730961.632654642220587, 10716837.102602293714881 ], [ 1730958.039157098624855, 10716831.012390369549394 ], [ 1730829.283813195070252, 10716797.832336325198412 ], [ 1730791.031590600963682, 10716946.291384542360902 ], [ 1730843.582676427904516, 10716962.744108995422721 ], [ 1730961.632654642220587, 10716837.102602293714881 ] ] ] } },
{ "type": "Feature", "properties": { "prop_id": 23276.0, "lot": "009", "block": "011", "subdivision": "GREEN TREE NORTH", "legal_desc": "BLK: 011, LOT: 009, ADDN: GREEN TREE NORTH, SEC 6" }, "geometry": { "type": "Polygon", "coordinates": [ [ [ 1730829.283813195070252, 10716797.832336325198412 ], [ 1730732.446718719322234, 10716772.878316247835755 ], [ 1730695.546527640428394, 10716916.089342502877116 ], [ 1730705.325709348311648, 10716919.182512428611517 ], [ 1730791.031590600963682, 10716946.291384542360902 ], [ 1730829.283813195070252, 10716797.832336325198412 ] ] ] } },
{ "type": "Feature", "properties": { "prop_id": 23005.0, "lot": "024", "block": "003", "subdivision": "GREEN TREE NORTH", "legal_desc": "BLK: 003, LOT: 024, ADDN: GREEN TREE NORTH" }, "geometry": { "type": "Polygon", "coordinates": [ [ [ 1727382.773034561658278, 10716823.096494488418102 ], [ 1727237.827103527495638, 10716784.509298529475927 ], [ 1727206.956427961587906, 10716900.47135847620666 ], [ 1727351.903343514772132, 10716939.057898292317986 ], [ 1727382.773034561658278, 10716823.096494488418102 ] ] ] } },
{ "type": "Feature", "properties": { "prop_id": 22908.0, "lot": "", "block": "", "subdivision": "GREEN TREE NORTH", "legal_desc": "COMMON AREA,ADDN: GREEN TREE NORTH" }, "geometry": { "type": "Polygon", "coordinates": [ [ [ 1732124.863147184019908, 10716866.575285067781806 ], [ 1731980.144905852619559, 10716829.53959540836513 ], [ 1731883.27598735387437, 10716804.712543599307537 ], [ 1731786.406740569742396, 10716779.885163718834519 ], [ 1731689.538149887928739, 10716755.058111906051636 ], [ 1731592.668903274228796, 10716730.231388192623854 ], [ 1731495.799656532006338, 10716705.40433638356626 ], [ 1731398.930737931048498, 10716680.577284619212151 ], [ 1731302.060834808042273, 10716655.750232800841331 ], [ 1731205.191588102607056, 10716630.923509102314711 ], [ 1731137.958770599216223, 10716613.69322738610208 ], [ 1731119.184856773354113, 10716686.557268412783742 ], [ 1731162.772704192437232, 10716697.715383348986506 ], [ 1731240.268954637460411, 10716717.5434290766716 ], [ 1731317.798997525358573, 10716737.380332987755537 ], [ 1731451.572704854421318, 10716771.607301006093621 ], [ 1731521.049940762110054, 10716789.383513452485204 ], [ 1732102.287074822001159, 10716938.09812125377357 ], [ 1732124.863147184019908, 10716866.575285067781806 ] ] ] } },
{ "type": "Feature", "properties": { "prop_id": 23051.0, "lot": "070", "block": "003", "subdivision": "GREEN TREE NORTH", "legal_desc": "BLK: 003, LOT: 070, ADDN: GREEN TREE NORTH" }, "geometry": { "type": "Polygon", "coordinates": [ [ [ 1728614.556220561498776, 10716742.438470412045717 ], [ 1728478.561388717032969, 10716709.188534788787365 ], [ 1728431.037202559178695, 10716903.568759497255087 ], [ 1728567.029409711016342, 10716936.827553348615766 ], [ 1728614.556220561498776, 10716742.438470412045717 ] ] ] } },
{ "type": "Feature", "properties": { "prop_id": 23236.0, "lot": "005", "block": "010", "subdivision": "GREEN TREE NORTH", "legal_desc": "BLK: 010, LOT: 005, ADDN: GREEN TREE NORTH, SEC 6" }, "geometry": { "type": "Polygon", "coordinates": [ [ [ 1731521.049940762110054, 10716789.383513452485204 ], [ 1731451.572704854421318, 10716771.607301006093621 ], [ 1731350.557799212634563, 10716854.280381638556719 ], [ 1731356.421306022675708, 10716859.910948621109128 ], [ 1731361.295312874251977, 10716866.417170219123363 ], [ 1731365.050555714406073, 10716873.626802653074265 ], [ 1731367.588609095197171, 10716881.349885614588857 ], [ 1731368.841559734428301, 10716889.382023194804788 ], [ 1731368.776599503820762, 10716897.510945398360491 ], [ 1731367.39569661160931, 10716905.522085715085268 ], [ 1731483.599882046226412, 10716935.468550205230713 ], [ 1731521.049940762110054, 10716789.383513452485204 ] ] ] } },
{ "type": "Feature", "properties": { "prop_id": 23117.0, "lot": "017", "block": "006", "subdivision": "GREEN TREE NORTH", "legal_desc": "BLK: 006, LOT: 017, ADDN: GREEN TREE NORTH" }, "geometry": { "type": "Polygon", "coordinates": [ [ [ 1730235.359698940301314, 10716800.838252998888493 ], [ 1730078.904602317837998, 10716760.665430271998048 ], [ 1730077.958410676801577, 10716790.259536504745483 ], [ 1730075.527641663793474, 10716819.768669193610549 ], [ 1730071.618856902001426, 10716849.118681453168392 ], [ 1730066.241571071092039, 10716878.235426438972354 ], [ 1730222.653688587481156, 10716918.374456582590938 ], [ 1730235.359698940301314, 10716800.838252998888493 ] ] ] } },
{ "type": "Feature", "properties": { "prop_id": 23275.0, "lot": "008", "block": "011", "subdivision": "GREEN TREE NORTH", "legal_desc": "BLK: 011, LOT: 008, ADDN: GREEN TREE NORTH, SEC 6" }, "geometry": { "type": "Polygon", "coordinates": [ [ [ 1730732.446718719322234, 10716772.878316247835755 ], [ 1730635.610608310438693, 10716747.923311907798052 ], [ 1730600.077540674479678, 10716885.83940028399229 ], [ 1730690.786693525267765, 10716914.581143299117684 ], [ 1730695.546527640428394, 10716916.089342502877116 ], [ 1730732.446718719322234, 10716772.878316247835755 ] ] ] } },
{ "type": "Feature", "properties": { "prop_id": 23047.0, "lot": "066", "block": "003", "subdivision": "GREEN TREE NORTH", "legal_desc": "BLK: 003, LOT: 066, ADDN: GREEN TREE NORTH" }, "geometry": { "type": "Polygon", "coordinates": [ [ [ 1728030.217393678380176, 10716860.868389178067446 ], [ 1727959.105312418891117, 10716642.168330237269402 ], [ 1727954.990490684984252, 10716645.133548045530915 ], [ 1727811.301122923148796, 10716748.674373969435692 ], [ 1727932.731352494331077, 10716909.829260727390647 ], [ 1727955.637478181859478, 10716894.846675818786025 ], [ 1727979.613484126050025, 10716881.643615191802382 ], [ 1728004.521246791118756, 10716870.295866141095757 ], [ 1728030.217393678380176, 10716860.868389178067446 ] ] ] } },
{ "type": "Feature", "properties": { "prop_id": 22935.0, "lot": "025", "block": "001", "subdivision": "GREEN TREE NORTH", "legal_desc": "BLK: 001, LOT: 025, ADDN: GREEN TREE NORTH, SEC 4" }, "geometry": { "type": "Polygon", "coordinates": [ [ [ 1727176.543094329303131, 10716781.547691470012069 ], [ 1727082.261113358428702, 10716757.248197671025991 ], [ 1727050.026923381490633, 10716883.189570209011436 ], [ 1727143.172095709480345, 10716906.902450907975435 ], [ 1727176.543094329303131, 10716781.547691470012069 ] ] ] } },
{ "type": "Feature", "properties": { "prop_id": 23050.0, "lot": "069", "block": "003", "subdivision": "GREEN TREE NORTH", "legal_desc": "BLK: 003, LOT: 069, ADDN: GREEN TREE NORTH" }, "geometry": { "type": "Polygon", "coordinates": [ [ [ 1728478.561388717032969, 10716709.188534788787365 ], [ 1728342.567213155096397, 10716675.939255315810442 ], [ 1728295.035480869933963, 10716870.347367104142904 ], [ 1728431.037202559178695, 10716903.568759497255087 ], [ 1728478.561388717032969, 10716709.188534788787365 ] ] ] } },
{ "type": "Feature", "properties": { "prop_id": 23057.0, "lot": "076", "block": "003", "subdivision": "GREEN TREE NORTH", "legal_desc": "BLK: 003, LOT: 076, ADDN: GREEN TREE NORTH" }, "geometry": { "type": "Polygon", "coordinates": [ [ [ 1729440.535358916968107, 10716765.119508307427168 ], [ 1729497.273438266012818, 10716544.393202750012279 ], [ 1729332.865604043006897, 10716637.671252666041255 ], [ 1729243.029482724843547, 10716670.684318391606212 ], [ 1729360.21037781634368, 10716897.089086437597871 ], [ 1729378.822876218706369, 10716878.766940819099545 ], [ 1729395.541349294828251, 10716858.701688189059496 ], [ 1729410.203723372891545, 10716837.08788200840354 ], [ 1729422.666954548098147, 10716814.135823722928762 ], [ 1729432.810308304615319, 10716790.068610059097409 ], [ 1729440.535358916968107, 10716765.119508307427168 ] ] ] } },
{ "type": "Feature", "properties": { "prop_id": 23274.0, "lot": "007", "block": "011", "subdivision": "GREEN TREE NORTH", "legal_desc": "BLK: 011, LOT: 007, ADDN: GREEN TREE NORTH, SEC 6" }, "geometry": { "type": "Polygon", "coordinates": [ [ [ 1730635.610608310438693, 10716747.923311907798052 ], [ 1730599.338692748919129, 10716738.576545177027583 ], [ 1730592.114624502370134, 10716743.394121902063489 ], [ 1730584.165820341091603, 10716746.889194520190358 ], [ 1730575.732436831807718, 10716748.956448167562485 ], [ 1730567.06841050600633, 10716749.533219030126929 ], [ 1730558.435552258742973, 10716748.602774765342474 ], [ 1730550.09337593964301, 10716746.192346351221204 ], [ 1730542.294505349826068, 10716742.375424390658736 ], [ 1730535.273192649940029, 10716737.266509989276528 ], [ 1730529.241707345005125, 10716731.020130466669798 ], [ 1730524.381807890255004, 10716723.824277581647038 ], [ 1730520.840475629083812, 10716715.896470587700605 ], [ 1730518.723681158851832, 10716707.475226117298007 ], [ 1730498.395634102635086, 10716702.237375343218446 ], [ 1730506.208616447402164, 10716855.996281422674656 ], [ 1730600.077540674479678, 10716885.83940028399229 ], [ 1730635.610608310438693, 10716747.923311907798052 ] ] ] } },
{ "type": "Feature", "properties": { "prop_id": 22934.0, "lot": "024", "block": "001", "subdivision": "GREEN TREE NORTH", "legal_desc": "BLK: 001, LOT: 024, ADDN: GREEN TREE NORTH, SEC 4" }, "geometry": { "type": "Polygon", "coordinates": [ [ [ 1727082.261113358428702, 10716757.248197671025991 ], [ 1726995.068029982503504, 10716734.926390381529927 ], [ 1726962.835808674804866, 10716860.866450607776642 ], [ 1727050.026923381490633, 10716883.189570209011436 ], [ 1727082.261113358428702, 10716757.248197671025991 ] ] ] } },
{ "type": "Feature", "properties": { "prop_id": 23082.0, "lot": "003", "block": "005", "subdivision": "GREEN TREE NORTH", "legal_desc": "BLK: 005, LOT: 003, ADDN: GREEN TREE NORTH" }, "geometry": { "type": "Polygon", "coordinates": [ [ [ 1730017.038246292620897, 10716796.727046120911837 ], [ 1730020.113698471104726, 10716744.144464628770947 ], [ 1729832.673422705614939, 10716716.965385548770428 ], [ 1729814.017620142316446, 10716845.619351211935282 ], [ 1730006.129475593101233, 10716874.62027726508677 ], [ 1730011.150791415711865, 10716848.862449994310737 ], [ 1730014.790219626622275, 10716822.873324021697044 ], [ 1730017.038246292620897, 10716796.727046120911837 ] ] ] } },
{ "type": "Feature", "properties": { "prop_id": 23049.0, "lot": "068", "block": "003", "subdivision": "GREEN TREE NORTH", "legal_desc": "BLK: 003, LOT: 068, ADDN: GREEN TREE NORTH" }, "geometry": { "type": "Polygon", "coordinates": [ [ [ 1728342.567213155096397, 10716675.939255315810442 ], [ 1728254.083121677162126, 10716654.30511087179184 ], [ 1728169.673168522538617, 10716583.928272949531674 ], [ 1728157.431072296341881, 10716843.726684559136629 ], [ 1728180.694809532025829, 10716845.540000803768635 ], [ 1728203.791880394332111, 10716848.857579410076141 ], [ 1728226.625500256661326, 10716853.665312815457582 ], [ 1728295.035480869933963, 10716870.347367104142904 ], [ 1728342.567213155096397, 10716675.939255315810442 ] ] ] } },
{ "type": "Feature", "properties": { "prop_id": 22520.0, "lot": "001", "block": "001", "subdivision": "GREEN TREE COUNTRY C", "legal_desc": "BLK: 001, LOT: 001, ADDN: GREEN TREE COUNTRY, CLUB ESTATES SEC 3" }, "geometry": { "type": "Polygon", "coordinates": [ [ [ 1732154.882774319732562, 10716750.444262126460671 ], [ 1732009.938155513023958, 10716713.296367993578315 ], [ 1731980.144905852619559, 10716829.53959540836513 ], [ 1732124.863147184019908, 10716866.575285067781806 ], [ 1732154.882774319732562, 10716750.444262126460671 ] ] ] } },
{ "type": "Feature", "properties": { "prop_id": 23048.0, "lot": "067", "block": "003", "subdivision": "GREEN TREE NORTH", "legal_desc": "BLK: 003, LOT: 067, ADDN: GREEN TREE NORTH" }, "geometry": { "type": "Polygon", "coordinates": [ [ [ 1728157.431072296341881, 10716843.726684559136629 ], [ 1728169.673168522538617, 10716583.928272949531674 ], [ 1728029.186220081988722, 10716591.669404482468963 ], [ 1727963.52918878942728, 10716638.980343768373132 ], [ 1727959.105312418891117, 10716642.168330237269402 ], [ 1728030.217393678380176, 10716860.868389178067446 ], [ 1728055.037886541103944, 10716853.810002401471138 ], [ 1728080.299651146866381, 10716848.544263228774071 ], [ 1728105.87309539411217, 10716845.098402651026845 ], [ 1728131.627641578670591, 10716843.48980906046927 ], [ 1728157.431072296341881, 10716843.726684559136629 ] ] ] } },
{ "type": "Feature", "properties": { "prop_id": 22933.0, "lot": "023", "block": "001", "subdivision": "GREEN TREE NORTH", "legal_desc": "BLK: 001, LOT: 023, ADDN: GREEN TREE NORTH, SEC 4" }, "geometry": { "type": "Polygon", "coordinates": [ [ [ 1726995.068029982503504, 10716734.926390381529927 ], [ 1726922.408056967193261, 10716716.325376464053988 ], [ 1726897.887104582507163, 10716730.692476965487003 ], [ 1726870.800214848248288, 10716837.304816326126456 ], [ 1726962.835808674804866, 10716860.866450607776642 ], [ 1726995.068029982503504, 10716734.926390381529927 ] ] ] } },
{ "type": "Feature", "properties": { "prop_id": 23235.0, "lot": "004", "block": "010", "subdivision": "GREEN TREE NORTH", "legal_desc": "BLK: 010, LOT: 004, ADDN: GREEN TREE NORTH, SEC 6" }, "geometry": { "type": "Polygon", "coordinates": [ [ [ 1731451.572704854421318, 10716771.607301006093621 ], [ 1731317.798997525358573, 10716737.380332987755537 ], [ 1731287.7298297311645, 10716854.012339241802692 ], [ 1731294.776732944883406, 10716849.292531358078122 ], [ 1731302.520156891085207, 10716845.831579452380538 ], [ 1731310.737005627248436, 10716843.72922083735466 ], [ 1731319.191058356314898, 10716843.045822897925973 ], [ 1731327.639205708168447, 10716843.801070619374514 ], [ 1731335.837681477889419, 10716845.973638623952866 ], [ 1731343.551250432385132, 10716849.500534867867827 ], [ 1731350.557799212634563, 10716854.280381638556719 ], [ 1731451.572704854421318, 10716771.607301006093621 ] ] ] } },
{ "type": "Feature", "properties": { "prop_id": 23234.0, "lot": "003", "block": "010", "subdivision": "GREEN TREE NORTH", "legal_desc": "BLK: 010, LOT: 003, ADDN: GREEN TREE NORTH, SEC 6" }, "geometry": { "type": "Polygon", "coordinates": [ [ [ 1731317.798997525358573, 10716737.380332987755537 ], [ 1731240.268954637460411, 10716717.5434290766716 ], [ 1731210.260810249019414, 10716834.049451276659966 ], [ 1731287.7298297311645, 10716854.012339241802692 ], [ 1731317.798997525358573, 10716737.380332987755537 ] ] ] } },
{ "type": "Feature", "properties": { "prop_id": 22932.0, "lot": "022", "block": "001", "subdivision": "GREEN TREE NORTH", "legal_desc": "BLK: 001, LOT: 022, ADDN: GREEN TREE NORTH, SEC 4" }, "geometry": { "type": "Polygon", "coordinates": [ [ [ 1726853.364878684049472, 10716824.962319601327181 ], [ 1726885.911075826967135, 10716697.833285158500075 ], [ 1726796.295752699486911, 10716672.898621823638678 ], [ 1726753.971031323308125, 10716838.220500316470861 ], [ 1726763.62521333922632, 10716840.83532471768558 ], [ 1726766.283672821009532, 10716833.098790151998401 ], [ 1726770.168179911794141, 10716825.899000009521842 ], [ 1726775.174732295097783, 10716819.429195391014218 ], [ 1726781.169143748469651, 10716813.862604295834899 ], [ 1726787.991309750825167, 10716809.348176650702953 ], [ 1726795.458487719297409, 10716806.006318993866444 ], [ 1726803.370546601712704, 10716803.92725433036685 ], [ 1726811.515873087802902, 10716803.166100636124611 ], [ 1726819.675963107962161, 10716803.743855237960815 ], [ 1726827.632969686761498, 10716805.64411404915154 ], [ 1726835.173310260055587, 10716808.816680220887065 ], [ 1726842.095541948685423, 10716813.176580242812634 ], [ 1726848.213969418313354, 10716818.607016354799271 ], [ 1726853.364878684049472, 10716824.962319601327181 ] ] ] } },
{ "type": "Feature", "properties": { "prop_id": 23233.0, "lot": "002", "block": "010", "subdivision": "GREEN TREE NORTH", "legal_desc": "BLK: 010, LOT: 002, ADDN: GREEN TREE NORTH, SEC 6" }, "geometry": { "type": "Polygon", "coordinates": [ [ [ 1731240.268954637460411, 10716717.5434290766716 ], [ 1731162.772704192437232, 10716697.715383348986506 ], [ 1731132.791790831135586, 10716814.085579048842192 ], [ 1731210.260810249019414, 10716834.049451276659966 ], [ 1731240.268954637460411, 10716717.5434290766716 ] ] ] } },
{ "type": "Feature", "properties": { "prop_id": 22521.0, "lot": "002", "block": "001", "subdivision": "GREEN TREE COUNTRY C", "legal_desc": "BLK: 001, LOT: 002, ADDN: GREEN TREE COUNTRY, CLUB ESTATES SEC 3" }, "geometry": { "type": "Polygon", "coordinates": [ [ [ 1732009.938155513023958, 10716713.296367993578315 ], [ 1731913.067924382863566, 10716688.46931616961956 ], [ 1731883.27598735387437, 10716804.712543599307537 ], [ 1731980.144905852619559, 10716829.53959540836513 ], [ 1732009.938155513023958, 10716713.296367993578315 ] ] ] } },
{ "type": "Feature", "properties": { "prop_id": 23004.0, "lot": "023", "block": "003", "subdivision": "GREEN TREE NORTH", "legal_desc": "BLK: 003, LOT: 023, ADDN: GREEN TREE NORTH" }, "geometry": { "type": "Polygon", "coordinates": [ [ [ 1727413.64436616981402, 10716707.135418767109513 ], [ 1727268.701059554005042, 10716668.549535138532519 ], [ 1727237.827103527495638, 10716784.509298529475927 ], [ 1727382.773034561658278, 10716823.096494488418102 ], [ 1727413.64436616981402, 10716707.135418767109513 ] ] ] } },
{ "type": "Feature", "properties": { "prop_id": 23232.0, "lot": "001", "block": "010", "subdivision": "GREEN TREE NORTH", "legal_desc": "BLK: 010, LOT: 001, ADDN: GREEN TREE NORTH, SEC 6" }, "geometry": { "type": "Polygon", "coordinates": [ [ [ 1731162.772704192437232, 10716697.715383348986506 ], [ 1731119.184856773354113, 10716686.557268412783742 ], [ 1731070.743015577783808, 10716674.174418305978179 ], [ 1731043.292937426129356, 10716780.695222418755293 ], [ 1731050.480588644975796, 10716792.874333888292313 ], [ 1731132.791790831135586, 10716814.085579048842192 ], [ 1731162.772704192437232, 10716697.715383348986506 ] ] ] } },
{ "type": "Feature", "properties": { "prop_id": 22522.0, "lot": "003", "block": "001", "subdivision": "GREEN TREE COUNTRY C", "legal_desc": "BLK: 001, LOT: 003, ADDN: GREEN TREE COUNTRY, CLUB ESTATES SEC 3" }, "geometry": { "type": "Polygon", "coordinates": [ [ [ 1731913.067924382863566, 10716688.46931616961956 ], [ 1731816.19900569296442, 10716663.642592471092939 ], [ 1731786.406740569742396, 10716779.885163718834519 ], [ 1731883.27598735387437, 10716804.712543599307537 ], [ 1731913.067924382863566, 10716688.46931616961956 ] ] ] } },
{ "type": "Feature", "properties": { "prop_id": 23118.0, "lot": "018", "block": "006", "subdivision": "GREEN TREE NORTH", "legal_desc": "BLK: 006, LOT: 018, ADDN: GREEN TREE NORTH" }, "geometry": { "type": "Polygon", "coordinates": [ [ [ 1730266.029586570570245, 10716654.00846709869802 ], [ 1730081.268766899826005, 10716606.781196102499962 ], [ 1730078.904602317837998, 10716760.665430271998048 ], [ 1730235.359698940301314, 10716800.838252998888493 ], [ 1730266.029586570570245, 10716654.00846709869802 ] ] ] } },
{ "type": "Feature", "properties": { "prop_id": 22523.0, "lot": "004", "block": "001", "subdivision": "GREEN TREE COUNTRY C", "legal_desc": "BLK: 001, LOT: 004, ADDN: GREEN TREE COUNTRY, CLUB ESTATES SEC 3" }, "geometry": { "type": "Polygon", "coordinates": [ [ [ 1731816.19900569296442, 10716663.642592471092939 ], [ 1731719.329759016633034, 10716638.81554064899683 ], [ 1731689.538149887928739, 10716755.058111906051636 ], [ 1731786.406740569742396, 10716779.885163718834519 ], [ 1731816.19900569296442, 10716663.642592471092939 ] ] ] } },
{ "type": "Feature", "properties": { "prop_id": 23268.0, "lot": "1", "block": "011", "subdivision": "GREEN TREE NORTH", "legal_desc": "BLK: 011, LOTS: 1 & 2(E45), ADDN: GREEN TREE NORTH, SEC 6" }, "geometry": { "type": "Polygon", "coordinates": [ [ [ 1730985.19068068661727, 10716765.722482299432158 ], [ 1731012.641086938092485, 10716659.202334372326732 ], [ 1730973.905921003548428, 10716649.22138249501586 ], [ 1730935.171739199897274, 10716639.239118294790387 ], [ 1730891.440519331255928, 10716627.969126911833882 ], [ 1730861.567545649362728, 10716744.191357009112835 ], [ 1730973.011569242924452, 10716772.910133596509695 ], [ 1730985.19068068661727, 10716765.722482299432158 ] ] ] } },
{ "type": "Feature", "properties": { "prop_id": 22936.0, "lot": "026", "block": "001", "subdivision": "GREEN TREE NORTH", "legal_desc": "BLK: 001, LOT: 026, ADDN: GREEN TREE NORTH, SEC 4" }, "geometry": { "type": "Polygon", "coordinates": [ [ [ 1727215.271038122242317, 10716636.069608891382813 ], [ 1727116.559930969728157, 10716611.186454879119992 ], [ 1727084.327053844695911, 10716737.127171285450459 ], [ 1727181.703189400723204, 10716762.162556005641818 ], [ 1727215.271038122242317, 10716636.069608891382813 ] ] ] } },
{ "type": "Feature", "properties": { "prop_id": 22524.0, "lot": "005", "block": "001", "subdivision": "GREEN TREE COUNTRY C", "legal_desc": "BLK: 001, LOT: 005, ADDN: GREEN TREE COUNTRY, CLUB ESTATES SEC 3" }, "geometry": { "type": "Polygon", "coordinates": [ [ [ 1731719.329759016633034, 10716638.81554064899683 ], [ 1731622.460840489715338, 10716613.988488847389817 ], [ 1731592.668903274228796, 10716730.231388192623854 ], [ 1731689.538149887928739, 10716755.058111906051636 ], [ 1731719.329759016633034, 10716638.81554064899683 ] ] ] } },
{ "type": "Feature", "properties": { "prop_id": 23270.0, "lot": "002", "block": "011", "subdivision": "GREEN TREE NORTH", "legal_desc": "BLK: 011, LOT: 002 & 003, ADDN: GREEN TREE NORTH, SEC 6" }, "geometry": { "type": "Polygon", "coordinates": [ [ [ 1730891.440519331255928, 10716627.969126911833882 ], [ 1730857.702719915192574, 10716619.275574130937457 ], [ 1730780.23337236372754, 10716599.312358103692532 ], [ 1730750.287892035208642, 10716715.515231257304549 ], [ 1730827.757567701861262, 10716735.479431562125683 ], [ 1730861.567545649362728, 10716744.191357009112835 ], [ 1730891.440519331255928, 10716627.969126911833882 ] ] ] } },
{ "type": "Feature", "properties": { "prop_id": 23081.0, "lot": "002", "block": "005", "subdivision": "GREEN TREE NORTH", "legal_desc": "BLK: 005, LOT: 002, ADDN: GREEN TREE NORTH" }, "geometry": { "type": "Polygon", "coordinates": [ [ [ 1730021.426684133009985, 10716597.818287579342723 ], [ 1729853.483748142374679, 10716573.46630253829062 ], [ 1729832.673422705614939, 10716716.965385548770428 ], [ 1730020.113698471104726, 10716744.144464628770947 ], [ 1730021.426684133009985, 10716597.818287579342723 ] ] ] } },
{ "type": "Feature", "properties": { "prop_id": 22937.0, "lot": "027", "block": "001", "subdivision": "GREEN TREE NORTH", "legal_desc": "BLK: 001, LOT: 027, ADDN: GREEN TREE NORTH, SEC 4" }, "geometry": { "type": "Polygon", "coordinates": [ [ [ 1727116.559930969728157, 10716611.186454879119992 ], [ 1727029.40490573621355, 10716588.72455601207912 ], [ 1726997.172356475843117, 10716714.665272396057844 ], [ 1727084.327053844695911, 10716737.127171285450459 ], [ 1727116.559930969728157, 10716611.186454879119992 ] ] ] } },
{ "type": "Feature", "properties": { "prop_id": 22525.0, "lot": "006", "block": "001", "subdivision": "GREEN TREE COUNTRY C", "legal_desc": "BLK: 001, LOT: 006, ADDN: GREEN TREE COUNTRY, CLUB ESTATES SEC 3" }, "geometry": { "type": "Polygon", "coordinates": [ [ [ 1731622.460840489715338, 10716613.988488847389817 ], [ 1731525.591921624261886, 10716589.161437079310417 ], [ 1731495.799656532006338, 10716705.40433638356626 ], [ 1731592.668903274228796, 10716730.231388192623854 ], [ 1731622.460840489715338, 10716613.988488847389817 ] ] ] } },
{ "type": "Feature", "properties": { "prop_id": 23271.0, "lot": "004", "block": "011", "subdivision": "GREEN TREE NORTH", "legal_desc": "BLK: 011, LOT: 004, ADDN: GREEN TREE NORTH, SEC 6" }, "geometry": { "type": "Polygon", "coordinates": [ [ [ 1730780.23337236372754, 10716599.312358103692532 ], [ 1730702.764680688269436, 10716579.348485846072435 ], [ 1730672.818872640142217, 10716695.552343273535371 ], [ 1730750.287892035208642, 10716715.515231257304549 ], [ 1730780.23337236372754, 10716599.312358103692532 ] ] ] } },
{ "type": "Feature", "properties": { "prop_id": 22938.0, "lot": "028", "block": "001", "subdivision": "GREEN TREE NORTH", "legal_desc": "BLK: 001, LOT: 028, ADDN: GREEN TREE NORTH, SEC 4" }, "geometry": { "type": "Polygon", "coordinates": [ [ [ 1727029.40490573621355, 10716588.72455601207912 ], [ 1726942.250208085170016, 10716566.262329006567597 ], [ 1726910.017002671025693, 10716692.203373484313488 ], [ 1726997.172356475843117, 10716714.665272396057844 ], [ 1727029.40490573621355, 10716588.72455601207912 ] ] ] } },
{ "type": "Feature", "properties": { "prop_id": 23263.0, "lot": "", "block": "011", "subdivision": "GREEN TREE NORTH", "legal_desc": "BLK: 011, COMMON AREA E, ADDN: GREEN TREE NORTH, SEC 6" }, "geometry": { "type": "Polygon", "coordinates": [ [ [ 1730519.672825938789174, 10716687.066142549738288 ], [ 1730497.33165902714245, 10716681.309591988101602 ], [ 1730498.395634102635086, 10716702.237375343218446 ], [ 1730518.723681158851832, 10716707.475226117298007 ], [ 1730518.102947267470881, 10716700.650107365101576 ], [ 1730518.421188092324883, 10716693.804319294169545 ], [ 1730519.672825938789174, 10716687.066142549738288 ] ] ] } },
{ "type": "Feature", "properties": { "prop_id": 23003.0, "lot": "022", "block": "003", "subdivision": "GREEN TREE NORTH", "legal_desc": "BLK: 003, LOT: 022, ADDN: GREEN TREE NORTH" }, "geometry": { "type": "Polygon", "coordinates": [ [ [ 1727441.333945237100124, 10716603.117234792560339 ], [ 1727348.528009536210448, 10716506.844118773937225 ], [ 1727333.85218356596306, 10716520.675786901265383 ], [ 1727320.643546589650214, 10716535.914932752028108 ], [ 1727309.036940968362615, 10716552.406700944527984 ], [ 1727299.150148389162496, 10716569.983768951147795 ], [ 1727291.083890671143308, 10716588.46667511947453 ], [ 1727284.919860531110317, 10716607.668411979451776 ], [ 1727268.701059554005042, 10716668.549535138532519 ], [ 1727413.64436616981402, 10716707.135418767109513 ], [ 1727441.333945237100124, 10716603.117234792560339 ] ] ] } },
{ "type": "Feature", "properties": { "prop_id": 22526.0, "lot": "007", "block": "001", "subdivision": "GREEN TREE COUNTRY C", "legal_desc": "BLK: 001, LOT: 007, ADDN: GREEN TREE COUNTRY, CLUB ESTATES SEC 3" }, "geometry": { "type": "Polygon", "coordinates": [ [ [ 1731525.591921624261886, 10716589.161437079310417 ], [ 1731428.723003053339198, 10716564.33438528701663 ], [ 1731398.930737931048498, 10716680.577284619212151 ], [ 1731495.799656532006338, 10716705.40433638356626 ], [ 1731525.591921624261886, 10716589.161437079310417 ] ] ] } },
{ "type": "Feature", "properties": { "prop_id": 22939.0, "lot": "029", "block": "001", "subdivision": "GREEN TREE NORTH", "legal_desc": "BLK: 001, LOT: 029, ADDN: GREEN TREE NORTH, SEC 4" }, "geometry": { "type": "Polygon", "coordinates": [ [ [ 1726910.017002671025693, 10716692.203373484313488 ], [ 1726942.250208085170016, 10716566.262329006567597 ], [ 1726888.989150014240295, 10716552.535321397706866 ], [ 1726881.487851291662082, 10716549.932636087760329 ], [ 1726874.493113305186853, 10716546.175425264984369 ], [ 1726868.18144495645538, 10716541.358176978304982 ], [ 1726862.711638384731486, 10716535.602610193192959 ], [ 1726858.222144898260012, 10716529.053737742826343 ], [ 1726854.825825552456081, 10716521.876585571095347 ], [ 1726852.608637929428369, 10716514.252583775669336 ], [ 1726851.62602779455483, 10716506.373661141842604 ], [ 1726839.728083662455902, 10716503.252604141831398 ], [ 1726796.295752699486911, 10716672.898621823638678 ], [ 1726885.911075826967135, 10716697.833285158500075 ], [ 1726910.017002671025693, 10716692.203373484313488 ] ] ] } },
{ "type": "Feature", "properties": { "prop_id": 23272.0, "lot": "005", "block": "011", "subdivision": "GREEN TREE NORTH", "legal_desc": "BLK: 011, LOT: 005, ADDN: GREEN TREE NORTH, SEC 6" }, "geometry": { "type": "Polygon", "coordinates": [ [ [ 1730702.764680688269436, 10716579.348485846072435 ], [ 1730615.61162366066128, 10716556.889211630448699 ], [ 1730590.383654191158712, 10716654.788312239572406 ], [ 1730596.553590427618474, 10716658.435615111142397 ], [ 1730602.138882282422855, 10716662.927732763811946 ], [ 1730607.024700412293896, 10716668.172473710030317 ], [ 1730611.109994855476543, 10716674.061570502817631 ], [ 1730614.311760916374624, 10716680.474288392812014 ], [ 1730672.818872640142217, 10716695.552343273535371 ], [ 1730702.764680688269436, 10716579.348485846072435 ] ] ] } },
{ "type": "Feature", "properties": { "prop_id": 23273.0, "lot": "006", "block": "011", "subdivision": "GREEN TREE NORTH", "legal_desc": "BLK: 011, LOT: 006, ADDN: GREEN TREE NORTH, SEC 6" }, "geometry": { "type": "Polygon", "coordinates": [ [ [ 1730590.383654191158712, 10716654.788312239572406 ], [ 1730615.61162366066128, 10716556.889211630448699 ], [ 1730489.356603551190346, 10716524.353185219690204 ], [ 1730489.889411414042115, 10716534.840370811522007 ], [ 1730497.33165902714245, 10716681.309591988101602 ], [ 1730519.672825938789174, 10716687.066142549738288 ], [ 1730522.316849834518507, 10716679.425408372655511 ], [ 1730526.157721727853641, 10716672.310591833665967 ], [ 1730531.095376785146073, 10716665.908044297248125 ], [ 1730537.000221404479817, 10716660.38508827984333 ], [ 1730543.718384745065123, 10716655.885752487927675 ], [ 1730551.073358347872272, 10716652.528474936261773 ], [ 1730558.873868776950985, 10716650.400197740644217 ], [ 1730566.914864678634331, 10716649.55735127069056 ], [ 1730574.987028559204191, 10716650.02126095816493 ], [ 1730582.878746419912204, 10716651.78044393286109 ], [ 1730590.383654191158712, 10716654.788312239572406 ] ] ] } },
{ "type": "Feature", "properties": { "prop_id": 23231.0, "lot": "", "block": "010", "subdivision": "GREEN TREE NORTH", "legal_desc": "BLK: 010, COMMON AREA C, ADDN: GREEN TREE NORTH, SEC 6" }, "geometry": { "type": "Polygon", "coordinates": [ [ [ 1731137.958770599216223, 10716613.69322738610208 ], [ 1731099.242633358342573, 10716603.77034629508853 ], [ 1731129.263901035301387, 10716487.585189647972584 ], [ 1731119.443708925507963, 10716485.111113041639328 ], [ 1731070.743015577783808, 10716674.174418305978179 ], [ 1731119.184856773354113, 10716686.557268412783742 ], [ 1731137.958770599216223, 10716613.69322738610208 ] ] ] } },
{ "type": "Feature", "properties": { "prop_id": 22527.0, "lot": "008", "block": "001", "subdivision": "GREEN TREE COUNTRY C", "legal_desc": "BLK: 001, LOT: 008, ADDN: GREEN TREE COUNTRY, CLUB ESTATES SEC 3" }, "geometry": { "type": "Polygon", "coordinates": [ [ [ 1731428.723003053339198, 10716564.33438528701663 ], [ 1731331.853756288299337, 10716539.507333474233747 ], [ 1731302.060834808042273, 10716655.750232800841331 ], [ 1731398.930737931048498, 10716680.577284619212151 ], [ 1731428.723003053339198, 10716564.33438528701663 ] ] ] } },
{ "type": "Feature", "properties": { "prop_id": 23262.0, "lot": "", "block": "011", "subdivision": "GREEN TREE NORTH", "legal_desc": "BLK: 011, COMMON AREA D, ADDN: GREEN TREE NORTH, SEC 6" }, "geometry": { "type": "Polygon", "coordinates": [ [ [ 1731031.359882795019075, 10716586.561061963438988 ], [ 1730992.621764196781442, 10716576.593233436346054 ], [ 1730973.905921003548428, 10716649.22138249501586 ], [ 1731012.641086938092485, 10716659.202334372326732 ], [ 1731031.359882795019075, 10716586.561061963438988 ] ] ] } },
{ "type": "Feature", "properties": { "prop_id": 22528.0, "lot": "009", "block": "001", "subdivision": "GREEN TREE COUNTRY C", "legal_desc": "BLK: 001, LOT: 009, ADDN: GREEN TREE COUNTRY, CLUB ESTATES SEC 3" }, "geometry": { "type": "Polygon", "coordinates": [ [ [ 1731331.853756288299337, 10716539.507333474233747 ], [ 1731234.984837698284537, 10716514.681265914812684 ], [ 1731205.191588102607056, 10716630.923509102314711 ], [ 1731302.060834808042273, 10716655.750232800841331 ], [ 1731331.853756288299337, 10716539.507333474233747 ] ] ] } },
{ "type": "Feature", "properties": { "prop_id": 23119.0, "lot": "19A", "block": "006", "subdivision": "GREEN TREE NORTH", "legal_desc": "BLK: 006, LOT: 19A, ADDN: GREEN TREE NORTH, SEC 19" }, "geometry": { "type": "Polygon", "coordinates": [ [ [ 1730286.476068586111069, 10716556.120849538594484 ], [ 1730075.746136251837015, 10716502.263998191803694 ], [ 1730079.290749973384663, 10716524.64978408627212 ], [ 1730081.290746857412159, 10716547.225858377292752 ], [ 1730081.736612691776827, 10716569.886250162497163 ], [ 1730081.268766899826005, 10716606.781196102499962 ], [ 1730266.029586570570245, 10716654.00846709869802 ], [ 1730286.476068586111069, 10716556.120849538594484 ] ] ] } },
{ "type": "Feature", "properties": { "prop_id": 22908.0, "lot": "", "block": "", "subdivision": "GREEN TREE NORTH", "legal_desc": "COMMON AREA,ADDN: GREEN TREE NORTH" }, "geometry": { "type": "Polygon", "coordinates": [ [ [ 1730992.621764196781442, 10716576.593233436346054 ], [ 1730914.584832311142236, 10716556.443337934091687 ], [ 1730817.71558537450619, 10716531.616286104544997 ], [ 1730720.846666880184785, 10716506.789234329015017 ], [ 1730623.977748042903841, 10716481.96218254044652 ], [ 1730527.108829476404935, 10716457.135130750015378 ], [ 1730507.849349992349744, 10716452.199116628617048 ], [ 1730489.356603551190346, 10716524.353185219690204 ], [ 1730615.61162366066128, 10716556.889211630448699 ], [ 1730702.764680688269436, 10716579.348485846072435 ], [ 1730780.23337236372754, 10716599.312358103692532 ], [ 1730857.702719915192574, 10716619.275574130937457 ], [ 1730891.440519331255928, 10716627.969126911833882 ], [ 1730935.171739199897274, 10716639.239118294790387 ], [ 1730973.905921003548428, 10716649.22138249501586 ], [ 1730992.621764196781442, 10716576.593233436346054 ] ] ] } },
{ "type": "Feature", "properties": { "prop_id": 22767.0, "lot": "054", "block": "006", "subdivision": "GREEN TREE COUNTRY C", "legal_desc": "BLK: 006, LOT: 054, ADDN: GREEN TREE COUNTRY, CLUB ESTATES SEC 3" }, "geometry": { "type": "Polygon", "coordinates": [ [ [ 1732212.285878671566024, 10716528.457132076844573 ], [ 1732052.036825585179031, 10716487.421450166031718 ], [ 1732039.829827903071418, 10716522.058854592964053 ], [ 1732029.195990045554936, 10716557.211021842435002 ], [ 1732020.156309332465753, 10716592.806429713964462 ], [ 1732184.778057813644409, 10716634.962188173085451 ], [ 1732212.285878671566024, 10716528.457132076844573 ] ] ] } },
{ "type": "Feature", "properties": { "prop_id": 22529.0, "lot": "010", "block": "001", "subdivision": "GREEN TREE COUNTRY C", "legal_desc": "BLK: 001, LOT: 010 & E.10 OF, ADDN: GREEN TREE COUNTRY, CLUB ESTATES SEC 3, LOT 11" }, "geometry": { "type": "Polygon", "coordinates": [ [ [ 1731234.984837698284537, 10716514.681265914812684 ], [ 1731138.115919049130753, 10716489.854214113205671 ], [ 1731129.263901035301387, 10716487.585189647972584 ], [ 1731099.242633358342573, 10716603.77034629508853 ], [ 1731137.958770599216223, 10716613.69322738610208 ], [ 1731205.191588102607056, 10716630.923509102314711 ], [ 1731234.984837698284537, 10716514.681265914812684 ] ] ] } },
{ "type": "Feature", "properties": { "prop_id": 23002.0, "lot": "021", "block": "003", "subdivision": "GREEN TREE NORTH", "legal_desc": "BLK: 003, LOT: 021, ADDN: GREEN TREE NORTH" }, "geometry": { "type": "Polygon", "coordinates": [ [ [ 1727495.424069329630584, 10716584.270482826977968 ], [ 1727451.007151907775551, 10716456.797619171440601 ], [ 1727423.12531332927756, 10716466.512825326994061 ], [ 1727395.525626162299886, 10716477.002636400982738 ], [ 1727378.955118682933971, 10716485.475062372162938 ], [ 1727363.243861388880759, 10716495.451094517484307 ], [ 1727348.528009536210448, 10716506.844118773937225 ], [ 1727441.333945237100124, 10716603.117234792560339 ], [ 1727495.424069329630584, 10716584.270482826977968 ] ] ] } },
{ "type": "Feature", "properties": { "prop_id": 23080.0, "lot": "001", "block": "005", "subdivision": "GREEN TREE NORTH", "legal_desc": "BLK: 005, LOT: 001, ADDN: GREEN TREE NORTH" }, "geometry": { "type": "Polygon", "coordinates": [ [ [ 1730017.927017035894096, 10716536.034607568755746 ], [ 1730014.562521209474653, 10716517.492974793538451 ], [ 1730009.912922749994323, 10716499.231197150424123 ], [ 1730004.000531414523721, 10716481.338513378053904 ], [ 1729976.535684114554897, 10716398.597195049747825 ], [ 1729974.959571575280279, 10716391.964333157986403 ], [ 1729883.157572712516412, 10716369.696331663057208 ], [ 1729853.483748142374679, 10716573.46630253829062 ], [ 1730021.426684133009985, 10716597.818287579342723 ], [ 1730020.591054896591231, 10716566.874774413183331 ], [ 1730017.927017035894096, 10716536.034607568755746 ] ] ] } },
{ "type": "Feature", "properties": { "prop_id": 22530.0, "lot": "12", "block": "001", "subdivision": "GREEN TREE COUNTRY C", "legal_desc": "BLK: 001, LOTS: 12(ALL)& 11(W10) &, ADDN: GREEN TREE COUNTRY, CLUB ESTATES SEC 7, 10 X 120 STRIP OF COMMON, AREA D" }, "geometry": { "type": "Polygon", "coordinates": [ [ [ 1731061.30175401084125, 10716470.371312124654651 ], [ 1730944.376769313355908, 10716440.200110541656613 ], [ 1730914.584832311142236, 10716556.443337934091687 ], [ 1730992.621764196781442, 10716576.593233436346054 ], [ 1731031.359882795019075, 10716586.561061963438988 ], [ 1731061.30175401084125, 10716470.371312124654651 ] ] ] } },
{ "type": "Feature", "properties": { "prop_id": 23001.0, "lot": "020", "block": "003", "subdivision": "GREEN TREE NORTH", "legal_desc": "BLK: 003, LOT: 020, ADDN: GREEN TREE NORTH" }, "geometry": { "type": "Polygon", "coordinates": [ [ [ 1727561.526966643286869, 10716561.237386453896761 ], [ 1727517.10939304670319, 10716433.764194695279002 ], [ 1727451.007151907775551, 10716456.797619171440601 ], [ 1727495.424069329630584, 10716584.270482826977968 ], [ 1727561.526966643286869, 10716561.237386453896761 ] ] ] } },
{ "type": "Feature", "properties": { "prop_id": 22943.0, "lot": "033", "block": "001", "subdivision": "GREEN TREE NORTH", "legal_desc": "BLK: 001, LOT: 033, ADDN: GREEN TREE NORTH, SEC 4" }, "geometry": { "type": "Polygon", "coordinates": [ [ [ 1727248.695186864817515, 10716536.915261013433337 ], [ 1727150.986044568009675, 10716430.756336398422718 ], [ 1727119.188205645885319, 10716555.128486067056656 ], [ 1727229.758214675821364, 10716582.424365045502782 ], [ 1727238.146322204731405, 10716559.22033878415823 ], [ 1727248.695186864817515, 10716536.915261013433337 ] ] ] } },
{ "type": "Feature", "properties": { "prop_id": 22629.0, "lot": "093", "block": "002", "subdivision": "GREEN TREE COUNTRY C", "legal_desc": "BLK: 002, LOT: 093, ADDN: GREEN TREE COUNTRY, CLUB ESTATES SEC 3" }, "geometry": { "type": "Polygon", "coordinates": [ [ [ 1731995.535943656461313, 10716467.010071586817503 ], [ 1731893.862900075269863, 10716440.951066788285971 ], [ 1731865.3121020833496, 10716552.351127121597528 ], [ 1731962.181020705960691, 10716577.177850876003504 ], [ 1731971.677721743006259, 10716539.977130960673094 ], [ 1731982.803356570890173, 10716503.230806505307555 ], [ 1731995.535943656461313, 10716467.010071586817503 ] ] ] } },
{ "type": "Feature", "properties": { "prop_id": 23000.0, "lot": "019", "block": "003", "subdivision": "GREEN TREE NORTH", "legal_desc": "BLK: 003, LOT: 019, ADDN: GREEN TREE NORTH" }, "geometry": { "type": "Polygon", "coordinates": [ [ [ 1727627.629207660909742, 10716538.204290041700006 ], [ 1727583.212290242081508, 10716410.731426410377026 ], [ 1727517.10939304670319, 10716433.764194695279002 ], [ 1727561.526966643286869, 10716561.237386453896761 ], [ 1727627.629207660909742, 10716538.204290041700006 ] ] ] } },
{ "type": "Feature", "properties": { "prop_id": 22531.0, "lot": "013", "block": "001", "subdivision": "GREEN TREE COUNTRY C", "legal_desc": "BLK: 001, LOT: 013, ADDN: GREEN TREE COUNTRY, CLUB ESTATES SEC 3" }, "geometry": { "type": "Polygon", "coordinates": [ [ [ 1730944.376769313355908, 10716440.200110541656613 ], [ 1730847.507522532949224, 10716415.37338680960238 ], [ 1730817.71558537450619, 10716531.616286104544997 ], [ 1730914.584832311142236, 10716556.443337934091687 ], [ 1730944.376769313355908, 10716440.200110541656613 ] ] ] } },
{ "type": "Feature", "properties": { "prop_id": 206022.0, "lot": "19B", "block": "006", "subdivision": "GREEN TREE NORTH", "legal_desc": "BLK: 006, LOT: 19B, ADDN: GREEN TREE NORTH, SEC 19" }, "geometry": { "type": "Polygon", "coordinates": [ [ [ 1730302.902545731049031, 10716477.477291531860828 ], [ 1730047.992575427517295, 10716412.022365430369973 ], [ 1730059.537830870132893, 10716445.296582726761699 ], [ 1730070.321276645641774, 10716478.825392719358206 ], [ 1730075.746136251837015, 10716502.263998191803694 ], [ 1730286.476068586111069, 10716556.120849538594484 ], [ 1730302.902545731049031, 10716477.477291531860828 ] ] ] } },
{ "type": "Feature", "properties": { "prop_id": 22942.0, "lot": "032", "block": "001", "subdivision": "GREEN TREE NORTH", "legal_desc": "BLK: 001, LOT: 032, ADDN: GREEN TREE NORTH, SEC 4" }, "geometry": { "type": "Polygon", "coordinates": [ [ [ 1727150.986044568009675, 10716430.756336398422718 ], [ 1727082.437282599275932, 10716355.773207215592265 ], [ 1727036.766111050965264, 10716534.351295284926891 ], [ 1727119.188205645885319, 10716555.128486067056656 ], [ 1727150.986044568009675, 10716430.756336398422718 ] ] ] } },
{ "type": "Feature", "properties": { "prop_id": 22630.0, "lot": "094", "block": "002", "subdivision": "GREEN TREE COUNTRY C", "legal_desc": "BLK: 002, LOT: 094, ADDN: GREEN TREE COUNTRY, CLUB ESTATES SEC 3" }, "geometry": { "type": "Polygon", "coordinates": [ [ [ 1731893.862900075269863, 10716440.951066788285971 ], [ 1731796.993981241015717, 10716416.124343067407608 ], [ 1731768.442855280824006, 10716527.524403424933553 ], [ 1731865.3121020833496, 10716552.351127121597528 ], [ 1731893.862900075269863, 10716440.951066788285971 ] ] ] } },
{ "type": "Feature", "properties": { "prop_id": 22999.0, "lot": "018", "block": "003", "subdivision": "GREEN TREE NORTH", "legal_desc": "BLK: 003, LOT: 018, ADDN: GREEN TREE NORTH" }, "geometry": { "type": "Polygon", "coordinates": [ [ [ 1727693.731448689475656, 10716515.17250601388514 ], [ 1727649.314203435787931, 10716387.698330007493496 ], [ 1727583.212290242081508, 10716410.731426410377026 ], [ 1727627.629207660909742, 10716538.204290041700006 ], [ 1727693.731448689475656, 10716515.17250601388514 ] ] ] } },
{ "type": "Feature", "properties": { "prop_id": 22941.0, "lot": "031", "block": "001", "subdivision": "GREEN TREE NORTH", "legal_desc": "BLK: 001, LOT: 031, ADDN: GREEN TREE NORTH, SEC 4" }, "geometry": { "type": "Polygon", "coordinates": [ [ [ 1727082.437282599275932, 10716355.773207215592265 ], [ 1727020.798943254631013, 10716340.017988281324506 ], [ 1726995.755026017315686, 10716354.94545522145927 ], [ 1726955.682924920460209, 10716513.912030305713415 ], [ 1727036.766111050965264, 10716534.351295284926891 ], [ 1727082.437282599275932, 10716355.773207215592265 ] ] ] } },
{ "type": "Feature", "properties": { "prop_id": 22532.0, "lot": "014", "block": "001", "subdivision": "GREEN TREE COUNTRY C", "legal_desc": "BLK: 001, LOT: 014, ADDN: GREEN TREE COUNTRY, CLUB ESTATES SEC 3" }, "geometry": { "type": "Polygon", "coordinates": [ [ [ 1730847.507522532949224, 10716415.37338680960238 ], [ 1730750.638603959232569, 10716390.546006929129362 ], [ 1730720.846666880184785, 10716506.789234329015017 ], [ 1730817.71558537450619, 10716531.616286104544997 ], [ 1730847.507522532949224, 10716415.37338680960238 ] ] ] } },
{ "type": "Feature", "properties": { "prop_id": 22766.0, "lot": "053", "block": "006", "subdivision": "GREEN TREE COUNTRY C", "legal_desc": "BLK: 006, LOT: 053, ADDN: GREEN TREE COUNTRY, CLUB ESTATES" }, "geometry": { "type": "Polygon", "coordinates": [ [ [ 1732237.294032514328137, 10716431.634145025163889 ], [ 1732095.29068114166148, 10716395.271354354918003 ], [ 1732079.416038985364139, 10716425.290000859647989 ], [ 1732064.987260533263907, 10716456.030102780088782 ], [ 1732052.036825585179031, 10716487.421450166031718 ], [ 1732212.285878671566024, 10716528.457132076844573 ], [ 1732237.294032514328137, 10716431.634145025163889 ] ] ] } },
{ "type": "Feature", "properties": { "prop_id": 22631.0, "lot": "095", "block": "002", "subdivision": "GREEN TREE COUNTRY C", "legal_desc": "BLK: 002, LOT: 095, ADDN: GREEN TREE COUNTRY, CLUB ESTATES SEC 3" }, "geometry": { "type": "Polygon", "coordinates": [ [ [ 1731796.993981241015717, 10716416.124343067407608 ], [ 1731700.12407840648666, 10716391.297291304916143 ], [ 1731671.573936827480793, 10716502.697351645678282 ], [ 1731768.442855280824006, 10716527.524403424933553 ], [ 1731796.993981241015717, 10716416.124343067407608 ] ] ] } },
{ "type": "Feature", "properties": { "prop_id": 22921.0, "lot": "012", "block": "001", "subdivision": "GREEN TREE NORTH", "legal_desc": "BLK: 001, LOT: 012, ADDN: GREEN TREE NORTH" }, "geometry": { "type": "Polygon", "coordinates": [ [ [ 1727311.650122404331341, 10716459.45936362631619 ], [ 1727208.80712925363332, 10716290.855342922732234 ], [ 1727185.850150374695659, 10716299.139777291566133 ], [ 1727135.296765410806984, 10716317.382527612149715 ], [ 1727089.535038333153352, 10716333.896278372034431 ], [ 1727093.250910854898393, 10716337.961559565737844 ], [ 1727259.000941879814491, 10716519.268311271443963 ], [ 1727270.402495638700202, 10716502.844456342980266 ], [ 1727283.028456169413403, 10716487.341859575361013 ], [ 1727296.804677502950653, 10716472.851728094741702 ], [ 1727311.650122404331341, 10716459.45936362631619 ] ] ] } },
{ "type": "Feature", "properties": { "prop_id": 22998.0, "lot": "017", "block": "003", "subdivision": "GREEN TREE NORTH", "legal_desc": "BLK: 003, LOT: 017, ADDN: GREEN TREE NORTH" }, "geometry": { "type": "Polygon", "coordinates": [ [ [ 1727759.833361915079877, 10716492.139409609138966 ], [ 1727715.416116178035736, 10716364.66621788777411 ], [ 1727649.314203435787931, 10716387.698330007493496 ], [ 1727693.731448689475656, 10716515.17250601388514 ], [ 1727754.986257846932858, 10716493.82838305272162 ], [ 1727759.833361915079877, 10716492.139409609138966 ] ] ] } },
{ "type": "Feature", "properties": { "prop_id": 22983.0, "lot": "001", "block": "003", "subdivision": "GREEN TREE NORTH", "legal_desc": "BLK: 003, LOT: 001, ADDN: GREEN TREE NORTH" }, "geometry": { "type": "Polygon", "coordinates": [ [ [ 1729109.037595512112603, 10716476.114466594532132 ], [ 1729526.515504559734836, 10716311.364098832011223 ], [ 1729555.665385988540947, 10716318.454308209940791 ], [ 1729580.8723583095707, 10716214.813092082738876 ], [ 1729203.243450411828235, 10716119.531452089548111 ], [ 1729154.525691049173474, 10716106.85332695953548 ], [ 1729106.179322232957929, 10716092.826450943946838 ], [ 1729098.029731592861935, 10716119.782438810914755 ], [ 1729087.477914130315185, 10716145.891643518581986 ], [ 1729074.610156150534749, 10716170.940810859203339 ], [ 1729059.531444066204131, 10716194.724560599774122 ], [ 1729042.365793606732041, 10716217.048995517194271 ], [ 1729023.253296242328361, 10716237.731044979766011 ], [ 1729002.350119706476107, 10716256.601418005302548 ], [ 1728979.827195236226544, 10716273.505915399640799 ], [ 1728955.869234130019322, 10716288.306414065882564 ], [ 1728930.672101948875934, 10716300.881851172074676 ], [ 1728904.441835033707321, 10716311.128880498930812 ], [ 1728877.392671843059361, 10716318.963840732350945 ], [ 1728849.746396948816255, 10716324.323083719238639 ], [ 1728821.729059614706784, 10716327.162318190559745 ], [ 1728783.565747706685215, 10716476.022284314036369 ], [ 1728781.068377072224393, 10716485.763408361002803 ], [ 1728822.189037257805467, 10716495.54521356523037 ], [ 1728822.421976652229205, 10716495.600003456696868 ], [ 1728864.00753094884567, 10716504.404776271432638 ], [ 1728871.128581105265766, 10716505.523540453985333 ], [ 1728871.462569996947423, 10716505.574393374845386 ], [ 1728871.722739979624748, 10716505.613763339817524 ], [ 1728878.266691243974492, 10716506.528131594881415 ], [ 1728879.051466756965965, 10716506.633774418383837 ], [ 1728879.456977947149426, 10716506.688564356416464 ], [ 1728886.917594176484272, 10716507.594730461016297 ], [ 1728887.741083564702421, 10716507.687578035518527 ], [ 1728887.806700429413468, 10716507.694467758759856 ], [ 1728894.551110628060997, 10716508.392629040405154 ], [ 1728894.976634606486186, 10716508.43396757170558 ], [ 1728902.158380054635927, 10716509.053716858848929 ], [ 1728902.445781242800876, 10716509.07668268866837 ], [ 1728902.757460370426998, 10716509.102273186668754 ], [ 1728909.3493118789047, 10716509.558308919891715 ], [ 1728910.156069197691977, 10716509.609817985445261 ], [ 1728910.54812885215506, 10716509.63540849275887 ], [ 1728918.291224861517549, 10716510.030748764052987 ], [ 1728918.453626035014167, 10716510.037966579198837 ], [ 1728918.947063532425091, 10716510.056011145934463 ], [ 1728925.918835742864758, 10716510.286653600633144 ], [ 1728926.15144681581296, 10716510.293215261772275 ], [ 1728933.35911073978059, 10716510.410996980965137 ], [ 1728933.588112873025239, 10716510.412965513765812 ], [ 1728933.95950344321318, 10716510.417230539023876 ], [ 1728941.768544352147728, 10716510.40640359185636 ], [ 1728941.938491564476863, 10716510.404106987640262 ], [ 1728949.255407403456047, 10716510.266967959702015 ], [ 1728949.706522052641958, 10716510.254500737413764 ], [ 1728950.176665525883436, 10716510.239408923313022 ], [ 1728957.380064505618066, 10716509.973661167547107 ], [ 1728957.757360159419477, 10716509.954632323235273 ], [ 1728964.578542155912146, 10716509.588491048663855 ], [ 1728965.177950291195884, 10716509.553386112675071 ], [ 1728965.474209609441459, 10716509.533373009413481 ], [ 1728972.967306253500283, 10716508.997940715402365 ], [ 1728973.180560357868671, 10716508.980224201455712 ], [ 1728980.745507315266877, 10716508.304700281471014 ], [ 1728981.050624870462343, 10716508.273204278200865 ], [ 1728981.342947241151705, 10716508.243676774203777 ], [ 1728988.510585039388388, 10716507.476289501413703 ], [ 1728988.872132986551151, 10716507.432982491329312 ], [ 1728995.664115137420595, 10716506.590464137494564 ], [ 1728996.259914596797898, 10716506.513692621141672 ], [ 1728996.487604642286897, 10716506.482524693012238 ], [ 1729003.779914089012891, 10716505.447421399876475 ], [ 1729004.135228337254375, 10716505.393287606537342 ], [ 1729011.702143792528659, 10716504.181675428524613 ], [ 1729012.071237459778786, 10716504.117371061816812 ], [ 1729012.294006236828864, 10716504.079313402995467 ], [ 1729019.390449788188562, 10716502.81422365270555 ], [ 1729019.69097417849116, 10716502.756809037178755 ], [ 1729026.46491208858788, 10716501.431351959705353 ], [ 1729027.053821586305276, 10716501.313569985330105 ], [ 1729027.368125428445637, 10716501.248281393200159 ], [ 1729034.689962675794959, 10716499.678074050694704 ], [ 1729034.939962244359776, 10716499.62065945379436 ], [ 1729042.295919703552499, 10716497.909376306459308 ], [ 1729042.63351751328446, 10716497.826043102890253 ], [ 1729042.879580203676596, 10716497.766003815457225 ], [ 1729049.870381072862074, 10716496.00911708176136 ], [ 1729050.056076341308653, 10716495.960232643410563 ], [ 1729056.831326147774234, 10716494.135760717093945 ], [ 1729057.307375323725864, 10716494.006167748942971 ], [ 1729057.456653204513714, 10716493.964173072949052 ], [ 1729064.913332491414621, 10716491.812930062413216 ], [ 1729065.236494642915204, 10716491.714833132922649 ], [ 1729072.377885565394536, 10716489.51831460185349 ], [ 1729072.667583332629874, 10716489.4251389503479 ], [ 1729072.949735113186762, 10716489.334915988147259 ], [ 1729079.801428488455713, 10716487.094762364402413 ], [ 1729080.206283610779792, 10716486.957295428961515 ], [ 1729086.614408182678744, 10716484.740763856098056 ], [ 1729086.676744066877291, 10716484.719110354781151 ], [ 1729087.41985275503248, 10716484.454675121232867 ], [ 1729094.514984425157309, 10716481.858551058918238 ], [ 1729094.833881258498877, 10716481.737160172313452 ], [ 1729101.801060140365735, 10716479.049500841647387 ], [ 1729102.013329993467778, 10716478.964527251198888 ], [ 1729102.358801980037242, 10716478.82607601583004 ], [ 1729109.037595512112603, 10716476.114466594532132 ] ] ] } },
{ "type": "Feature", "properties": { "prop_id": 22533.0, "lot": "015", "block": "001", "subdivision": "GREEN TREE COUNTRY C", "legal_desc": "BLK: 001, LOT: 015, ADDN: GREEN TREE COUNTRY, CLUB ESTATES SEC 3" }, "geometry": { "type": "Polygon", "coordinates": [ [ [ 1730750.638603959232569, 10716390.546006929129362 ], [ 1730653.769685279577971, 10716365.719283198937774 ], [ 1730623.977748042903841, 10716481.96218254044652 ], [ 1730720.846666880184785, 10716506.789234329015017 ], [ 1730750.638603959232569, 10716390.546006929129362 ] ] ] } },
{ "type": "Feature", "properties": { "prop_id": 22940.0, "lot": "030", "block": "001", "subdivision": "GREEN TREE NORTH", "legal_desc": "BLK: 001, LOT: 030, ADDN: GREEN TREE NORTH, SEC 4" }, "geometry": { "type": "Polygon", "coordinates": [ [ [ 1726944.136029111221433, 10716477.896348193287849 ], [ 1726987.104121942771599, 10716310.732609506696463 ], [ 1726987.83017018251121, 10716307.821197491139174 ], [ 1726978.137930627213791, 10716305.336622221395373 ], [ 1726895.800809960113838, 10716284.227411026135087 ], [ 1726839.728083662455902, 10716503.252604141831398 ], [ 1726851.62602779455483, 10716506.373661141842604 ], [ 1726851.936066259397194, 10716498.158781096339226 ], [ 1726853.587638043565676, 10716490.10564611107111 ], [ 1726856.536779246525839, 10716482.432103578001261 ], [ 1726860.70311018708162, 10716475.345174076035619 ], [ 1726865.97442565113306, 10716469.037114545702934 ], [ 1726872.2080100805033, 10716463.677872180938721 ], [ 1726879.235884226392955, 10716459.412459811195731 ], [ 1726886.867103994591162, 10716456.35603472776711 ], [ 1726894.896288716234267, 10716454.591602006927133 ], [ 1726903.10624760761857, 10716454.166405715048313 ], [ 1726911.274539711652324, 10716455.092256819829345 ], [ 1726919.181021524360403, 10716457.34422099031508 ], [ 1726926.611454048659652, 10716460.860946642234921 ], [ 1726933.365379041293636, 10716465.547617740929127 ], [ 1726939.260053395992145, 10716471.27792208828032 ], [ 1726944.136029111221433, 10716477.896348193287849 ] ] ] } },
{ "type": "Feature", "properties": { "prop_id": 22632.0, "lot": "096", "block": "002", "subdivision": "GREEN TREE COUNTRY C", "legal_desc": "BLK: 002, LOT: 096, ADDN: GREEN TREE COUNTRY, CLUB ESTATES SEC 3" }, "geometry": { "type": "Polygon", "coordinates": [ [ [ 1731700.12407840648666, 10716391.297291304916143 ], [ 1731603.2548315692693, 10716366.470239471644163 ], [ 1731574.703705688705668, 10716477.870299823582172 ], [ 1731671.573936827480793, 10716502.697351645678282 ], [ 1731700.12407840648666, 10716391.297291304916143 ] ] ] } },
{ "type": "Feature", "properties": { "prop_id": 22997.0, "lot": "016", "block": "003", "subdivision": "GREEN TREE NORTH", "legal_desc": "BLK: 003, LOT: 016, ADDN: GREEN TREE NORTH" }, "geometry": { "type": "Polygon", "coordinates": [ [ [ 1727825.935274872696027, 10716469.106313284486532 ], [ 1727781.518357443856075, 10716341.633449573069811 ], [ 1727715.416116178035736, 10716364.66621788777411 ], [ 1727759.833361915079877, 10716492.139409609138966 ], [ 1727764.651922531193122, 10716490.460278678685427 ], [ 1727825.935274872696027, 10716469.106313284486532 ] ] ] } },
{ "type": "Feature", "properties": { "prop_id": 22534.0, "lot": "016", "block": "001", "subdivision": "GREEN TREE COUNTRY C", "legal_desc": "BLK: 001, LOT: 016, ADDN: GREEN TREE COUNTRY, CLUB ESTATES SEC 3" }, "geometry": { "type": "Polygon", "coordinates": [ [ [ 1730653.769685279577971, 10716365.719283198937774 ], [ 1730556.900766764767468, 10716340.892231408506632 ], [ 1730527.108829476404935, 10716457.135130750015378 ], [ 1730623.977748042903841, 10716481.96218254044652 ], [ 1730653.769685279577971, 10716365.719283198937774 ] ] ] } },
{ "type": "Feature", "properties": { "prop_id": 22633.0, "lot": "097", "block": "002", "subdivision": "GREEN TREE COUNTRY C", "legal_desc": "BLK: 002, LOT: 097, ADDN: GREEN TREE COUNTRY, CLUB ESTATES SEC 3" }, "geometry": { "type": "Polygon", "coordinates": [ [ [ 1731603.2548315692693, 10716366.470239471644163 ], [ 1731506.38591291080229, 10716341.644171940162778 ], [ 1731477.834787193452939, 10716453.04324802197516 ], [ 1731574.703705688705668, 10716477.870299823582172 ], [ 1731603.2548315692693, 10716366.470239471644163 ] ] ] } },
{ "type": "Feature", "properties": { "prop_id": 22908.0, "lot": "", "block": "", "subdivision": "GREEN TREE NORTH", "legal_desc": "COMMON AREA,ADDN: GREEN TREE NORTH" }, "geometry": { "type": "Polygon", "coordinates": [ [ [ 1730318.328696713550016, 10716403.629984715953469 ], [ 1730100.556126023875549, 10716347.817100359126925 ], [ 1730111.845474362140521, 10716302.961210604757071 ], [ 1730072.21562519762665, 10716302.637065336108208 ], [ 1730032.615303850034252, 10716301.073420969769359 ], [ 1730019.174055607523769, 10716314.741047363728285 ], [ 1730022.430611782474443, 10716327.79646971821785 ], [ 1730047.992575427517295, 10716412.022365430369973 ], [ 1730302.902545731049031, 10716477.477291531860828 ], [ 1730318.328696713550016, 10716403.629984715953469 ] ] ] } },
{ "type": "Feature", "properties": { "prop_id": 22984.0, "lot": "002", "block": "003", "subdivision": "GREEN TREE NORTH", "legal_desc": "BLK: 003, LOT: 002, ADDN: GREEN TREE NORTH" }, "geometry": { "type": "Polygon", "coordinates": [ [ [ 1728770.576265837065876, 10716325.355564381927252 ], [ 1728749.988376543158665, 10716322.219743883237243 ], [ 1728729.652455522678792, 10716317.730251345783472 ], [ 1728700.577705227537081, 10716310.27652557566762 ], [ 1728663.326136634219438, 10716455.57645876891911 ], [ 1728732.63440982112661, 10716473.345453325659037 ], [ 1728735.114392157411203, 10716463.672242535278201 ], [ 1728770.576265837065876, 10716325.355564381927252 ] ] ] } },
{ "type": "Feature", "properties": { "prop_id": 22996.0, "lot": "015", "block": "003", "subdivision": "GREEN TREE NORTH", "legal_desc": "BLK: 003, LOT: 015, ADDN: GREEN TREE NORTH" }, "geometry": { "type": "Polygon", "coordinates": [ [ [ 1727892.037187867099419, 10716446.073216849938035 ], [ 1727847.620270432671532, 10716318.600353218615055 ], [ 1727781.518357443856075, 10716341.633449573069811 ], [ 1727825.935274872696027, 10716469.106313284486532 ], [ 1727887.506684227148071, 10716447.651954269036651 ], [ 1727892.037187867099419, 10716446.073216849938035 ] ] ] } },
{ "type": "Feature", "properties": { "prop_id": 428.0, "lot": "", "block": "X", "subdivision": "HILLIARD", "legal_desc": "SEC: 7 N/2, SURV: H P HILLIARD, BLK: X, ABST: 16" }, "geometry": { "type": "Polygon", "coordinates": [ [ [ 1732002.753777971724048, 10716448.99435618147254 ], [ 1731865.425943247042596, 10716413.828413600102067 ], [ 1731903.355989418458194, 10716314.093357997015119 ], [ 1731946.081958404975012, 10716201.751041730865836 ], [ 1731981.847966582514346, 10716107.706920677796006 ], [ 1732017.61397490859963, 10716013.663455795496702 ], [ 1732053.379983151797205, 10715919.61900670081377 ], [ 1732089.145663258386776, 10715825.574885688722134 ], [ 1732114.152833003550768, 10715728.751898610964417 ], [ 1732139.160986763425171, 10715631.930223889648914 ], [ 1732164.1678282385692, 10715535.106908710673451 ], [ 1732189.175981905544177, 10715438.283921683207154 ], [ 1732214.183151669800282, 10715341.461918849498034 ], [ 1732239.189992942847311, 10715244.638931777328253 ], [ 1732264.198146720184013, 10715147.816272804513574 ], [ 1732289.204988197889179, 10715050.99394192174077 ], [ 1732272.646288831252605, 10714959.703098157420754 ], [ 1732257.555106610991061, 10714876.501150406897068 ], [ 1732242.913070885464549, 10714795.777872640639544 ], [ 1732219.483319817809388, 10714666.60586448572576 ], [ 1732211.263845453038812, 10714621.294923646375537 ], [ 1732192.97680440521799, 10714596.782173534855247 ], [ 1732173.283926470670849, 10714573.38425081409514 ], [ 1732152.252796084620059, 10714551.181207867339253 ], [ 1732129.954607827123255, 10714530.251456588506699 ], [ 1732106.469085729448125, 10714510.663894524797797 ], [ 1732081.87661042669788, 10714492.485122513025999 ], [ 1732056.254937426187098, 10714475.786662830039859 ], [ 1732029.707741415360942, 10714460.602636102586985 ], [ 1732002.324588729767129, 10714446.984223376959562 ], [ 1731973.402396809775382, 10714434.75425960496068 ], [ 1731943.80205681361258, 10714424.271667985245585 ], [ 1731913.628883142955601, 10714415.573850020766258 ], [ 1731867.486253475537524, 10714504.291865564882755 ], [ 1731821.34296736237593, 10714593.008896846324205 ], [ 1731783.357802278827876, 10714666.04190138541162 ], [ 1731777.627826399169862, 10714688.673750072717667 ], [ 1731753.084566895384341, 10714785.616159493103623 ], [ 1731728.541635121451691, 10714882.556928489357233 ], [ 1731703.998703667428344, 10714979.499337885528803 ], [ 1731679.455772064626217, 10715076.440106853842735 ], [ 1731654.914152778452262, 10715173.382188193500042 ], [ 1731630.370893176179379, 10715270.322957172989845 ], [ 1731605.82796166674234, 10715367.265038512647152 ], [ 1731581.284702056087554, 10715464.206135552376509 ], [ 1731562.601667338749394, 10715538.001277279108763 ], [ 1731557.109880091156811, 10715555.52913261950016 ], [ 1731549.703726046020165, 10715572.337829228490591 ], [ 1731540.475068505154923, 10715588.219034194946289 ], [ 1731529.538081205449998, 10715602.976225446909666 ], [ 1731515.394078462850302, 10715617.975214298814535 ], [ 1731499.489908320829272, 10715631.093629160895944 ], [ 1731482.074585963971913, 10715642.126746010035276 ], [ 1731463.419108503265306, 10715650.902321103960276 ], [ 1731443.815469939028844, 10715657.283215545117855 ], [ 1731423.568787780124694, 10715661.170348133891821 ], [ 1731402.995662367437035, 10715662.50236726179719 ], [ 1731382.416959665715694, 10715661.258603727445006 ], [ 1731362.153873178409413, 10715657.459070546552539 ], [ 1731344.222475307062268, 10715651.813083924353123 ], [ 1731327.049278168473393, 10715644.164148246869445 ], [ 1731310.857706270646304, 10715634.611672654747963 ], [ 1731295.857405146118253, 10715623.279672713950276 ], [ 1731282.243584610288963, 10715610.315457856282592 ], [ 1731270.192424941109493, 10715595.886678740382195 ], [ 1731259.860094093484804, 10715580.180998962372541 ], [ 1731251.381434542359784, 10715563.402158364653587 ], [ 1731244.866026262752712, 10715545.76800430752337 ], [ 1731240.398513934575021, 10715527.507210921496153 ], [ 1731238.114069059491158, 10715509.893069863319397 ], [ 1731237.736116317333654, 10715492.135556282475591 ], [ 1731239.268921591807157, 10715474.440378477796912 ], [ 1731242.694767901673913, 10715457.012260545045137 ], [ 1731270.560856433585286, 10715374.931044410914183 ], [ 1731299.492887941887602, 10715289.709086012095213 ], [ 1731331.740529913455248, 10715194.718116397038102 ], [ 1731363.989812132902443, 10715099.728131057694554 ], [ 1731396.237782176351175, 10715004.737161422148347 ], [ 1731428.485752400476485, 10714909.746847972273827 ], [ 1731445.551992765860632, 10714859.47791020013392 ], [ 1731457.106760504189879, 10714813.837901154533029 ], [ 1731481.650020232889801, 10714716.896147891879082 ], [ 1731506.19295178563334, 10714619.955050835385919 ], [ 1731511.923911870224401, 10714597.318937037140131 ], [ 1731538.896957751829177, 10714524.994921062141657 ], [ 1731573.841773250605911, 10714431.298896515741944 ], [ 1731608.785604509525001, 10714337.603856224566698 ], [ 1731560.016008040867746, 10714325.129798950627446 ], [ 1731463.133637995924801, 10714300.350975407287478 ], [ 1731366.252908507362008, 10714275.572151893749833 ], [ 1731269.370866429526359, 10714250.793984526768327 ], [ 1731172.489808509824798, 10714226.014832897111773 ], [ 1731119.534852286335081, 10714212.470895808190107 ], [ 1731067.539543162100017, 10714316.478909878060222 ], [ 1731019.653806401183829, 10714412.266138324514031 ], [ 1730974.880596371134743, 10714501.82798433303833 ], [ 1730964.274973363615572, 10714523.044809490442276 ], [ 1730951.902621341636404, 10714552.355123883113265 ], [ 1730940.355727367801592, 10714582.000083349645138 ], [ 1730925.233708667336032, 10714625.224086394533515 ], [ 1730911.791477245511487, 10714668.999925686046481 ], [ 1730900.232116234721616, 10714713.138297049328685 ], [ 1730890.38075774628669, 10714757.689069179818034 ], [ 1730882.483135543763638, 10714802.036101467907429 ], [ 1730876.278423760551959, 10714846.651177870109677 ], [ 1730874.895880589261651, 10714858.93002694286406 ], [ 1730865.953642038162798, 10714945.761233851313591 ], [ 1730855.709897107910365, 10715045.235134297981858 ], [ 1730845.464839718071744, 10715144.709034783765674 ], [ 1730835.220766915241256, 10715244.183263290673494 ], [ 1730824.975709417369217, 10715343.657163742929697 ], [ 1730817.219492202624679, 10715418.968050435185432 ], [ 1730813.962937016505748, 10715438.729169376194477 ], [ 1730808.335651135770604, 10715457.950263118371367 ], [ 1730800.421295966254547, 10715476.347867608070374 ], [ 1730790.335685106460005, 10715493.650985989719629 ], [ 1730778.324880609754473, 10715509.491180578246713 ], [ 1730764.496494179358706, 10715523.772322921082377 ], [ 1730749.051312603522092, 10715536.286736255511642 ], [ 1730732.213088964577764, 10715546.852990470826626 ], [ 1730714.226573445834219, 10715555.317870562896132 ], [ 1730695.352264339337125, 10715561.558345284312963 ], [ 1730675.865095216082409, 10715565.484191676601768 ], [ 1730656.046889848308638, 10715567.037667099386454 ], [ 1730636.185705610085279, 10715566.197118014097214 ], [ 1730615.705427834531292, 10715562.77488075196743 ], [ 1730595.817340353969485, 10715556.807372465729713 ], [ 1730576.836403785273433, 10715548.389409337192774 ], [ 1730559.062813750235364, 10715537.654193161055446 ], [ 1730542.778066030936316, 10715524.77134308218956 ], [ 1730528.240362436743453, 10715509.945583099499345 ], [ 1730515.680017577949911, 10715493.411492830142379 ], [ 1730505.295521540567279, 10715475.430554738268256 ], [ 1730497.251572304638103, 10715456.28787331096828 ], [ 1730492.265032483264804, 10715438.954899750649929 ], [ 1730489.199748923769221, 10715421.181310173124075 ], [ 1730488.092138882027939, 10715403.179374475032091 ], [ 1730488.955653662793338, 10715385.163987325504422 ], [ 1730506.207588388817385, 10715296.039149206131697 ], [ 1730523.310901001328602, 10715207.679401548579335 ], [ 1730542.38861964084208, 10715109.118228828534484 ], [ 1730561.466666098218411, 10715010.558040367439389 ], [ 1730580.544712522532791, 10714911.997195735573769 ], [ 1730596.366531683830544, 10714830.253905884921551 ], [ 1730598.576829048804939, 10714811.811026018112898 ], [ 1730606.389805379789323, 10714757.877397010102868 ], [ 1730616.175875321030617, 10714704.266930092126131 ], [ 1730627.606627335073426, 10714652.361184416338801 ], [ 1730640.886785217793658, 10714600.897695103660226 ], [ 1730656.045876923715696, 10714549.791488576680422 ], [ 1730673.028784349560738, 10714499.26205256767571 ], [ 1730689.744631756329909, 10714454.696516482159495 ], [ 1730707.820713099092245, 10714410.665100129321218 ], [ 1730711.166507232235745, 10714398.455148529261351 ], [ 1730737.879710480803624, 10714300.978947376832366 ], [ 1730762.770738497609273, 10714210.15004388615489 ], [ 1730776.293678291374817, 10714160.80794177018106 ], [ 1730726.913846841780469, 10714152.829611228778958 ], [ 1730643.673512642737478, 10714139.382787672802806 ], [ 1730559.780620635487139, 10714125.829993207007647 ], [ 1730474.091471795691177, 10714111.986844947561622 ], [ 1730393.259597768774256, 10714098.927815873175859 ], [ 1730351.56840288056992, 10714168.73608884960413 ], [ 1730257.947514860425144, 10714325.497945059090853 ], [ 1730193.854786784388125, 10714432.815992822870612 ], [ 1730142.580604363232851, 10714518.669840482994914 ], [ 1730091.306422219611704, 10714604.524016238749027 ], [ 1730081.591217417968437, 10714623.631921343505383 ], [ 1730069.668339292984456, 10714641.445537511259317 ], [ 1730055.707407161826268, 10714657.711256328970194 ], [ 1730039.907239637104794, 10714672.19745085015893 ], [ 1730022.4932295831386, 10714684.697428569197655 ], [ 1730003.713736672652885, 10714695.032712128013372 ], [ 1729983.836476243799552, 10714703.056320121511817 ], [ 1729963.529098718892783, 10714708.015957312658429 ], [ 1729942.761748194228858, 10714710.403748849406838 ], [ 1729921.858899276005104, 10714710.183277355507016 ], [ 1729901.146666547516361, 10714707.357167607173324 ], [ 1729880.948540640063584, 10714701.970038868486881 ], [ 1729861.580137144774199, 10714694.105552427470684 ], [ 1729843.343621774809435, 10714683.887067602947354 ], [ 1729747.31164285284467, 10714630.240842575207353 ], [ 1729660.010619484586641, 10714581.470920745283365 ], [ 1729643.798378435429186, 10714571.130716936662793 ], [ 1729628.899127010721713, 10714558.974899586290121 ], [ 1729615.515292680123821, 10714545.167838525027037 ], [ 1729603.828633869532496, 10714529.897525440901518 ], [ 1729593.997942627640441, 10714513.371637204661965 ], [ 1729586.156748998677358, 10714495.813926609233022 ], [ 1729580.411352267256007, 10714477.463238392025232 ], [ 1729576.840164067456499, 10714458.568587880581617 ], [ 1729575.491412734379992, 10714439.386864354833961 ], [ 1729576.172513211378828, 10714422.345556790009141 ], [ 1729578.607547741150483, 10714405.465666208416224 ], [ 1729582.770269249333069, 10714388.926654208451509 ], [ 1729588.616386777488515, 10714372.905029689893126 ], [ 1729619.877482570474967, 10714299.319861019030213 ], [ 1729691.344539168989286, 10714131.091818995773792 ], [ 1729710.279543017735705, 10714086.522017749026418 ], [ 1729602.246601190650836, 10714005.565803414210677 ], [ 1729522.220170355867594, 10713945.596754778176546 ], [ 1729442.194395737024024, 10713885.628690414130688 ], [ 1729374.544255327433348, 10713834.933902798220515 ], [ 1729315.891477162018418, 10713913.325822 ], [ 1729280.00210843118839, 10713963.846728330478072 ], [ 1729261.785606827354059, 10713990.915905276313424 ], [ 1729228.725957273039967, 10714042.810168601572514 ], [ 1729211.868377173086628, 10714070.801916025578976 ], [ 1729181.459313539322466, 10714124.301491338759661 ], [ 1729166.036442169221118, 10714153.099667653441429 ], [ 1729141.621133635751903, 10714201.338097527623177 ], [ 1729124.404630482429639, 10714237.600827232003212 ], [ 1729121.363297816133127, 10714244.219909764826298 ], [ 1729087.07825761474669, 10714324.088859705254436 ], [ 1729065.064519766019657, 10714381.562508922070265 ], [ 1729054.153451206861064, 10714412.347230028361082 ], [ 1729035.058999560773373, 10714470.856310373172164 ], [ 1729025.711576365632936, 10714502.149888783693314 ], [ 1729010.397301334654912, 10714558.36697843298316 ], [ 1729004.059387491783127, 10714596.132985930889845 ], [ 1728987.452465321170166, 10714695.104918953031301 ], [ 1728968.362280175555497, 10714808.873413059860468 ], [ 1728966.904934130841866, 10714828.311697900295258 ], [ 1728963.254022773820907, 10714847.459957085549831 ], [ 1728957.456461572321132, 10714866.070815740153193 ], [ 1728949.587382158264518, 10714883.904772972688079 ], [ 1728939.747505315579474, 10714900.732170408591628 ], [ 1728928.064128329278901, 10714916.335816858336329 ], [ 1728914.687512631295249, 10714930.514597155153751 ], [ 1728899.790230470243841, 10714943.086425105109811 ], [ 1728882.452007803600281, 10714954.358058573678136 ], [ 1728863.84016504464671, 10714963.372150309383869 ], [ 1728844.246697113849223, 10714969.987624349072576 ], [ 1728823.980001979973167, 10714974.100478306412697 ], [ 1728803.35766427917406, 10714975.645751670002937 ], [ 1728782.704158625332639, 10714974.599494321271777 ], [ 1728762.343959416728467, 10714970.978110430762172 ], [ 1728742.596291544381529, 10714964.838358366861939 ], [ 1728723.771850829012692, 10714956.276694726198912 ], [ 1728706.166239397600293, 10714945.427633609622717 ], [ 1728690.05570416408591, 10714932.461450347676873 ], [ 1728675.693853101227432, 10714917.582212742418051 ], [ 1728663.305752026848495, 10714901.023188162595034 ], [ 1728653.086281905183569, 10714883.044874707236886 ], [ 1728645.637147883651778, 10714865.204028172418475 ], [ 1728640.326461466960609, 10714846.614495236426592 ], [ 1728637.226401071529835, 10714827.531196774914861 ], [ 1728636.37994532007724, 10714808.216271333396435 ], [ 1728637.798905476694927, 10714788.935138437896967 ], [ 1728641.463268555700779, 10714769.952233264222741 ], [ 1728655.728333208477125, 10714728.911953270435333 ], [ 1728696.260408218484372, 10714612.31013042293489 ], [ 1728729.095319423358887, 10714517.851968238130212 ], [ 1728739.126468467526138, 10714488.99309666454792 ], [ 1728748.464048746973276, 10714453.731349607929587 ], [ 1728758.501431109849364, 10714418.282923076301813 ], [ 1728769.351147771347314, 10714382.346636520698667 ], [ 1728790.685424758354202, 10714317.492095246911049 ], [ 1728803.282185701420531, 10714282.150623857975006 ], [ 1728827.725380677031353, 10714218.559859748929739 ], [ 1728844.514719151891768, 10714178.302386688068509 ], [ 1728871.622279535979033, 10714117.1450169775635 ], [ 1728887.700989234494045, 10714083.247768603265285 ], [ 1728918.752440196927637, 10714021.762971566990018 ], [ 1728936.498798143817112, 10713988.682650741189718 ], [ 1728970.168354362715036, 10713929.459988676011562 ], [ 1728989.536428537452593, 10713897.262540213763714 ], [ 1729022.930394923547283, 10713844.557910855859518 ], [ 1729043.74203604599461, 10713813.339463196694851 ], [ 1729082.923393599921837, 10713757.584970511496067 ], [ 1729143.828463871730492, 10713675.920747440308332 ], [ 1729064.766271601198241, 10713655.699985975399613 ], [ 1728967.885541818337515, 10713630.921818602830172 ], [ 1728871.003171634394675, 10713606.142995065078139 ], [ 1728774.122113988734782, 10713581.363843461498618 ], [ 1728677.240399996517226, 10713556.585019925609231 ], [ 1728580.359342396259308, 10713531.807180613279343 ], [ 1728483.477300498168916, 10713507.028028978034854 ], [ 1728386.596242628293112, 10713482.248549301177263 ], [ 1728289.765381526900455, 10713457.482849109917879 ], [ 1728212.867228578077629, 10713479.217063620686531 ], [ 1728175.344987524673343, 10713489.822032276540995 ], [ 1728137.846368503523991, 10713500.421095341444016 ], [ 1728063.749391314107925, 10713521.363972656428814 ], [ 1728011.873174994485453, 10713579.423907728865743 ], [ 1727964.554036942310631, 10713632.383786337450147 ], [ 1727914.183067349717021, 10713688.758685087785125 ], [ 1727850.607069657649845, 10713759.91374097019434 ], [ 1727825.648128427332267, 10713856.748867131769657 ], [ 1727800.689187292475253, 10713953.584649424999952 ], [ 1727775.731230071512982, 10714050.4201036747545 ], [ 1727858.04111998481676, 10714071.63495772331953 ], [ 1727940.351338129956275, 10714092.850139865651727 ], [ 1727956.520271901041269, 10714097.839959740638733 ], [ 1727974.609478224534541, 10714105.509564654901624 ], [ 1727991.755116518819705, 10714115.104363003745675 ], [ 1728007.753119151340798, 10714126.510837830603123 ], [ 1728022.412869643419981, 10714139.592506486922503 ], [ 1728035.560155844548717, 10714154.193529408425093 ], [ 1728047.037497462471947, 10714170.140678493306041 ], [ 1728056.70906825736165, 10714187.24333736486733 ], [ 1728064.45938272960484, 10714205.298094265162945 ], [ 1728070.195921328384429, 10714224.089726576581597 ], [ 1728073.850442753871903, 10714243.394809417426586 ], [ 1728075.307133724913001, 10714260.633951196447015 ], [ 1728075.10240997443907, 10714277.933460367843509 ], [ 1728073.237584577174857, 10714295.133232256397605 ], [ 1728069.730045614764094, 10714312.074802523478866 ], [ 1728056.002053694799542, 10714365.338157314807177 ], [ 1728031.04311224562116, 10714462.172955395653844 ], [ 1728017.317417146638036, 10714515.429092351347208 ], [ 1728012.515917210374027, 10714531.07440521940589 ], [ 1728006.313829196849838, 10714546.219062805175781 ], [ 1727998.762006100500003, 10714560.738065486773849 ], [ 1727986.789915306027979, 10714578.796431876718998 ], [ 1727972.735479694092646, 10714595.285903550684452 ], [ 1727956.801453971769661, 10714609.967635786160827 ], [ 1727939.219465191476047, 10714622.62870242446661 ], [ 1727920.243778356583789, 10714633.086032994091511 ], [ 1727900.149326947052032, 10714641.18805293366313 ], [ 1727879.226793212583289, 10714646.817636448889971 ], [ 1727857.779653798323125, 10714649.892762692645192 ], [ 1727836.118603993207216, 10714650.369140380993485 ], [ 1727814.556963451439515, 10714648.240207843482494 ], [ 1727798.09111408283934, 10714644.808127928525209 ], [ 1727715.777287292527035, 10714623.594258142635226 ], [ 1727633.471334367990494, 10714602.379076 ], [ 1727608.514033417915925, 10714699.215186387300491 ], [ 1727583.554107936564833, 10714796.049000190570951 ], [ 1727604.624283853219822, 10714951.217024037614465 ], [ 1727624.53107570274733, 10715097.824367970228195 ], [ 1727566.47705135657452, 10715224.339231 ], [ 1727506.733069163281471, 10715354.530924689024687 ], [ 1727564.856979480478913, 10715369.415410380810499 ], [ 1727622.982201996957883, 10715384.299239873886108 ], [ 1727681.106112501118332, 10715399.184381747618318 ], [ 1727739.231335052056238, 10715414.068539351224899 ], [ 1727797.355901372386143, 10715428.95204077847302 ], [ 1727855.480139595689252, 10715443.836198391392827 ], [ 1727913.605034275911748, 10715458.72035600617528 ], [ 1727971.729272558121011, 10715473.604185556992888 ], [ 1728029.854166815755889, 10715488.488343151286244 ], [ 1728087.978077248204499, 10715503.373156914487481 ], [ 1728146.103299889480695, 10715518.257314536720514 ], [ 1728204.227209923090413, 10715533.141472155228257 ], [ 1728262.352432622341439, 10715548.025301648303866 ], [ 1728320.476342864101753, 10715562.909459279850125 ], [ 1728378.601237282622606, 10715577.793288776651025 ], [ 1728436.725803745677695, 10715592.678102588281035 ], [ 1728494.850370025029406, 10715607.562260208651423 ], [ 1728552.975264582317322, 10715622.446417788043618 ], [ 1728614.012555558700114, 10715639.243957666680217 ], [ 1728674.652209228836, 10715658.277385858818889 ], [ 1728734.575329015497118, 10715679.458119880408049 ], [ 1728793.706455418374389, 10715702.760241100564599 ], [ 1728851.970457726158202, 10715728.153237851336598 ], [ 1728906.430004785070196, 10715754.174186309799552 ], [ 1728959.977479996625334, 10715782.024199699983001 ], [ 1729015.325477099744603, 10715810.960169058293104 ], [ 1728969.956468018004671, 10715900.081399068236351 ], [ 1729026.583990147104487, 10715926.78836982883513 ], [ 1729084.23283576965332, 10715951.212536327540874 ], [ 1729142.811469776555896, 10715973.314856640994549 ], [ 1729202.225732232443988, 10715993.059897728264332 ], [ 1729262.381463155383244, 10716010.416163627058268 ], [ 1729902.101758142234758, 10716166.00936621800065 ], [ 1729953.083292851923034, 10716173.753117118030787 ], [ 1730004.344682649010792, 10716179.353827234357595 ], [ 1730055.795704421121627, 10716182.800997991114855 ], [ 1730107.345807310193777, 10716184.08872383646667 ], [ 1730158.904768383828923, 10716183.215036330744624 ], [ 1730210.381708715111017, 10716180.181247791275382 ], [ 1730208.56477974774316, 10716065.195236794650555 ], [ 1730262.597161599434912, 10716065.291363712400198 ], [ 1730316.592798042343929, 10716067.283484555780888 ], [ 1730370.485088335582986, 10716071.168974677100778 ], [ 1730424.207759575219825, 10716076.94324086047709 ], [ 1730477.699460280360654, 10716084.599065288901329 ], [ 1730530.889652224257588, 10716094.128245940431952 ], [ 1730573.11529728048481, 10716103.07737541757524 ], [ 1730615.073882624739781, 10716113.205964736640453 ], [ 1730634.563676764257252, 10716118.201361902058125 ], [ 1730731.432595368009061, 10716143.02841367945075 ], [ 1730828.301841989159584, 10716167.855137405917048 ], [ 1730925.171745038358495, 10716192.682189211249352 ], [ 1731022.04066355433315, 10716217.509241029620171 ], [ 1731118.909582240507007, 10716242.335964728146791 ], [ 1731215.778828987386078, 10716267.163344608619809 ], [ 1731312.647747622104362, 10716291.990068338811398 ], [ 1731409.516666460083798, 10716316.817448204383254 ], [ 1731506.38591291080229, 10716341.644171940162778 ], [ 1731603.2548315692693, 10716366.470239471644163 ], [ 1731700.12407840648666, 10716391.297291304916143 ], [ 1731796.993981241015717, 10716416.124343067407608 ], [ 1731893.862900075269863, 10716440.951066788285971 ], [ 1731995.535943656461313, 10716467.010071586817503 ], [ 1732002.753777971724048, 10716448.99435618147254 ] ] ] } },
{ "type": "Feature", "properties": { "prop_id": 22920.0, "lot": "011", "block": "001", "subdivision": "GREEN TREE NORTH", "legal_desc": "BLK: 001, LOT: 011, ADDN: GREEN TREE NORTH" }, "geometry": { "type": "Polygon", "coordinates": [ [ [ 1727382.092250087065622, 10716417.530304169282317 ], [ 1727321.682250422192737, 10716250.123458573594689 ], [ 1727279.912970026722178, 10716265.195938836783171 ], [ 1727232.881560365203768, 10716282.16769402846694 ], [ 1727208.80712925363332, 10716290.855342922732234 ], [ 1727311.650122404331341, 10716459.45936362631619 ], [ 1727327.959147683810443, 10716446.916078925132751 ], [ 1727345.208459534915164, 10716435.701531942933798 ], [ 1727363.290775435045362, 10716425.885604439303279 ], [ 1727382.092250087065622, 10716417.530304169282317 ] ] ] } },
{ "type": "Feature", "properties": { "prop_id": 22535.0, "lot": "017", "block": "001", "subdivision": "GREEN TREE COUNTRY C", "legal_desc": "BLK: 001, LOT: 017, ADDN: GREEN TREE COUNTRY, CLUB ESTATES SEC 3" }, "geometry": { "type": "Polygon", "coordinates": [ [ [ 1730556.900766764767468, 10716340.892231408506632 ], [ 1730505.787014541914687, 10716328.926703428849578 ], [ 1730454.249706390546635, 10716318.943455370143056 ], [ 1730434.550598714267835, 10716433.413391733542085 ], [ 1730507.849349992349744, 10716452.199116628617048 ], [ 1730527.108829476404935, 10716457.135130750015378 ], [ 1730556.900766764767468, 10716340.892231408506632 ] ] ] } },
{ "type": "Feature", "properties": { "prop_id": 22985.0, "lot": "003", "block": "003", "subdivision": "GREEN TREE NORTH", "legal_desc": "BLK: 003, LOT: 003, ADDN: GREEN TREE NORTH" }, "geometry": { "type": "Polygon", "coordinates": [ [ [ 1728700.577705227537081, 10716310.27652557566762 ], [ 1728632.770085538970307, 10716292.892372770234942 ], [ 1728595.519173241686076, 10716438.192305989563465 ], [ 1728663.326136634219438, 10716455.57645876891911 ], [ 1728700.577705227537081, 10716310.27652557566762 ] ] ] } },
{ "type": "Feature", "properties": { "prop_id": 22634.0, "lot": "098", "block": "002", "subdivision": "GREEN TREE COUNTRY C", "legal_desc": "BLK: 002, LOT: 098, ADDN: GREEN TREE COUNTRY, CLUB ESTATES SEC 3" }, "geometry": { "type": "Polygon", "coordinates": [ [ [ 1731506.38591291080229, 10716341.644171940162778 ], [ 1731409.516666460083798, 10716316.817448204383254 ], [ 1731380.965868362924084, 10716428.216196231544018 ], [ 1731477.834787193452939, 10716453.04324802197516 ], [ 1731506.38591291080229, 10716341.644171940162778 ] ] ] } },
{ "type": "Feature", "properties": { "prop_id": 22628.0, "lot": "092", "block": "002", "subdivision": "GREEN TREE COUNTRY C", "legal_desc": "BLK: 002, LOT: 092 LESS S.4, ADDN: GREEN TREE COUNTRY, CLUB ESTATES" }, "geometry": { "type": "Polygon", "coordinates": [ [ [ 1732050.663792946375906, 10716352.008311036974192 ], [ 1731903.355989418458194, 10716314.093357997015119 ], [ 1731865.425943247042596, 10716413.828413600102067 ], [ 1732002.753777971724048, 10716448.99435618147254 ], [ 1732017.299025980290025, 10716415.974730879068375 ], [ 1732033.279310885118321, 10716383.625379925593734 ], [ 1732050.663792946375906, 10716352.008311036974192 ] ] ] } },
{ "type": "Feature", "properties": { "prop_id": 22995.0, "lot": "014", "block": "003", "subdivision": "GREEN TREE NORTH", "legal_desc": "BLK: 003, LOT: 014, ADDN: GREEN TREE NORTH" }, "geometry": { "type": "Polygon", "coordinates": [ [ [ 1727958.139100737404078, 10716423.040448596701026 ], [ 1727913.722183294128627, 10716295.567584909498692 ], [ 1727847.620270432671532, 10716318.600353218615055 ], [ 1727892.037187867099419, 10716446.073216849938035 ], [ 1727896.927270757965744, 10716444.369479695335031 ], [ 1727958.139100737404078, 10716423.040448596701026 ] ] ] } },
{ "type": "Feature", "properties": { "prop_id": 22986.0, "lot": "004", "block": "003", "subdivision": "GREEN TREE NORTH", "legal_desc": "BLK: 003, LOT: 004, ADDN: GREEN TREE NORTH" }, "geometry": { "type": "Polygon", "coordinates": [ [ [ 1728632.770085538970307, 10716292.892372770234942 ], [ 1728564.963121908018366, 10716275.508219990879297 ], [ 1728527.712209707824513, 10716420.808481281623244 ], [ 1728595.519173241686076, 10716438.192305989563465 ], [ 1728632.770085538970307, 10716292.892372770234942 ] ] ] } },
{ "type": "Feature", "properties": { "prop_id": 22536.0, "lot": "018", "block": "001", "subdivision": "GREEN TREE COUNTRY C", "legal_desc": "BLK: 001, LOT: 018 LESS W.15, ADDN: GREEN TREE COUNTRY, CLUB ESTATES SEC 3" }, "geometry": { "type": "Polygon", "coordinates": [ [ [ 1730454.249706390546635, 10716318.943455370143056 ], [ 1730397.383011940168217, 10716310.445440957322717 ], [ 1730340.195780112408102, 10716304.475965209305286 ], [ 1730333.605571742169559, 10716407.538769802078605 ], [ 1730434.550598714267835, 10716433.413391733542085 ], [ 1730454.249706390546635, 10716318.943455370143056 ] ] ] } },
{ "type": "Feature", "properties": { "prop_id": 22765.0, "lot": "052", "block": "006", "subdivision": "GREEN TREE COUNTRY C", "legal_desc": "BLK: 006, LOT: 052, ADDN: GREEN TREE COUNTRY, CLUB ESTATES" }, "geometry": { "type": "Polygon", "coordinates": [ [ [ 1732262.300874013686553, 10716334.811157943680882 ], [ 1732139.773865307681262, 10716303.226573247462511 ], [ 1732126.301449722843245, 10716334.550991637632251 ], [ 1732111.464207229670137, 10716365.252379691228271 ], [ 1732095.29068114166148, 10716395.271354354918003 ], [ 1732237.294032514328137, 10716431.634145025163889 ], [ 1732262.300874013686553, 10716334.811157943680882 ] ] ] } },
{ "type": "Feature", "properties": { "prop_id": 22635.0, "lot": "099", "block": "002", "subdivision": "GREEN TREE COUNTRY C", "legal_desc": "BLK: 002, LOT: 099, ADDN: GREEN TREE COUNTRY, CLUB ESTATES SEC 3" }, "geometry": { "type": "Polygon", "coordinates": [ [ [ 1731409.516666460083798, 10716316.817448204383254 ], [ 1731312.647747622104362, 10716291.990068338811398 ], [ 1731284.096949932863936, 10716403.389472480863333 ], [ 1731380.965868362924084, 10716428.216196231544018 ], [ 1731409.516666460083798, 10716316.817448204383254 ] ] ] } },
{ "type": "Feature", "properties": { "prop_id": 22994.0, "lot": "012", "block": "003", "subdivision": "GREEN TREE NORTH", "legal_desc": "BLK: 003, LOTS: 012 & 13, ADDN: GREEN TREE NORTH" }, "geometry": { "type": "Polygon", "coordinates": [ [ [ 1728024.241013923892751, 10716400.008336449041963 ], [ 1728090.344239078927785, 10716376.97524007037282 ], [ 1728045.926009577931836, 10716249.502376386895776 ], [ 1727979.824096519500017, 10716272.534160422161222 ], [ 1727913.722183294128627, 10716295.567584909498692 ], [ 1727958.139100737404078, 10716423.040448596701026 ], [ 1728024.241013923892751, 10716400.008336449041963 ] ] ] } },
{ "type": "Feature", "properties": { "prop_id": 22987.0, "lot": "005", "block": "003", "subdivision": "GREEN TREE NORTH", "legal_desc": "BLK: 003, LOT: 005, ADDN: GREEN TREE NORTH" }, "geometry": { "type": "Polygon", "coordinates": [ [ [ 1728564.963121908018366, 10716275.508219990879297 ], [ 1728497.156486620428041, 10716258.124395297840238 ], [ 1728459.905246070818976, 10716403.424328511580825 ], [ 1728527.712209707824513, 10716420.808481281623244 ], [ 1728564.963121908018366, 10716275.508219990879297 ] ] ] } },
{ "type": "Feature", "properties": { "prop_id": 22919.0, "lot": "010", "block": "001", "subdivision": "GREEN TREE NORTH", "legal_desc": "BLK: 001, LOT: 010, ADDN: GREEN TREE NORTH" }, "geometry": { "type": "Polygon", "coordinates": [ [ [ 1727457.45103593589738, 10716390.684550408273935 ], [ 1727396.933096999535337, 10716222.968322182074189 ], [ 1727373.976118093123659, 10716231.252756547182798 ], [ 1727326.944708150345832, 10716248.224511753767729 ], [ 1727321.682250422192737, 10716250.123458573594689 ], [ 1727382.092250087065622, 10716417.530304169282317 ], [ 1727457.45103593589738, 10716390.684550408273935 ] ] ] } },
{ "type": "Feature", "properties": { "prop_id": 23120.0, "lot": "20A", "block": "006", "subdivision": "GREEN TREE NORTH", "legal_desc": "BLK: 006, LOT: 20A, ADDN: GREEN TREE NORTH, SEC 13" }, "geometry": { "type": "Polygon", "coordinates": [ [ [ 1730340.195780112408102, 10716304.475965209305286 ], [ 1730292.000001598382369, 10716301.464489113539457 ], [ 1730243.728764106752351, 10716300.117052 ], [ 1730195.440138150239363, 10716300.434966154396534 ], [ 1730147.190882521914318, 10716302.417903520166874 ], [ 1730111.845474362140521, 10716302.961210604757071 ], [ 1730100.556126023875549, 10716347.817100359126925 ], [ 1730318.328696713550016, 10716403.629984715953469 ], [ 1730333.605571742169559, 10716407.538769802078605 ], [ 1730340.195780112408102, 10716304.475965209305286 ] ] ] } },
{ "type": "Feature", "properties": { "prop_id": null, "lot": "", "block": "", "subdivision": "", "legal_desc": "" }, "geometry": { "type": "Polygon", "coordinates": [ [ [ 1728497.156486620428041, 10716258.124395297840238 ], [ 1728429.349194893846288, 10716240.740242505446076 ], [ 1728392.098282604943961, 10716386.040503809228539 ], [ 1728459.905246070818976, 10716403.424328511580825 ], [ 1728497.156486620428041, 10716258.124395297840238 ] ] ] } },
{ "type": "Feature", "properties": { "prop_id": 22636.0, "lot": "100", "block": "002", "subdivision": "GREEN TREE COUNTRY C", "legal_desc": "BLK: 002, LOT: 100, ADDN: GREEN TREE COUNTRY, CLUB ESTATES SEC 3" }, "geometry": { "type": "Polygon", "coordinates": [ [ [ 1731312.647747622104362, 10716291.990068338811398 ], [ 1731215.778828987386078, 10716267.163344608619809 ], [ 1731187.228031056467444, 10716378.562420731410384 ], [ 1731284.096949932863936, 10716403.389472480863333 ], [ 1731312.647747622104362, 10716291.990068338811398 ] ] ] } },
{ "type": "Feature", "properties": { "prop_id": 22908.0, "lot": "", "block": "", "subdivision": "GREEN TREE NORTH", "legal_desc": "COMMON AREA,ADDN: GREEN TREE NORTH" }, "geometry": { "type": "Polygon", "coordinates": [ [ [ 1729953.781785907456651, 10716294.931374009698629 ], [ 1729902.026302648941055, 10716288.39037686213851 ], [ 1729850.540503638796508, 10716279.985537985339761 ], [ 1729799.391974622383714, 10716269.727684084326029 ], [ 1729748.646659957244992, 10716257.63026662170887 ], [ 1729679.88530181045644, 10716239.889487219974399 ], [ 1729660.116639117943123, 10716312.781415360048413 ], [ 1729883.157572712516412, 10716369.696331663057208 ], [ 1729974.959571575280279, 10716391.964333157986403 ], [ 1729964.001584933837876, 10716343.528398090973496 ], [ 1729953.781785907456651, 10716294.931374009698629 ] ] ] } },
{ "type": "Feature", "properties": { "prop_id": 22918.0, "lot": "009", "block": "001", "subdivision": "GREEN TREE NORTH", "legal_desc": "BLK: 001, LOT: 009, ADDN: GREEN TREE NORTH" }, "geometry": { "type": "Polygon", "coordinates": [ [ [ 1727532.808181407628581, 10716363.836172001436353 ], [ 1727472.182958987774327, 10716195.813513901084661 ], [ 1727468.03959382022731, 10716197.308590045198798 ], [ 1727421.008184056263417, 10716214.280673306435347 ], [ 1727396.933096999535337, 10716222.968322182074189 ], [ 1727457.45103593589738, 10716390.684550408273935 ], [ 1727532.808181407628581, 10716363.836172001436353 ] ] ] } },
{ "type": "Feature", "properties": { "prop_id": 22989.0, "lot": "007", "block": "003", "subdivision": "GREEN TREE NORTH", "legal_desc": "BLK: 003, LOT: 007, ADDN: GREEN TREE NORTH" }, "geometry": { "type": "Polygon", "coordinates": [ [ [ 1728429.349194893846288, 10716240.740242505446076 ], [ 1728361.542231391649693, 10716223.35543354600668 ], [ 1728324.291319034062326, 10716368.65635103546083 ], [ 1728392.098282604943961, 10716386.040503809228539 ], [ 1728429.349194893846288, 10716240.740242505446076 ] ] ] } },
{ "type": "Feature", "properties": { "prop_id": 22637.0, "lot": "101", "block": "002", "subdivision": "GREEN TREE COUNTRY C", "legal_desc": "BLK: 002, LOT: 101, ADDN: GREEN TREE COUNTRY, CLUB ESTATES SEC 3" }, "geometry": { "type": "Polygon", "coordinates": [ [ [ 1731215.778828987386078, 10716267.163344608619809 ], [ 1731118.909582240507007, 10716242.335964728146791 ], [ 1731090.358784300740808, 10716353.735368918627501 ], [ 1731187.228031056467444, 10716378.562420731410384 ], [ 1731215.778828987386078, 10716267.163344608619809 ] ] ] } },
{ "type": "Feature", "properties": { "prop_id": 22993.0, "lot": "011", "block": "003", "subdivision": "GREEN TREE NORTH", "legal_desc": "BLK: 003, LOT: 011, ADDN: GREEN TREE NORTH" }, "geometry": { "type": "Polygon", "coordinates": [ [ [ 1728156.446480219019577, 10716353.942471764981747 ], [ 1728112.029234764399007, 10716226.469280013814569 ], [ 1728045.926009577931836, 10716249.502376386895776 ], [ 1728090.344239078927785, 10716376.97524007037282 ], [ 1728156.446480219019577, 10716353.942471764981747 ] ] ] } },
{ "type": "Feature", "properties": { "prop_id": 22990.0, "lot": "008", "block": "003", "subdivision": "GREEN TREE NORTH", "legal_desc": "BLK: 003, LOT: 008, ADDN: GREEN TREE NORTH" }, "geometry": { "type": "Polygon", "coordinates": [ [ [ 1728361.542231391649693, 10716223.35543354600668 ], [ 1728293.42227624822408, 10716205.89155650883913 ], [ 1728256.484027636004612, 10716351.272198248654604 ], [ 1728324.291319034062326, 10716368.65635103546083 ], [ 1728361.542231391649693, 10716223.35543354600668 ] ] ] } },
{ "type": "Feature", "properties": { "prop_id": 22917.0, "lot": "008", "block": "001", "subdivision": "GREEN TREE NORTH", "legal_desc": "BLK: 001, LOT: 008, ADDN: GREEN TREE NORTH" }, "geometry": { "type": "Polygon", "coordinates": [ [ [ 1727608.144329284783453, 10716336.935300273820758 ], [ 1727547.434133403701708, 10716168.659361802041531 ], [ 1727515.069691333454102, 10716180.337819114327431 ], [ 1727472.182958987774327, 10716195.813513901084661 ], [ 1727532.808181407628581, 10716363.836172001436353 ], [ 1727608.144329284783453, 10716336.935300273820758 ] ] ] } },
{ "type": "Feature", "properties": { "prop_id": 22992.0, "lot": "010", "block": "003", "subdivision": "GREEN TREE NORTH", "legal_desc": "BLK: 003, LOT: 010, ADDN: GREEN TREE NORTH" }, "geometry": { "type": "Polygon", "coordinates": [ [ [ 1728203.265292182331905, 10716337.628523794934154 ], [ 1728216.952275196556002, 10716341.137375278398395 ], [ 1728193.21314115379937, 10716201.694388477131724 ], [ 1728173.668229554779828, 10716205.869578283280134 ], [ 1728154.538343394873664, 10716211.657297922298312 ], [ 1728112.029234764399007, 10716226.469280013814569 ], [ 1728156.446480219019577, 10716353.942471764981747 ], [ 1728203.265292182331905, 10716337.628523794934154 ] ] ] } },
{ "type": "Feature", "properties": { "prop_id": 22638.0, "lot": "102", "block": "002", "subdivision": "GREEN TREE COUNTRY C", "legal_desc": "BLK: 002, LOT: 102, ADDN: GREEN TREE COUNTRY, CLUB ESTATES SEC 3" }, "geometry": { "type": "Polygon", "coordinates": [ [ [ 1731118.909582240507007, 10716242.335964728146791 ], [ 1731022.04066355433315, 10716217.509241029620171 ], [ 1730993.489537705900148, 10716328.907989015802741 ], [ 1731090.358784300740808, 10716353.735368918627501 ], [ 1731118.909582240507007, 10716242.335964728146791 ] ] ] } },
{ "type": "Feature", "properties": { "prop_id": 22627.0, "lot": "091", "block": "002", "subdivision": "GREEN TREE COUNTRY C", "legal_desc": "BLK: 002, LOT: 091 & S.4 OF, ADDN: GREEN TREE COUNTRY, CLUB ESTATES, LOT 92" }, "geometry": { "type": "Polygon", "coordinates": [ [ [ 1732098.746051135705784, 10716241.181411843746901 ], [ 1731946.081958404975012, 10716201.751041730865836 ], [ 1731903.355989418458194, 10716314.093357997015119 ], [ 1732050.663792946375906, 10716352.008311036974192 ], [ 1732068.786134081892669, 10716315.998533595353365 ], [ 1732084.830723440973088, 10716279.016317047178745 ], [ 1732098.746051135705784, 10716241.181411843746901 ] ] ] } },
{ "type": "Feature", "properties": { "prop_id": 22991.0, "lot": "009", "block": "003", "subdivision": "GREEN TREE NORTH", "legal_desc": "BLK: 003, LOT: 009, ADDN: GREEN TREE NORTH" }, "geometry": { "type": "Polygon", "coordinates": [ [ [ 1728293.42227624822408, 10716205.89155650883913 ], [ 1728273.665094315772876, 10716201.674373161047697 ], [ 1728253.622807894367725, 10716199.133695919066668 ], [ 1728233.438133346149698, 10716198.288553692400455 ], [ 1728213.253786929883063, 10716199.143867643550038 ], [ 1728193.21314115379937, 10716201.694388477131724 ], [ 1728216.952275196556002, 10716341.137375278398395 ], [ 1728256.484027636004612, 10716351.272198248654604 ], [ 1728293.42227624822408, 10716205.89155650883913 ] ] ] } },
{ "type": "Feature", "properties": { "prop_id": 111377.0, "lot": "COMMON", "block": "001", "subdivision": "GREEN TREE NORTH", "legal_desc": "BLK: 001, LOT: COMMON AREA A, ADDN: GREEN TREE NORTH, SEC 14" }, "geometry": { "type": "Polygon", "coordinates": [ [ [ 1727089.535038333153352, 10716333.896278372034431 ], [ 1727055.399273460963741, 10716325.144654845818877 ], [ 1726987.83017018251121, 10716307.821197491139174 ], [ 1726987.104121942771599, 10716310.732609506696463 ], [ 1727093.250910854898393, 10716337.961559565737844 ], [ 1727089.535038333153352, 10716333.896278372034431 ] ] ] } },
{ "type": "Feature", "properties": { "prop_id": 22916.0, "lot": "007", "block": "001", "subdivision": "GREEN TREE NORTH", "legal_desc": "BLK: 001, LOT: 007, ADDN: GREEN TREE NORTH" }, "geometry": { "type": "Polygon", "coordinates": [ [ [ 1727684.090056480607018, 10716311.650239231064916 ], [ 1727622.683995698578656, 10716141.504225391894579 ], [ 1727610.286708586849272, 10716145.977970875799656 ], [ 1727562.102741755312309, 10716163.366063946858048 ], [ 1727547.434133403701708, 10716168.659361802041531 ], [ 1727608.144329284783453, 10716336.935300273820758 ], [ 1727684.090056480607018, 10716311.650239231064916 ] ] ] } },
{ "type": "Feature", "properties": { "prop_id": 22764.0, "lot": "051", "block": "006", "subdivision": "GREEN TREE COUNTRY C", "legal_desc": "BLK: 006, LOT: 051, ADDN: GREEN TREE COUNTRY, CLUB ESTATES" }, "geometry": { "type": "Polygon", "coordinates": [ [ [ 1732287.308043380500749, 10716237.988170888274908 ], [ 1732171.058910506311804, 10716208.220183741301298 ], [ 1732161.994951715925708, 10716240.327408973127604 ], [ 1732151.560260295169428, 10716272.015671785920858 ], [ 1732139.773865307681262, 10716303.226573247462511 ], [ 1732262.300874013686553, 10716334.811157943680882 ], [ 1732287.308043380500749, 10716237.988170888274908 ] ] ] } },
{ "type": "Feature", "properties": { "prop_id": 206198.0, "lot": "63A", "block": "001", "subdivision": "GREEN TREE NORTH", "legal_desc": "BLK: 001, LOT: 63A, ADDN: GREEN TREE NORTH SEC 21" }, "geometry": { "type": "Polygon", "coordinates": [ [ [ 1727135.296765410806984, 10716317.382527612149715 ], [ 1727098.00844447221607, 10716214.051680155098438 ], [ 1727082.466806342825294, 10716218.281331662088633 ], [ 1727066.474053467623889, 10716220.195698708295822 ], [ 1727050.373032717732713, 10716219.754098929464817 ], [ 1727055.399273460963741, 10716325.144654845818877 ], [ 1727089.535038333153352, 10716333.896278372034431 ], [ 1727135.296765410806984, 10716317.382527612149715 ] ] ] } },
{ "type": "Feature", "properties": { "prop_id": 22639.0, "lot": "103", "block": "002", "subdivision": "GREEN TREE COUNTRY C", "legal_desc": "BLK: 002, LOT: 103, ADDN: GREEN TREE COUNTRY, CLUB ESTATES SEC 3" }, "geometry": { "type": "Polygon", "coordinates": [ [ [ 1731022.04066355433315, 10716217.509241029620171 ], [ 1730925.171745038358495, 10716192.682189211249352 ], [ 1730896.620618906570598, 10716304.082249544560909 ], [ 1730993.489537705900148, 10716328.907989015802741 ], [ 1731022.04066355433315, 10716217.509241029620171 ] ] ] } },
{ "type": "Feature", "properties": { "prop_id": 206199.0, "lot": "64A", "block": "001", "subdivision": "GREEN TREE NORTH", "legal_desc": "BLK: 001, LOT: 64A, ADDN: GREEN TREE NORTH SEC 21" }, "geometry": { "type": "Polygon", "coordinates": [ [ [ 1727050.373032717732713, 10716219.754098929464817 ], [ 1727034.112235652981326, 10716216.86565320007503 ], [ 1727003.027318469947204, 10716208.896508473902941 ], [ 1726978.137930627213791, 10716305.336622221395373 ], [ 1726987.83017018251121, 10716307.821197491139174 ], [ 1727055.399273460963741, 10716325.144654845818877 ], [ 1727050.373032717732713, 10716219.754098929464817 ] ] ] } },
{ "type": "Feature", "properties": { "prop_id": 206197.0, "lot": "62A", "block": "001", "subdivision": "GREEN TREE NORTH", "legal_desc": "BLK: 001, LOT: 62A, ADDN: GREEN TREE NORTH SEC 21" }, "geometry": { "type": "Polygon", "coordinates": [ [ [ 1727185.850150374695659, 10716299.139777291566133 ], [ 1727148.563469915417954, 10716195.811554484069347 ], [ 1727098.00844447221607, 10716214.051680155098438 ], [ 1727135.296765410806984, 10716317.382527612149715 ], [ 1727185.850150374695659, 10716299.139777291566133 ] ] ] } },
{ "type": "Feature", "properties": { "prop_id": 22915.0, "lot": "006", "block": "001", "subdivision": "GREEN TREE NORTH", "legal_desc": "BLK: 001, LOT: 006, ADDN: GREEN TREE NORTH" }, "geometry": { "type": "Polygon", "coordinates": [ [ [ 1727759.758881016867235, 10716285.676531108096242 ], [ 1727697.934185771271586, 10716114.349417125806212 ], [ 1727657.318118295865133, 10716129.006215717643499 ], [ 1727622.683995698578656, 10716141.504225391894579 ], [ 1727684.090056480607018, 10716311.650239231064916 ], [ 1727759.758881016867235, 10716285.676531108096242 ] ] ] } },
{ "type": "Feature", "properties": { "prop_id": 206200.0, "lot": "65A", "block": "001", "subdivision": "GREEN TREE NORTH", "legal_desc": "BLK: 001, LOT: 65A, ADDN: GREEN TREE NORTH SEC 21" }, "geometry": { "type": "Polygon", "coordinates": [ [ [ 1727003.027318469947204, 10716208.896508473902941 ], [ 1726920.690197543241084, 10716187.787625348195434 ], [ 1726895.800809960113838, 10716284.227411026135087 ], [ 1726978.137930627213791, 10716305.336622221395373 ], [ 1727003.027318469947204, 10716208.896508473902941 ] ] ] } },
{ "type": "Feature", "properties": { "prop_id": 22640.0, "lot": "104", "block": "002", "subdivision": "GREEN TREE COUNTRY C", "legal_desc": "BLK: 002, LOT: 104, ADDN: GREEN TREE COUNTRY, CLUB ESTATES SEC 3" }, "geometry": { "type": "Polygon", "coordinates": [ [ [ 1730925.171745038358495, 10716192.682189211249352 ], [ 1730828.301841989159584, 10716167.855137405917048 ], [ 1730799.75170023413375, 10716279.255197776481509 ], [ 1730896.620618906570598, 10716304.082249544560909 ], [ 1730925.171745038358495, 10716192.682189211249352 ] ] ] } },
{ "type": "Feature", "properties": { "prop_id": 206196.0, "lot": "61A", "block": "001", "subdivision": "GREEN TREE NORTH", "legal_desc": "BLK: 001, LOT: 61A, ADDN: GREEN TREE NORTH SEC 21" }, "geometry": { "type": "Polygon", "coordinates": [ [ [ 1727208.80712925363332, 10716290.855342922732234 ], [ 1727232.881560365203768, 10716282.16769402846694 ], [ 1727195.594879881711677, 10716178.839799316599965 ], [ 1727148.563469915417954, 10716195.811554484069347 ], [ 1727185.850150374695659, 10716299.139777291566133 ], [ 1727208.80712925363332, 10716290.855342922732234 ] ] ] } },
{ "type": "Feature", "properties": { "prop_id": 22914.0, "lot": "005", "block": "001", "subdivision": "GREEN TREE NORTH", "legal_desc": "BLK: 001, LOT: 005, ADDN: GREEN TREE NORTH" }, "geometry": { "type": "Polygon", "coordinates": [ [ [ 1727835.30926751322113, 10716259.352429989725351 ], [ 1727773.185360280796885, 10716087.194280752912164 ], [ 1727756.08368554036133, 10716093.365529855713248 ], [ 1727704.349528305931017, 10716112.034132458269596 ], [ 1727697.934185771271586, 10716114.349417125806212 ], [ 1727759.758881016867235, 10716285.676531108096242 ], [ 1727835.30926751322113, 10716259.352429989725351 ] ] ] } },
{ "type": "Feature", "properties": { "prop_id": 206195.0, "lot": "60A", "block": "001", "subdivision": "GREEN TREE NORTH", "legal_desc": "BLK: 001, LOT: 60A, ADDN: GREEN TREE NORTH SEC 21" }, "geometry": { "type": "Polygon", "coordinates": [ [ [ 1727279.912970026722178, 10716265.195938836783171 ], [ 1727242.626289821928367, 10716161.868372187018394 ], [ 1727195.594879881711677, 10716178.839799316599965 ], [ 1727232.881560365203768, 10716282.16769402846694 ], [ 1727279.912970026722178, 10716265.195938836783171 ] ] ] } },
{ "type": "Feature", "properties": { "prop_id": 22641.0, "lot": "105", "block": "002", "subdivision": "GREEN TREE COUNTRY C", "legal_desc": "BLK: 002, LOT: 105, ADDN: GREEN TREE COUNTRY, CLUB ESTATES SEC 3" }, "geometry": { "type": "Polygon", "coordinates": [ [ [ 1730828.301841989159584, 10716167.855137405917048 ], [ 1730731.432595368009061, 10716143.02841367945075 ], [ 1730702.881797334644943, 10716254.428145956248045 ], [ 1730799.75170023413375, 10716279.255197776481509 ], [ 1730828.301841989159584, 10716167.855137405917048 ] ] ] } },
{ "type": "Feature", "properties": { "prop_id": 22910.0, "lot": "01A", "block": "001", "subdivision": "GREEN TREE NORTH", "legal_desc": "BLK: 001, LOT: 01A, ADDN: GREEN TREE NORTH, SEC 14" }, "geometry": { "type": "Polygon", "coordinates": [ [ [ 1729020.392406770028174, 10716149.756139695644379 ], [ 1728828.851743722101673, 10716099.872705766931176 ], [ 1728819.525318332482129, 10716136.799804097041488 ], [ 1728786.076235963962972, 10716266.622403176501393 ], [ 1728811.082095728255808, 10716267.473122742027044 ], [ 1728836.04891374707222, 10716265.839594820514321 ], [ 1728860.730955392122269, 10716261.738551719114184 ], [ 1728884.884454285725951, 10716255.210019659250975 ], [ 1728908.271550803910941, 10716246.318302910774946 ], [ 1728930.661601300816983, 10716235.15099979378283 ], [ 1728951.833806550130248, 10716221.818674400448799 ], [ 1728971.579505169996992, 10716206.452232018113136 ], [ 1728989.703815242275596, 10716189.203575240448117 ], [ 1729006.028588084736839, 10716170.24265131726861 ], [ 1729020.392406770028174, 10716149.756139695644379 ] ] ] } },
{ "type": "Feature", "properties": { "prop_id": 22911.0, "lot": "2A", "block": "001A", "subdivision": "GREEN TREE NORTH", "legal_desc": "BLK: 001A, LOTS: 2A & E 34(30FT), ADDN: GREEN TREE NORTH, SEC 9 CORRECTED" }, "geometry": { "type": "Polygon", "coordinates": [ [ [ 1728819.525318332482129, 10716136.799804097041488 ], [ 1728767.722590777324513, 10716123.241759393364191 ], [ 1728738.699021292617545, 10716115.64531734213233 ], [ 1728703.46516557619907, 10716249.07486530020833 ], [ 1728732.525480297161266, 10716256.525310216471553 ], [ 1728744.553673432674259, 10716259.609293797984719 ], [ 1728765.168137546163052, 10716263.985269475728273 ], [ 1728786.076235963962972, 10716266.622403176501393 ], [ 1728819.525318332482129, 10716136.799804097041488 ] ] ] } },
{ "type": "Feature", "properties": { "prop_id": 206194.0, "lot": "59A", "block": "001", "subdivision": "GREEN TREE NORTH", "legal_desc": "BLK: 001, LOT: 59A, ADDN: GREEN TREE NORTH SEC 21" }, "geometry": { "type": "Polygon", "coordinates": [ [ [ 1727321.682250422192737, 10716250.123458573594689 ], [ 1727326.944708150345832, 10716248.224511753767729 ], [ 1727289.652778434799984, 10716144.88250944390893 ], [ 1727242.626289821928367, 10716161.868372187018394 ], [ 1727279.912970026722178, 10716265.195938836783171 ], [ 1727321.682250422192737, 10716250.123458573594689 ] ] ] } },
{ "type": "Feature", "properties": { "prop_id": 22913.0, "lot": "004", "block": "001", "subdivision": "GREEN TREE NORTH", "legal_desc": "BLK: 001, LOT: 004, ADDN: GREEN TREE NORTH" }, "geometry": { "type": "Polygon", "coordinates": [ [ [ 1727910.858997948234901, 10716233.027016492560506 ], [ 1727848.435222195694223, 10716060.039144389331341 ], [ 1727773.185360280796885, 10716087.194280752912164 ], [ 1727835.30926751322113, 10716259.352429989725351 ], [ 1727910.858997948234901, 10716233.027016492560506 ] ] ] } },
{ "type": "Feature", "properties": { "prop_id": 22642.0, "lot": "106", "block": "002", "subdivision": "GREEN TREE COUNTRY C", "legal_desc": "BLK: 002, LOT: 106, ADDN: GREEN TREE COUNTRY, CLUB ESTATES SEC 3" }, "geometry": { "type": "Polygon", "coordinates": [ [ [ 1730731.432595368009061, 10716143.02841367945075 ], [ 1730634.563676764257252, 10716118.201361902058125 ], [ 1730606.012550744460896, 10716229.601094184443355 ], [ 1730702.881797334644943, 10716254.428145956248045 ], [ 1730731.432595368009061, 10716143.02841367945075 ] ] ] } },
{ "type": "Feature", "properties": { "prop_id": 22944.0, "lot": "34", "block": "001A", "subdivision": "GREEN TREE NORTH", "legal_desc": "BLK: 001A, LOTS: 34(LESS E30) &, ADDN: GREEN TREE NORTH,SEC 9 CORRECTED, LOTS 35 & 36(E15)" }, "geometry": { "type": "Polygon", "coordinates": [ [ [ 1728738.699021292617545, 10716115.64531734213233 ], [ 1728719.324056555051357, 10716110.678463404998183 ], [ 1728670.888776962645352, 10716098.261164536699653 ], [ 1728656.35993207921274, 10716094.536762299016118 ], [ 1728621.149041878292337, 10716227.971231525763869 ], [ 1728635.676246522925794, 10716231.695633774623275 ], [ 1728684.232260655611753, 10716244.144428640604019 ], [ 1728703.46516557619907, 10716249.07486530020833 ], [ 1728738.699021292617545, 10716115.64531734213233 ] ] ] } },
{ "type": "Feature", "properties": { "prop_id": 206193.0, "lot": "58A", "block": "001", "subdivision": "GREEN TREE NORTH", "legal_desc": "BLK: 001, LOT: 58A, ADDN: GREEN TREE NORTH SEC 21" }, "geometry": { "type": "Polygon", "coordinates": [ [ [ 1727373.976118093123659, 10716231.252756547182798 ], [ 1727336.679267066530883, 10716127.896974759176373 ], [ 1727289.652778434799984, 10716144.88250944390893 ], [ 1727326.944708150345832, 10716248.224511753767729 ], [ 1727373.976118093123659, 10716231.252756547182798 ] ] ] } },
{ "type": "Feature", "properties": { "prop_id": 22626.0, "lot": "090", "block": "002", "subdivision": "GREEN TREE COUNTRY C", "legal_desc": "BLK: 002, LOT: 090, ADDN: GREEN TREE COUNTRY, CLUB ESTATES" }, "geometry": { "type": "Polygon", "coordinates": [ [ [ 1732112.966168279992417, 10716193.215291429311037 ], [ 1732125.469753111246973, 10716144.80199346318841 ], [ 1731981.847966582514346, 10716107.706920677796006 ], [ 1731946.081958404975012, 10716201.751041730865836 ], [ 1732098.746051135705784, 10716241.181411843746901 ], [ 1732106.280813754303381, 10716217.324171587824821 ], [ 1732112.966168279992417, 10716193.215291429311037 ] ] ] } },
{ "type": "Feature", "properties": { "prop_id": 22763.0, "lot": "050", "block": "006", "subdivision": "GREEN TREE COUNTRY C", "legal_desc": "BLK: 006, LOT: 050, ADDN: GREEN TREE COUNTRY, CLUB ESTATES" }, "geometry": { "type": "Polygon", "coordinates": [ [ [ 1732312.316197258420289, 10716141.165183825418353 ], [ 1732196.067064396338537, 10716111.397196680307388 ], [ 1732171.058910506311804, 10716208.220183741301298 ], [ 1732287.308043380500749, 10716237.988170888274908 ], [ 1732312.316197258420289, 10716141.165183825418353 ] ] ] } },
{ "type": "Feature", "properties": { "prop_id": 22912.0, "lot": "003", "block": "001", "subdivision": "GREEN TREE NORTH", "legal_desc": "BLK: 001, LOT: 003, ADDN: GREEN TREE NORTH" }, "geometry": { "type": "Polygon", "coordinates": [ [ [ 1727986.409056296339259, 10716206.702587243169546 ], [ 1727923.685084450989962, 10716032.885320341214538 ], [ 1727848.435222195694223, 10716060.039144389331341 ], [ 1727910.858997948234901, 10716233.027016492560506 ], [ 1727986.409056296339259, 10716206.702587243169546 ] ] ] } },
{ "type": "Feature", "properties": { "prop_id": 206192.0, "lot": "57A", "block": "001", "subdivision": "GREEN TREE NORTH", "legal_desc": "BLK: 001, LOT: 57A, ADDN: GREEN TREE NORTH SEC 21" }, "geometry": { "type": "Polygon", "coordinates": [ [ [ 1727396.933096999535337, 10716222.968322182074189 ], [ 1727421.008184056263417, 10716214.280673306435347 ], [ 1727383.705755713162944, 10716110.911111989989877 ], [ 1727336.679267066530883, 10716127.896974759176373 ], [ 1727373.976118093123659, 10716231.252756547182798 ], [ 1727396.933096999535337, 10716222.968322182074189 ] ] ] } },
{ "type": "Feature", "properties": { "prop_id": 22643.0, "lot": "107", "block": "002", "subdivision": "GREEN TREE COUNTRY C", "legal_desc": "BLK: 002, LOT: 107, ADDN: GREEN TREE COUNTRY, CLUB ESTATES SEC 3" }, "geometry": { "type": "Polygon", "coordinates": [ [ [ 1730634.563676764257252, 10716118.201361902058125 ], [ 1730615.073882624739781, 10716113.205964736640453 ], [ 1730573.11529728048481, 10716103.07737541757524 ], [ 1730530.889652224257588, 10716094.128245940431952 ], [ 1730508.628541257698089, 10716206.953172279521823 ], [ 1730557.503452437464148, 10716217.491209452971816 ], [ 1730606.012550744460896, 10716229.601094184443355 ], [ 1730634.563676764257252, 10716118.201361902058125 ] ] ] } },
{ "type": "Feature", "properties": { "prop_id": 22946.0, "lot": "36", "block": "001A", "subdivision": "GREEN TREE NORTH", "legal_desc": "BLK: 001A, LOTS: 36(W35) & 37, ADDN: GREEN TREE NORTH, SEC 9 CORRECTED" }, "geometry": { "type": "Polygon", "coordinates": [ [ [ 1728656.35993207921274, 10716094.536762299016118 ], [ 1728622.457106456859037, 10716085.845178043469787 ], [ 1728574.023139173397794, 10716073.42820723541081 ], [ 1728538.986461266176775, 10716206.907295813784003 ], [ 1728587.393853875342757, 10716219.317376838997006 ], [ 1728621.149041878292337, 10716227.971231525763869 ], [ 1728656.35993207921274, 10716094.536762299016118 ] ] ] } },
{ "type": "Feature", "properties": { "prop_id": 206191.0, "lot": "56A", "block": "001", "subdivision": "GREEN TREE NORTH", "legal_desc": "BLK: 001, LOT: 56A, ADDN: GREEN TREE NORTH SEC 21" }, "geometry": { "type": "Polygon", "coordinates": [ [ [ 1727468.03959382022731, 10716197.308590045198798 ], [ 1727430.732244378654286, 10716093.925577314570546 ], [ 1727383.705755713162944, 10716110.911111989989877 ], [ 1727421.008184056263417, 10716214.280673306435347 ], [ 1727468.03959382022731, 10716197.308590045198798 ] ] ] } },
{ "type": "Feature", "properties": { "prop_id": 22644.0, "lot": "108", "block": "002", "subdivision": "GREEN TREE COUNTRY C", "legal_desc": "BLK: 002, LOT: 108, ADDN: GREEN TREE COUNTRY, CLUB ESTATES SEC 3" }, "geometry": { "type": "Polygon", "coordinates": [ [ [ 1730530.889652224257588, 10716094.128245940431952 ], [ 1730477.699460280360654, 10716084.599065288901329 ], [ 1730424.207759575219825, 10716076.94324086047709 ], [ 1730409.921699587255716, 10716191.052285389974713 ], [ 1730459.41472003236413, 10716198.136260582134128 ], [ 1730508.628541257698089, 10716206.953172279521823 ], [ 1730530.889652224257588, 10716094.128245940431952 ] ] ] } },
{ "type": "Feature", "properties": { "prop_id": 22948.0, "lot": "038", "block": "001A", "subdivision": "GREEN TREE NORTH", "legal_desc": "BLK: 001A, LOT: 038, ADDN: GREEN TREE NORTH, SEC 9 CORRECTED" }, "geometry": { "type": "Polygon", "coordinates": [ [ [ 1728574.023139173397794, 10716073.42820723541081 ], [ 1728525.589172093663365, 10716061.011236488819122 ], [ 1728490.536418094532564, 10716194.486388009041548 ], [ 1728538.986461266176775, 10716206.907295813784003 ], [ 1728574.023139173397794, 10716073.42820723541081 ] ] ] } },
{ "type": "Feature", "properties": { "prop_id": 206190.0, "lot": "55A", "block": "001", "subdivision": "GREEN TREE NORTH", "legal_desc": "BLK: 001, LOT: 55A, ADDN: GREEN TREE NORTH SEC 21" }, "geometry": { "type": "Polygon", "coordinates": [ [ [ 1727472.182958987774327, 10716195.813513901084661 ], [ 1727515.069691333454102, 10716180.337819114327431 ], [ 1727477.758733067894354, 10716076.939714517444372 ], [ 1727430.732244378654286, 10716093.925577314570546 ], [ 1727468.03959382022731, 10716197.308590045198798 ], [ 1727472.182958987774327, 10716195.813513901084661 ] ] ] } },
{ "type": "Feature", "properties": { "prop_id": 22949.0, "lot": "039", "block": "001A", "subdivision": "GREEN TREE NORTH", "legal_desc": "BLK: 001A, LOT: 039, ADDN: GREEN TREE NORTH, SEC 9 CORRECTED" }, "geometry": { "type": "Polygon", "coordinates": [ [ [ 1728525.589172093663365, 10716061.011236488819122 ], [ 1728475.218200556701049, 10716048.098203677684069 ], [ 1728440.121155252214521, 10716181.56121613830328 ], [ 1728490.536418094532564, 10716194.486388009041548 ], [ 1728525.589172093663365, 10716061.011236488819122 ] ] ] } },
{ "type": "Feature", "properties": { "prop_id": 22645.0, "lot": "109", "block": "002", "subdivision": "GREEN TREE COUNTRY C", "legal_desc": "BLK: 002, LOT: 109, ADDN: GREEN TREE COUNTRY, CLUB ESTATES SEC 3" }, "geometry": { "type": "Polygon", "coordinates": [ [ [ 1730424.207759575219825, 10716076.94324086047709 ], [ 1730370.485088335582986, 10716071.168974677100778 ], [ 1730316.592798042343929, 10716067.283484555780888 ], [ 1730310.342484512832016, 10716182.113656146451831 ], [ 1730360.210504024522379, 10716185.709120661020279 ], [ 1730409.921699587255716, 10716191.052285389974713 ], [ 1730424.207759575219825, 10716076.94324086047709 ] ] ] } },
{ "type": "Feature", "properties": { "prop_id": 22957.0, "lot": "047", "block": "001A", "subdivision": "GREEN TREE NORTH", "legal_desc": "BLK: 001A, LOT: 047, ADDN: GREEN TREE NORTH, SEC 9 CORRECTED" }, "geometry": { "type": "Polygon", "coordinates": [ [ [ 1728104.104050533846021, 10716165.692488064989448 ], [ 1728057.497176589211449, 10716035.795416267588735 ], [ 1727996.202997412299737, 10716057.433501932770014 ], [ 1728042.778375495458022, 10716187.061545345932245 ], [ 1728104.104050533846021, 10716165.692488064989448 ] ] ] } },
{ "type": "Feature", "properties": { "prop_id": 22646.0, "lot": "110", "block": "002", "subdivision": "GREEN TREE COUNTRY C", "legal_desc": "BLK: 002, LOT: 110, ADDN: GREEN TREE COUNTRY, CLUB ESTATES SEC 3" }, "geometry": { "type": "Polygon", "coordinates": [ [ [ 1730316.592798042343929, 10716067.283484555780888 ], [ 1730262.597161599434912, 10716065.291363712400198 ], [ 1730208.56477974774316, 10716065.195236794650555 ], [ 1730210.381708715111017, 10716180.181247791275382 ], [ 1730260.378992910729721, 10716180.270156977698207 ], [ 1730310.342484512832016, 10716182.113656146451831 ], [ 1730316.592798042343929, 10716067.283484555780888 ] ] ] } },
{ "type": "Feature", "properties": { "prop_id": 22950.0, "lot": "040", "block": "001A", "subdivision": "GREEN TREE NORTH", "legal_desc": "BLK: 001A, LOT: 040, ADDN: GREEN TREE NORTH, SEC 9 CORRECTED" }, "geometry": { "type": "Polygon", "coordinates": [ [ [ 1728475.218200556701049, 10716048.098203677684069 ], [ 1728424.847229002043605, 10716035.185170873999596 ], [ 1728389.689160209381953, 10716168.631451083347201 ], [ 1728440.121155252214521, 10716181.56121613830328 ], [ 1728475.218200556701049, 10716048.098203677684069 ] ] ] } },
{ "type": "Feature", "properties": { "prop_id": 206189.0, "lot": "54A", "block": "001", "subdivision": "GREEN TREE NORTH", "legal_desc": "BLK: 001, LOT: 54A, ADDN: GREEN TREE NORTH SEC 21" }, "geometry": { "type": "Polygon", "coordinates": [ [ [ 1727547.434133403701708, 10716168.659361802041531 ], [ 1727562.102741755312309, 10716163.366063946858048 ], [ 1727524.785221464466304, 10716059.954179856926203 ], [ 1727477.758733067894354, 10716076.939714517444372 ], [ 1727515.069691333454102, 10716180.337819114327431 ], [ 1727547.434133403701708, 10716168.659361802041531 ] ] ] } },
{ "type": "Feature", "properties": { "prop_id": 22951.0, "lot": "041", "block": "001A", "subdivision": "GREEN TREE NORTH", "legal_desc": "BLK: 001A, LOT: 041, ADDN: GREEN TREE NORTH, SEC 9 CORRECTED" }, "geometry": { "type": "Polygon", "coordinates": [ [ [ 1728424.847229002043605, 10716035.185170873999596 ], [ 1728374.4752730531618, 10716022.272466126829386 ], [ 1728339.394304094137624, 10716155.737119011580944 ], [ 1728389.689160209381953, 10716168.631451083347201 ], [ 1728424.847229002043605, 10716035.185170873999596 ] ] ] } },
{ "type": "Feature", "properties": { "prop_id": 22956.0, "lot": "046", "block": "001A", "subdivision": "GREEN TREE NORTH", "legal_desc": "BLK: 001A, LOT: 046, ADDN: GREEN TREE NORTH, SEC 9 CORRECTED" }, "geometry": { "type": "Polygon", "coordinates": [ [ [ 1728134.796251781051978, 10716154.998609045520425 ], [ 1728152.079028504202142, 10716149.554392760619521 ], [ 1728114.607308151666075, 10716017.420120036229491 ], [ 1728089.19035992375575, 10716024.60711558163166 ], [ 1728057.497176589211449, 10716035.795416267588735 ], [ 1728104.104050533846021, 10716165.692488064989448 ], [ 1728134.796251781051978, 10716154.998609045520425 ] ] ] } },
{ "type": "Feature", "properties": { "prop_id": 206188.0, "lot": "53A", "block": "001", "subdivision": "GREEN TREE NORTH", "legal_desc": "BLK: 001, LOT: 53A, ADDN: GREEN TREE NORTH SEC 21" }, "geometry": { "type": "Polygon", "coordinates": [ [ [ 1727610.286708586849272, 10716145.977970875799656 ], [ 1727572.963939126580954, 10716042.551979245617986 ], [ 1727524.785221464466304, 10716059.954179856926203 ], [ 1727562.102741755312309, 10716163.366063946858048 ], [ 1727610.286708586849272, 10716145.977970875799656 ] ] ] } },
{ "type": "Feature", "properties": { "prop_id": 206225.0, "lot": "25A", "block": "012", "subdivision": "GREEN TREE NORTH", "legal_desc": "BLK: 012, LOT: 25A, ADDN: GREEN TREE NORTH SEC 21" }, "geometry": { "type": "Polygon", "coordinates": [ [ [ 1727045.90420707501471, 10716152.806386364623904 ], [ 1727058.513434809399769, 10716103.948207283392549 ], [ 1726949.537582763237879, 10716076.009941048920155 ], [ 1726934.434265293413773, 10716134.532472647726536 ], [ 1727033.723455181345344, 10716159.987147890031338 ], [ 1727045.90420707501471, 10716152.806386364623904 ] ] ] } },
{ "type": "Feature", "properties": { "prop_id": 22952.0, "lot": "042", "block": "001A", "subdivision": "GREEN TREE NORTH", "legal_desc": "BLK: 001A, LOT: 042, ADDN: GREEN TREE NORTH, SEC 9 CORRECTED" }, "geometry": { "type": "Polygon", "coordinates": [ [ [ 1728374.4752730531618, 10716022.272466126829386 ], [ 1728346.174799606669694, 10716014.933241456747055 ], [ 1728317.647292371140793, 10716008.533319557085633 ], [ 1728291.440322905080393, 10716143.939241586253047 ], [ 1728308.011158737353981, 10716147.691530896350741 ], [ 1728339.394304094137624, 10716155.737119011580944 ], [ 1728374.4752730531618, 10716022.272466126829386 ] ] ] } },
{ "type": "Feature", "properties": { "prop_id": 111377.0, "lot": "COMMON", "block": "001", "subdivision": "GREEN TREE NORTH", "legal_desc": "BLK: 001, LOT: COMMON AREA A, ADDN: GREEN TREE NORTH, SEC 14" }, "geometry": { "type": "Polygon", "coordinates": [ [ [ 1729049.965513491537422, 10716082.774305507540703 ], [ 1729038.343815061030909, 10716062.078805463388562 ], [ 1728992.044686174485832, 10716042.73697847686708 ], [ 1728946.324624672532082, 10716022.06346095725894 ], [ 1728919.925722192972898, 10716009.330217212438583 ], [ 1728859.932392472168431, 10715975.827983340248466 ], [ 1728847.387141042156145, 10716026.481762781739235 ], [ 1728828.851743722101673, 10716099.872705766931176 ], [ 1729020.392406770028174, 10716149.756139695644379 ], [ 1729032.43634723755531, 10716128.43728056922555 ], [ 1729042.325764278415591, 10716106.037714794278145 ], [ 1729049.965513491537422, 10716082.774305507540703 ] ] ] } },
{ "type": "Feature", "properties": { "prop_id": 22955.0, "lot": "045", "block": "001A", "subdivision": "GREEN TREE NORTH", "legal_desc": "BLK: 001A, LOT: 045, ADDN: GREEN TREE NORTH, SEC 9 CORRECTED" }, "geometry": { "type": "Polygon", "coordinates": [ [ [ 1728197.882422216702253, 10716140.415300508961082 ], [ 1728181.597343257395551, 10716003.856166506186128 ], [ 1728159.041938356123865, 10716007.212132161483169 ], [ 1728136.691585378488526, 10716011.737387023866177 ], [ 1728114.607308151666075, 10716017.420120036229491 ], [ 1728152.079028504202142, 10716149.554392760619521 ], [ 1728174.804708597948775, 10716144.102302320301533 ], [ 1728197.882422216702253, 10716140.415300508961082 ] ] ] } },
{ "type": "Feature", "properties": { "prop_id": 206187.0, "lot": "52A", "block": "001", "subdivision": "GREEN TREE NORTH", "legal_desc": "BLK: 001, LOT: 52A, ADDN: GREEN TREE NORTH SEC 21" }, "geometry": { "type": "Polygon", "coordinates": [ [ [ 1727622.683995698578656, 10716141.504225391894579 ], [ 1727657.318118295865133, 10716129.006215717643499 ], [ 1727619.99042772105895, 10716025.566444560885429 ], [ 1727572.963939126580954, 10716042.551979245617986 ], [ 1727610.286708586849272, 10716145.977970875799656 ], [ 1727622.683995698578656, 10716141.504225391894579 ] ] ] } },
{ "type": "Feature", "properties": { "prop_id": 22625.0, "lot": "089", "block": "002", "subdivision": "GREEN TREE COUNTRY C", "legal_desc": "BLK: 002, LOT: 089, ADDN: GREEN TREE COUNTRY, CLUB ESTATES" }, "geometry": { "type": "Polygon", "coordinates": [ [ [ 1732150.476922797271982, 10716047.979334488511086 ], [ 1732017.61397490859963, 10716013.663455795496702 ], [ 1731981.847966582514346, 10716107.706920677796006 ], [ 1732125.469753111246973, 10716144.80199346318841 ], [ 1732150.476922797271982, 10716047.979334488511086 ] ] ] } },
{ "type": "Feature", "properties": { "prop_id": 22953.0, "lot": "043", "block": "001A", "subdivision": "GREEN TREE NORTH", "legal_desc": "BLK: 001A, LOT: 043, ADDN: GREEN TREE NORTH, SEC 9 CORRECTED" }, "geometry": { "type": "Polygon", "coordinates": [ [ [ 1728317.647292371140793, 10716008.533319557085633 ], [ 1728295.024629837367684, 10716004.78431124612689 ], [ 1728272.236941777868196, 10716002.22460526227951 ], [ 1728249.346235512057319, 10716000.861091343685985 ], [ 1728244.578203422250226, 10716138.496339451521635 ], [ 1728268.11523388302885, 10716140.30440635420382 ], [ 1728291.440322905080393, 10716143.939241586253047 ], [ 1728317.647292371140793, 10716008.533319557085633 ] ] ] } },
{ "type": "Feature", "properties": { "prop_id": 22762.0, "lot": "049", "block": "006", "subdivision": "GREEN TREE COUNTRY C", "legal_desc": "BLK: 006, LOT: 049, ADDN: GREEN TREE COUNTRY, CLUB ESTATES" }, "geometry": { "type": "Polygon", "coordinates": [ [ [ 1732337.323038778500631, 10716044.342196755111217 ], [ 1732221.073905932484195, 10716014.574209626764059 ], [ 1732196.067064396338537, 10716111.397196680307388 ], [ 1732312.316197258420289, 10716141.165183825418353 ], [ 1732337.323038778500631, 10716044.342196755111217 ] ] ] } },
{ "type": "Feature", "properties": { "prop_id": 22954.0, "lot": "044", "block": "001A", "subdivision": "GREEN TREE NORTH", "legal_desc": "BLK: 001A, LOT: 044, ADDN: GREEN TREE NORTH, SEC 9 CORRECTED" }, "geometry": { "type": "Polygon", "coordinates": [ [ [ 1728244.578203422250226, 10716138.496339451521635 ], [ 1728249.346235512057319, 10716000.861091343685985 ], [ 1728226.721604616846889, 10716000.69180091843009 ], [ 1728204.118627707939595, 10716001.690815512090921 ], [ 1728181.597343257395551, 10716003.856166506186128 ], [ 1728197.882422216702253, 10716140.415300508961082 ], [ 1728221.192747343797237, 10716138.545224519446492 ], [ 1728244.578203422250226, 10716138.496339451521635 ] ] ] } },
{ "type": "Feature", "properties": { "prop_id": 22958.0, "lot": "048", "block": "001A", "subdivision": "GREEN TREE NORTH", "legal_desc": "BLK: 001A, LOT: 048, ADDN: GREEN TREE NORTH, SEC 9 CORRECTED" }, "geometry": { "type": "Polygon", "coordinates": [ [ [ 1728828.851743722101673, 10716099.872705766931176 ], [ 1728847.387141042156145, 10716026.481762781739235 ], [ 1728686.30180362588726, 10715984.706252858042717 ], [ 1728657.244441582355648, 10715977.245965411886573 ], [ 1728589.442727348767221, 10715959.840487213805318 ], [ 1728531.424788165371865, 10715944.944518620148301 ], [ 1728473.40619257488288, 10715930.050190402194858 ], [ 1728415.287203481188044, 10715915.142738899216056 ], [ 1728357.167230176972225, 10715900.235943531617522 ], [ 1728299.048241448355839, 10715885.328491995111108 ], [ 1728240.929580282187089, 10715870.421696620061994 ], [ 1728182.81157563184388, 10715855.515229349955916 ], [ 1728124.692586541175842, 10715840.607449743896723 ], [ 1728066.573925749165937, 10715825.701310558244586 ], [ 1728008.454936713911593, 10715810.793530929833651 ], [ 1727996.848658641800284, 10715807.816502531990409 ], [ 1727978.740426013944671, 10715880.54209234751761 ], [ 1727959.872680390486494, 10715956.318201577290893 ], [ 1727996.202997412299737, 10716057.433501932770014 ], [ 1728057.497176589211449, 10716035.795416267588735 ], [ 1728089.19035992375575, 10716024.60711558163166 ], [ 1728114.607308151666075, 10716017.420120036229491 ], [ 1728136.691585378488526, 10716011.737387023866177 ], [ 1728159.041938356123865, 10716007.212132161483169 ], [ 1728181.597343257395551, 10716003.856166506186128 ], [ 1728204.118627707939595, 10716001.690815512090921 ], [ 1728226.721604616846889, 10716000.69180091843009 ], [ 1728249.346235512057319, 10716000.861091343685985 ], [ 1728272.236941777868196, 10716002.22460526227951 ], [ 1728295.024629837367684, 10716004.78431124612689 ], [ 1728317.647292371140793, 10716008.533319557085633 ], [ 1728346.174799606669694, 10716014.933241456747055 ], [ 1728374.4752730531618, 10716022.272466126829386 ], [ 1728424.847229002043605, 10716035.185170873999596 ], [ 1728475.218200556701049, 10716048.098203677684069 ], [ 1728525.589172093663365, 10716061.011236488819122 ], [ 1728574.023139173397794, 10716073.42820723541081 ], [ 1728622.457106456859037, 10716085.845178043469787 ], [ 1728656.35993207921274, 10716094.536762299016118 ], [ 1728670.888776962645352, 10716098.261164536699653 ], [ 1728719.324056555051357, 10716110.678463404998183 ], [ 1728738.699021292617545, 10716115.64531734213233 ], [ 1728767.722590777324513, 10716123.241759393364191 ], [ 1728819.525318332482129, 10716136.799804097041488 ], [ 1728828.851743722101673, 10716099.872705766931176 ] ] ] } },
{ "type": "Feature", "properties": { "prop_id": 206233.0, "lot": "08A", "block": "013", "subdivision": "GREEN TREE NORTH", "legal_desc": "BLK: 013, LOT: 08A, ADDN: GREEN TREE NORTH SEC 21" }, "geometry": { "type": "Polygon", "coordinates": [ [ [ 1727155.73799603083171, 10716133.829383704811335 ], [ 1727237.285090637626126, 10716104.120774125680327 ], [ 1727228.516404869966209, 10716075.498779257759452 ], [ 1727236.137781367870048, 10716045.966352535411716 ], [ 1727136.84957581339404, 10716020.50938069075346 ], [ 1727117.274810294853523, 10716096.356684006750584 ], [ 1727116.438525988720357, 10716101.275966417044401 ], [ 1727116.402437004027888, 10716106.265458660200238 ], [ 1727117.167527556885034, 10716111.196552015841007 ], [ 1727118.713456705678254, 10716115.940637826919556 ], [ 1727121.000525974435732, 10716120.375340964645147 ], [ 1727123.96968091558665, 10716124.385832278057933 ], [ 1727127.543821491766721, 10716127.867781201377511 ], [ 1727131.630100191337988, 10716130.731292938813567 ], [ 1727136.12320233671926, 10716132.901892526075244 ], [ 1727140.906002062140033, 10716134.323805816471577 ], [ 1727145.855139956343919, 10716134.959959365427494 ], [ 1727150.84233554918319, 10716134.793620955199003 ], [ 1727155.73799603083171, 10716133.829383704811335 ] ] ] } },
{ "type": "Feature", "properties": { "prop_id": 206186.0, "lot": "51A", "block": "001", "subdivision": "GREEN TREE NORTH", "legal_desc": "BLK: 001, LOT: 51A, ADDN: GREEN TREE NORTH SEC 21" }, "geometry": { "type": "Polygon", "coordinates": [ [ [ 1727697.934185771271586, 10716114.349417125806212 ], [ 1727704.349528305931017, 10716112.034132458269596 ], [ 1727667.016916337655857, 10716008.580581782385707 ], [ 1727619.99042772105895, 10716025.566444560885429 ], [ 1727657.318118295865133, 10716129.006215717643499 ], [ 1727697.934185771271586, 10716114.349417125806212 ] ] ] } },
{ "type": "Feature", "properties": { "prop_id": 206185.0, "lot": "50A", "block": "001", "subdivision": "GREEN TREE NORTH", "legal_desc": "BLK: 001, LOT: 50A, ADDN: GREEN TREE NORTH SEC 21" }, "geometry": { "type": "Polygon", "coordinates": [ [ [ 1727756.08368554036133, 10716093.365529855713248 ], [ 1727718.746152164647356, 10715989.896231172606349 ], [ 1727667.016916337655857, 10716008.580581782385707 ], [ 1727704.349528305931017, 10716112.034132458269596 ], [ 1727756.08368554036133, 10716093.365529855713248 ] ] ] } },
{ "type": "Feature", "properties": { "prop_id": 212150.0, "lot": "09B", "block": "013", "subdivision": "GREEN TREE NORTH", "legal_desc": "BLK: 013, LOT: 09B, ADDN: GREEN TREE NORTH SEC 22" }, "geometry": { "type": "Polygon", "coordinates": [ [ [ 1727426.572473372798413, 10716035.161248793825507 ], [ 1727421.93895085551776, 10716013.899148523807526 ], [ 1727373.312727030133829, 10716002.291887566447258 ], [ 1727324.686502888565883, 10715990.684298539534211 ], [ 1727276.118677691090852, 10715978.900528701022267 ], [ 1727279.01959074428305, 10715966.697466887533665 ], [ 1727257.996006946545094, 10715961.271624306216836 ], [ 1727248.632507912116125, 10715997.552726462483406 ], [ 1727236.137781367870048, 10716045.966352535411716 ], [ 1727228.516404869966209, 10716075.498779257759452 ], [ 1727237.285090637626126, 10716104.120774125680327 ], [ 1727426.572473372798413, 10716035.161248793825507 ] ] ] } },
{ "type": "Feature", "properties": { "prop_id": 206224.0, "lot": "24A", "block": "012", "subdivision": "GREEN TREE NORTH", "legal_desc": "BLK: 012, LOT: 24A, ADDN: GREEN TREE NORTH SEC 21" }, "geometry": { "type": "Polygon", "coordinates": [ [ [ 1727071.008161227684468, 10716055.5345812253654 ], [ 1726962.032309280708432, 10716027.596314972266555 ], [ 1726949.537582763237879, 10716076.009941048920155 ], [ 1727058.513434809399769, 10716103.948207283392549 ], [ 1727071.008161227684468, 10716055.5345812253654 ] ] ] } },
{ "type": "Feature", "properties": { "prop_id": 206184.0, "lot": "49A", "block": "001", "subdivision": "GREEN TREE NORTH", "legal_desc": "BLK: 001, LOT: 49A, ADDN: GREEN TREE NORTH SEC 21" }, "geometry": { "type": "Polygon", "coordinates": [ [ [ 1727773.185360280796885, 10716087.194280752912164 ], [ 1727848.435222195694223, 10716060.039144389331341 ], [ 1727923.685084450989962, 10716032.885320341214538 ], [ 1727718.746152164647356, 10715989.896231172606349 ], [ 1727756.08368554036133, 10716093.365529855713248 ], [ 1727773.185360280796885, 10716087.194280752912164 ] ] ] } },
{ "type": "Feature", "properties": { "prop_id": 206223.0, "lot": "23A", "block": "012", "subdivision": "GREEN TREE NORTH", "legal_desc": "BLK: 012, LOT: 23A, ADDN: GREEN TREE NORTH SEC 21" }, "geometry": { "type": "Polygon", "coordinates": [ [ [ 1727083.502559784566984, 10716007.120955118909478 ], [ 1726974.52703564055264, 10715979.182360796257854 ], [ 1726962.032309280708432, 10716027.596314972266555 ], [ 1727071.008161227684468, 10716055.5345812253654 ], [ 1727083.502559784566984, 10716007.120955118909478 ] ] ] } },
{ "type": "Feature", "properties": { "prop_id": 22624.0, "lot": "088", "block": "002", "subdivision": "GREEN TREE COUNTRY C", "legal_desc": "BLK: 002, LOT: 088, ADDN: GREEN TREE COUNTRY, CLUB ESTATES" }, "geometry": { "type": "Polygon", "coordinates": [ [ [ 1732175.485076590208337, 10715951.156347399577498 ], [ 1732053.379983151797205, 10715919.61900670081377 ], [ 1732017.61397490859963, 10716013.663455795496702 ], [ 1732150.476922797271982, 10716047.979334488511086 ], [ 1732175.485076590208337, 10715951.156347399577498 ] ] ] } },
{ "type": "Feature", "properties": { "prop_id": 206232.0, "lot": "07A", "block": "013", "subdivision": "GREEN TREE NORTH", "legal_desc": "BLK: 013, LOT: 07A, ADDN: GREEN TREE NORTH SEC 21" }, "geometry": { "type": "Polygon", "coordinates": [ [ [ 1727248.632507912116125, 10715997.552726462483406 ], [ 1727149.343974204035476, 10715972.09542652964592 ], [ 1727136.84957581339404, 10716020.50938069075346 ], [ 1727236.137781367870048, 10716045.966352535411716 ], [ 1727248.632507912116125, 10715997.552726462483406 ] ] ] } },
{ "type": "Feature", "properties": { "prop_id": 22761.0, "lot": "048", "block": "006", "subdivision": "GREEN TREE COUNTRY C", "legal_desc": "BLK: 006, LOT: 048, ADDN: GREEN TREE COUNTRY, CLUB ESTATES" }, "geometry": { "type": "Polygon", "coordinates": [ [ [ 1732362.331192676909268, 10715947.519209681078792 ], [ 1732246.081075639929622, 10715917.751222558319569 ], [ 1732221.073905932484195, 10716014.574209626764059 ], [ 1732337.323038778500631, 10716044.342196755111217 ], [ 1732362.331192676909268, 10715947.519209681078792 ] ] ] } },
{ "type": "Feature", "properties": { "prop_id": 206226.0, "lot": "01A", "block": "013", "subdivision": "GREEN TREE NORTH", "legal_desc": "BLK: 013, LOT: 01A, ADDN: GREEN TREE NORTH SEC 21" }, "geometry": { "type": "Polygon", "coordinates": [ [ [ 1727534.052263308083639, 10715996.004821011796594 ], [ 1727538.669708801433444, 10715993.881137108430266 ], [ 1727542.862614486832172, 10715991.008110716938972 ], [ 1727546.510245430516079, 10715987.469075048342347 ], [ 1727549.507943395758048, 10715983.364751752465963 ], [ 1727551.770078198984265, 10715978.813250806182623 ], [ 1727553.231033424381167, 10715973.945149388164282 ], [ 1727553.849470410495996, 10715968.900539133697748 ], [ 1727553.607344794785604, 10715963.823776729404926 ], [ 1727552.511874281335622, 10715958.860531210899353 ], [ 1727550.594226654153317, 10715954.153846923261881 ], [ 1727547.909520281245932, 10715949.838238075375557 ], [ 1727544.534854209981859, 10715946.037720145657659 ], [ 1727540.56701372563839, 10715942.861544948071241 ], [ 1727536.11984329787083, 10715940.400591557845473 ], [ 1727531.321295440429822, 10715938.725725971162319 ], [ 1727445.080966528970748, 10715916.613892018795013 ], [ 1727421.93895085551776, 10716013.899148523807526 ], [ 1727426.572473372798413, 10716035.161248793825507 ], [ 1727534.052263308083639, 10715996.004821011796594 ] ] ] } },
{ "type": "Feature", "properties": { "prop_id": 58063.0, "lot": "17B", "block": "001", "subdivision": "GREEN TREE NORTH", "legal_desc": "BLK: 001, LOT: 17B(LESS W30), ADDN: GREEN TREE NORTH, SEC 14" }, "geometry": { "type": "Polygon", "coordinates": [ [ [ 1728859.932392472168431, 10715975.827983340248466 ], [ 1728809.970868504373357, 10715949.749948220327497 ], [ 1728759.104818840976804, 10715925.483589651063085 ], [ 1728707.399531905539334, 10715903.060403605923057 ], [ 1728686.30180362588726, 10715984.706252858042717 ], [ 1728847.387141042156145, 10716026.481762781739235 ], [ 1728859.932392472168431, 10715975.827983340248466 ] ] ] } },
{ "type": "Feature", "properties": { "prop_id": 206227.0, "lot": "02A", "block": "013", "subdivision": "GREEN TREE NORTH", "legal_desc": "BLK: 013, LOT: 02A, ADDN: GREEN TREE NORTH SEC 21" }, "geometry": { "type": "Polygon", "coordinates": [ [ [ 1727445.080966528970748, 10715916.613892018795013 ], [ 1727396.64765532920137, 10715904.195608895272017 ], [ 1727373.312727030133829, 10716002.291887566447258 ], [ 1727421.93895085551776, 10716013.899148523807526 ], [ 1727445.080966528970748, 10715916.613892018795013 ] ] ] } },
{ "type": "Feature", "properties": { "prop_id": 206222.0, "lot": "22A", "block": "012", "subdivision": "GREEN TREE NORTH", "legal_desc": "BLK: 012, LOT: 22A, ADDN: GREEN TREE NORTH SEC 21" }, "geometry": { "type": "Polygon", "coordinates": [ [ [ 1727095.997286353027448, 10715958.707000985741615 ], [ 1726987.021434287307784, 10715930.768734719604254 ], [ 1726974.52703564055264, 10715979.182360796257854 ], [ 1727083.502559784566984, 10716007.120955118909478 ], [ 1727095.997286353027448, 10715958.707000985741615 ] ] ] } },
{ "type": "Feature", "properties": { "prop_id": 206228.0, "lot": "03A", "block": "013", "subdivision": "GREEN TREE NORTH", "legal_desc": "BLK: 013, LOT: 03A, ADDN: GREEN TREE NORTH SEC 21" }, "geometry": { "type": "Polygon", "coordinates": [ [ [ 1727396.64765532920137, 10715904.195608895272017 ], [ 1727348.214344337349758, 10715891.777325786650181 ], [ 1727324.686502888565883, 10715990.684298539534211 ], [ 1727373.312727030133829, 10716002.291887566447258 ], [ 1727396.64765532920137, 10715904.195608895272017 ] ] ] } },
{ "type": "Feature", "properties": { "prop_id": 212124.0, "lot": "06B", "block": "013", "subdivision": "GREEN TREE NORTH", "legal_desc": "BLK: 013, LOT: 06B, ADDN: GREEN TREE NORTH SEC 22" }, "geometry": { "type": "Polygon", "coordinates": [ [ [ 1727257.996006946545094, 10715961.271624306216836 ], [ 1727261.127234446583316, 10715949.139100393280387 ], [ 1727162.005039024166763, 10715923.717889633029699 ], [ 1727149.343974204035476, 10715972.09542652964592 ], [ 1727248.632507912116125, 10715997.552726462483406 ], [ 1727257.996006946545094, 10715961.271624306216836 ] ] ] } },
{ "type": "Feature", "properties": { "prop_id": 206229.0, "lot": "04A", "block": "013", "subdivision": "GREEN TREE NORTH", "legal_desc": "BLK: 013, LOT: 04A, ADDN: GREEN TREE NORTH SEC 21" }, "geometry": { "type": "Polygon", "coordinates": [ [ [ 1727348.214344337349758, 10715891.777325786650181 ], [ 1727299.781033382983878, 10715879.359370769932866 ], [ 1727279.01959074428305, 10715966.697466887533665 ], [ 1727276.118677691090852, 10715978.900528701022267 ], [ 1727324.686502888565883, 10715990.684298539534211 ], [ 1727348.214344337349758, 10715891.777325786650181 ] ] ] } },
{ "type": "Feature", "properties": { "prop_id": 22927.0, "lot": "17A", "block": "001", "subdivision": "GREEN TREE NORTH", "legal_desc": "BLK: 001, LOTS: 17A & 17B(W30), ADDN: GREEN TREE NORTH, SEC 14" }, "geometry": { "type": "Polygon", "coordinates": [ [ [ 1728707.399531905539334, 10715903.060403605923057 ], [ 1728660.650928734336048, 10715884.493181532248855 ], [ 1728613.294387366855517, 10715867.536848919466138 ], [ 1728589.442727348767221, 10715959.840487213805318 ], [ 1728657.244441582355648, 10715977.245965411886573 ], [ 1728686.30180362588726, 10715984.706252858042717 ], [ 1728707.399531905539334, 10715903.060403605923057 ] ] ] } },
{ "type": "Feature", "properties": { "prop_id": 206201.0, "lot": "01A", "block": "012", "subdivision": "GREEN TREE NORTH", "legal_desc": "BLK: 012, LOT: 01A, ADDN: GREEN TREE NORTH SEC 21" }, "geometry": { "type": "Polygon", "coordinates": [ [ [ 1727959.872680390486494, 10715956.318201577290893 ], [ 1727978.740426013944671, 10715880.54209234751761 ], [ 1727927.628314043395221, 10715867.437130777165294 ], [ 1727902.68774552596733, 10715972.283725274726748 ], [ 1727953.256223429227248, 10715982.891316082328558 ], [ 1727959.872680390486494, 10715956.318201577290893 ] ] ] } },
{ "type": "Feature", "properties": { "prop_id": 206202.0, "lot": "02A", "block": "012", "subdivision": "GREEN TREE NORTH", "legal_desc": "BLK: 012, LOT: 02A, ADDN: GREEN TREE NORTH SEC 21" }, "geometry": { "type": "Polygon", "coordinates": [ [ [ 1727927.628314043395221, 10715867.437130777165294 ], [ 1727879.195002855034545, 10715855.01884769462049 ], [ 1727853.742624599952251, 10715962.017013058066368 ], [ 1727902.68774552596733, 10715972.283725274726748 ], [ 1727927.628314043395221, 10715867.437130777165294 ] ] ] } },
{ "type": "Feature", "properties": { "prop_id": 212123.0, "lot": "05B", "block": "013", "subdivision": "GREEN TREE NORTH", "legal_desc": "BLK: 013, LOT: 05B, ADDN: GREEN TREE NORTH SEC 22" }, "geometry": { "type": "Polygon", "coordinates": [ [ [ 1727299.781033382983878, 10715879.359370769932866 ], [ 1727229.562328793806955, 10715861.355468532070518 ], [ 1727220.965559607604519, 10715859.921416258439422 ], [ 1727212.250352375209332, 10715860.002125019207597 ], [ 1727203.681798542151228, 10715861.594642059877515 ], [ 1727195.519739877199754, 10715864.651067160069942 ], [ 1727188.012207789346576, 10715869.078224658966064 ], [ 1727181.387876264983788, 10715874.741928433999419 ], [ 1727175.847204218385741, 10715881.469606623053551 ], [ 1727171.559482441283762, 10715889.05751945078373 ], [ 1727168.653976239031181, 10715897.274368077516556 ], [ 1727162.005039024166763, 10715923.717889633029699 ], [ 1727261.127234446583316, 10715949.139100393280387 ], [ 1727257.996006946545094, 10715961.271624306216836 ], [ 1727279.01959074428305, 10715966.697466887533665 ], [ 1727299.781033382983878, 10715879.359370769932866 ] ] ] } },
{ "type": "Feature", "properties": { "prop_id": 206203.0, "lot": "03A", "block": "012", "subdivision": "GREEN TREE NORTH", "legal_desc": "BLK: 012, LOT: 03A, ADDN: GREEN TREE NORTH SEC 21" }, "geometry": { "type": "Polygon", "coordinates": [ [ [ 1727879.195002855034545, 10715855.01884769462049 ], [ 1727830.761691863648593, 10715842.600564559921622 ], [ 1727804.797831665724516, 10715951.749972788617015 ], [ 1727853.742624599952251, 10715962.017013058066368 ], [ 1727879.195002855034545, 10715855.01884769462049 ] ] ] } },
{ "type": "Feature", "properties": { "prop_id": 22881.0, "lot": "026", "block": "010", "subdivision": "GREEN TREE COUNTRY C", "legal_desc": "BLK: 010, LOT: 026, ADDN: GREEN TREE COUNTRY, CLUB ESTATES SEC 3" }, "geometry": { "type": "Polygon", "coordinates": [ [ [ 1728613.294387366855517, 10715867.536848919466138 ], [ 1728556.137666714377701, 10715849.304928358644247 ], [ 1728531.424788165371865, 10715944.944518620148301 ], [ 1728589.442727348767221, 10715959.840487213805318 ], [ 1728613.294387366855517, 10715867.536848919466138 ] ] ] } },
{ "type": "Feature", "properties": { "prop_id": 206221.0, "lot": "21A", "block": "012", "subdivision": "GREEN TREE NORTH", "legal_desc": "BLK: 012, LOT: 21A, ADDN: GREEN TREE NORTH SEC 21" }, "geometry": { "type": "Polygon", "coordinates": [ [ [ 1727108.49201276130043, 10715910.293374888598919 ], [ 1726999.516160796396434, 10715882.355108661577106 ], [ 1726987.021434287307784, 10715930.768734719604254 ], [ 1727095.997286353027448, 10715958.707000985741615 ], [ 1727108.49201276130043, 10715910.293374888598919 ] ] ] } },
{ "type": "Feature", "properties": { "prop_id": 206204.0, "lot": "04A", "block": "012", "subdivision": "GREEN TREE NORTH", "legal_desc": "BLK: 012, LOT: 04A, ADDN: GREEN TREE NORTH SEC 21" }, "geometry": { "type": "Polygon", "coordinates": [ [ [ 1727830.761691863648593, 10715842.600564559921622 ], [ 1727782.328380914404988, 10715830.182609552517533 ], [ 1727756.293654496548697, 10715939.628933237865567 ], [ 1727804.797831665724516, 10715951.749972788617015 ], [ 1727830.761691863648593, 10715842.600564559921622 ] ] ] } },
{ "type": "Feature", "properties": { "prop_id": 22623.0, "lot": "087", "block": "002", "subdivision": "GREEN TREE COUNTRY C", "legal_desc": "BLK: 002, LOT: 087, ADDN: GREEN TREE COUNTRY, CLUB ESTATES" }, "geometry": { "type": "Polygon", "coordinates": [ [ [ 1732200.491589849814773, 10715854.334344593808055 ], [ 1732089.145663258386776, 10715825.574885688722134 ], [ 1732053.379983151797205, 10715919.61900670081377 ], [ 1732175.485076590208337, 10715951.156347399577498 ], [ 1732200.491589849814773, 10715854.334344593808055 ] ] ] } },
{ "type": "Feature", "properties": { "prop_id": 22760.0, "lot": "047", "block": "006", "subdivision": "GREEN TREE COUNTRY C", "legal_desc": "BLK: 006, LOT: 047, ADDN: GREEN TREE COUNTRY, CLUB ESTATES" }, "geometry": { "type": "Polygon", "coordinates": [ [ [ 1732387.338362067006528, 10715850.696222618222237 ], [ 1732271.088901080191135, 10715820.928235491737723 ], [ 1732246.081075639929622, 10715917.751222558319569 ], [ 1732362.331192676909268, 10715947.519209681078792 ], [ 1732387.338362067006528, 10715850.696222618222237 ] ] ] } },
{ "type": "Feature", "properties": { "prop_id": 22880.0, "lot": "025", "block": "010", "subdivision": "GREEN TREE COUNTRY C", "legal_desc": "BLK: 010, LOT: 025, ADDN: GREEN TREE COUNTRY, CLUB ESTATES SEC 3" }, "geometry": { "type": "Polygon", "coordinates": [ [ [ 1728556.137666714377701, 10715849.304928358644247 ], [ 1728498.421236138325185, 10715833.303318714722991 ], [ 1728473.40619257488288, 10715930.050190402194858 ], [ 1728531.424788165371865, 10715944.944518620148301 ], [ 1728556.137666714377701, 10715849.304928358644247 ] ] ] } },
{ "type": "Feature", "properties": { "prop_id": 206205.0, "lot": "05A", "block": "012", "subdivision": "GREEN TREE NORTH", "legal_desc": "BLK: 012, LOT: 05A, ADDN: GREEN TREE NORTH SEC 21" }, "geometry": { "type": "Polygon", "coordinates": [ [ [ 1727782.328380914404988, 10715830.182609552517533 ], [ 1727733.895397885004058, 10715817.764326475560665 ], [ 1727707.860343367559835, 10715927.210322057828307 ], [ 1727756.293654496548697, 10715939.628933237865567 ], [ 1727782.328380914404988, 10715830.182609552517533 ] ] ] } },
{ "type": "Feature", "properties": { "prop_id": 22879.0, "lot": "024", "block": "010", "subdivision": "GREEN TREE COUNTRY C", "legal_desc": "BLK: 010, LOT: 024, ADDN: GREEN TREE COUNTRY, CLUB ESTATES SEC 3" }, "geometry": { "type": "Polygon", "coordinates": [ [ [ 1728498.421236138325185, 10715833.303318714722991 ], [ 1728440.282562098698691, 10715818.410959023982286 ], [ 1728415.287203481188044, 10715915.142738899216056 ], [ 1728473.40619257488288, 10715930.050190402194858 ], [ 1728498.421236138325185, 10715833.303318714722991 ] ] ] } },
{ "type": "Feature", "properties": { "prop_id": 206206.0, "lot": "06A", "block": "012", "subdivision": "GREEN TREE NORTH", "legal_desc": "BLK: 012, LOT: 06A, ADDN: GREEN TREE NORTH SEC 21" }, "geometry": { "type": "Polygon", "coordinates": [ [ [ 1727733.895397885004058, 10715817.764326475560665 ], [ 1727685.462086887098849, 10715805.346043327823281 ], [ 1727659.427360600559041, 10715914.792367046698928 ], [ 1727707.860343367559835, 10715927.210322057828307 ], [ 1727733.895397885004058, 10715817.764326475560665 ] ] ] } },
{ "type": "Feature", "properties": { "prop_id": 22878.0, "lot": "023", "block": "010", "subdivision": "GREEN TREE COUNTRY C", "legal_desc": "BLK: 010, LOT: 023, ADDN: GREEN TREE COUNTRY, CLUB ESTATES SEC 3" }, "geometry": { "type": "Polygon", "coordinates": [ [ [ 1728440.282562098698691, 10715818.410959023982286 ], [ 1728382.073678269283846, 10715803.567483736202121 ], [ 1728357.167230176972225, 10715900.235943531617522 ], [ 1728415.287203481188044, 10715915.142738899216056 ], [ 1728440.282562098698691, 10715818.410959023982286 ] ] ] } },
{ "type": "Feature", "properties": { "prop_id": 206207.0, "lot": "07A", "block": "012", "subdivision": "GREEN TREE NORTH", "legal_desc": "BLK: 012, LOT: 07A, ADDN: GREEN TREE NORTH SEC 21" }, "geometry": { "type": "Polygon", "coordinates": [ [ [ 1727685.462086887098849, 10715805.346043327823281 ], [ 1727637.028775924816728, 10715792.928088316693902 ], [ 1727610.994049406144768, 10715902.37408390827477 ], [ 1727659.427360600559041, 10715914.792367046698928 ], [ 1727685.462086887098849, 10715805.346043327823281 ] ] ] } },
{ "type": "Feature", "properties": { "prop_id": 206220.0, "lot": "20A", "block": "012", "subdivision": "GREEN TREE NORTH", "legal_desc": "BLK: 012, LOT: 20A, ADDN: GREEN TREE NORTH SEC 21" }, "geometry": { "type": "Polygon", "coordinates": [ [ [ 1727120.986411308404058, 10715861.879748862236738 ], [ 1727012.01088730758056, 10715833.941482583060861 ], [ 1726999.516160796396434, 10715882.355108661577106 ], [ 1727108.49201276130043, 10715910.293374888598919 ], [ 1727120.986411308404058, 10715861.879748862236738 ] ] ] } },
{ "type": "Feature", "properties": { "prop_id": 206208.0, "lot": "08A", "block": "012", "subdivision": "GREEN TREE NORTH", "legal_desc": "BLK: 012, LOT: 08A, ADDN: GREEN TREE NORTH SEC 21" }, "geometry": { "type": "Polygon", "coordinates": [ [ [ 1727637.028775924816728, 10715792.928088316693902 ], [ 1727588.595465022372082, 10715780.50980518758297 ], [ 1727562.560738567030057, 10715889.956128887832165 ], [ 1727610.994049406144768, 10715902.37408390827477 ], [ 1727637.028775924816728, 10715792.928088316693902 ] ] ] } },
{ "type": "Feature", "properties": { "prop_id": 22877.0, "lot": "022", "block": "010", "subdivision": "GREEN TREE COUNTRY C", "legal_desc": "BLK: 010, LOT: 022, ADDN: GREEN TREE COUNTRY, CLUB ESTATES SEC 3" }, "geometry": { "type": "Polygon", "coordinates": [ [ [ 1728382.073678269283846, 10715803.567483736202121 ], [ 1728323.975686645600945, 10715788.577355213463306 ], [ 1728299.048241448355839, 10715885.328491995111108 ], [ 1728357.167230176972225, 10715900.235943531617522 ], [ 1728382.073678269283846, 10715803.567483736202121 ] ] ] } },
{ "type": "Feature", "properties": { "prop_id": 22855.0, "lot": "029", "block": "009", "subdivision": "GREEN TREE COUNTRY C", "legal_desc": "BLK: 009, LOT: 029 & 1;110 SQ FT, ADDN: GREEN TREE COUNTRY, CLUB ESTATES SEC 3, O/O LOT 28" }, "geometry": { "type": "Polygon", "coordinates": [ [ [ 1729015.325477099744603, 10715810.960169058293104 ], [ 1728959.977479996625334, 10715782.024199699983001 ], [ 1728917.66752047277987, 10715872.845229670405388 ], [ 1728969.956468018004671, 10715900.081399068236351 ], [ 1729015.325477099744603, 10715810.960169058293104 ] ] ] } },
{ "type": "Feature", "properties": { "prop_id": 206209.0, "lot": "09A", "block": "012", "subdivision": "GREEN TREE NORTH", "legal_desc": "BLK: 012, LOT: 09A, ADDN: GREEN TREE NORTH SEC 21" }, "geometry": { "type": "Polygon", "coordinates": [ [ [ 1727588.595465022372082, 10715780.50980518758297 ], [ 1727540.16215369803831, 10715768.091522093862295 ], [ 1727514.127427468076348, 10715877.537845801562071 ], [ 1727562.560738567030057, 10715889.956128887832165 ], [ 1727588.595465022372082, 10715780.50980518758297 ] ] ] } },
{ "type": "Feature", "properties": { "prop_id": 22876.0, "lot": "021", "block": "010", "subdivision": "GREEN TREE COUNTRY C", "legal_desc": "BLK: 010, LOT: 021, ADDN: GREEN TREE COUNTRY, CLUB ESTATES SEC 3" }, "geometry": { "type": "Polygon", "coordinates": [ [ [ 1728323.975686645600945, 10715788.577355213463306 ], [ 1728265.86686824937351, 10715773.633158329874277 ], [ 1728240.929580282187089, 10715870.421696620061994 ], [ 1728299.048241448355839, 10715885.328491995111108 ], [ 1728323.975686645600945, 10715788.577355213463306 ] ] ] } },
{ "type": "Feature", "properties": { "prop_id": 206071.0, "lot": "", "block": "39", "subdivision": "", "legal_desc": "1.020 AC OUT OF SW/4SW/4, SEC: 7, BLK: 39-T1S" }, "geometry": { "type": "Polygon", "coordinates": [ [ [ 1727996.848658641800284, 10715807.816502531990409 ], [ 1727950.33726021531038, 10715795.886735551059246 ], [ 1727892.218271202174947, 10715780.980268271639943 ], [ 1727834.099282246781513, 10715766.072488671168685 ], [ 1727775.980621156049892, 10715751.166021393612027 ], [ 1727717.861632409272715, 10715736.258569831028581 ], [ 1727659.742643209407106, 10715721.351446431130171 ], [ 1727601.623654355993494, 10715706.444322949275374 ], [ 1727543.505977603374049, 10715691.537199534475803 ], [ 1727485.386988623766229, 10715676.631060305982828 ], [ 1727427.288996947696432, 10715661.642244124785066 ], [ 1727369.186412176582962, 10715646.674425225704908 ], [ 1727311.071688333991915, 10715631.747944872826338 ], [ 1727252.958604732062668, 10715616.81949601881206 ], [ 1727194.847489729290828, 10715601.884813543409109 ], [ 1727136.738671483937651, 10715586.941272841766477 ], [ 1727079.45006152195856, 10715572.630276903510094 ], [ 1727060.729625230887905, 10715645.166890693828464 ], [ 1727201.12832047813572, 10715681.164524598047137 ], [ 1727249.561631625751033, 10715693.582807729020715 ], [ 1727297.995270690647885, 10715706.000762736424804 ], [ 1727346.428581622894853, 10715718.419045846909285 ], [ 1727394.861892760032788, 10715730.837328964844346 ], [ 1727443.295203633839265, 10715743.255283962935209 ], [ 1727491.728842729469761, 10715755.67356707714498 ], [ 1727540.16215369803831, 10715768.091522093862295 ], [ 1727588.595465022372082, 10715780.50980518758297 ], [ 1727637.028775924816728, 10715792.928088316693902 ], [ 1727685.462086887098849, 10715805.346043327823281 ], [ 1727733.895397885004058, 10715817.764326475560665 ], [ 1727782.328380914404988, 10715830.182609552517533 ], [ 1727830.761691863648593, 10715842.600564559921622 ], [ 1727879.195002855034545, 10715855.01884769462049 ], [ 1727927.628314043395221, 10715867.437130777165294 ], [ 1727978.740426013944671, 10715880.54209234751761 ], [ 1727996.848658641800284, 10715807.816502531990409 ] ] ] } },
{ "type": "Feature", "properties": { "prop_id": 22853.0, "lot": "27", "block": "009", "subdivision": "GREEN TREE COUNTRY C", "legal_desc": "BLK: 009, LOTS: 27 & 28(-1110 SF), ADDN: GREEN TREE COUNTRY, CLUB ESTATES SEC 3" }, "geometry": { "type": "Polygon", "coordinates": [ [ [ 1728959.977479996625334, 10715782.024199699983001 ], [ 1728906.430004785070196, 10715754.174186309799552 ], [ 1728851.970457726158202, 10715728.153237851336598 ], [ 1728810.402294498635456, 10715819.104516914114356 ], [ 1728864.513417191104963, 10715845.020150605589151 ], [ 1728917.66752047277987, 10715872.845229670405388 ], [ 1728959.977479996625334, 10715782.024199699983001 ] ] ] } },
{ "type": "Feature", "properties": { "prop_id": 22875.0, "lot": "020", "block": "010", "subdivision": "GREEN TREE COUNTRY C", "legal_desc": "BLK: 010, LOT: 020, ADDN: GREEN TREE COUNTRY, CLUB ESTATES SEC 3" }, "geometry": { "type": "Polygon", "coordinates": [ [ [ 1728265.86686824937351, 10715773.633158329874277 ], [ 1728207.776094268076122, 10715758.620392026379704 ], [ 1728182.81157563184388, 10715855.515229349955916 ], [ 1728240.929580282187089, 10715870.421696620061994 ], [ 1728265.86686824937351, 10715773.633158329874277 ] ] ] } },
{ "type": "Feature", "properties": { "prop_id": 206211.0, "lot": "11A", "block": "012", "subdivision": "GREEN TREE NORTH", "legal_desc": "BLK: 012, LOT: 11A, ADDN: GREEN TREE NORTH SEC 21" }, "geometry": { "type": "Polygon", "coordinates": [ [ [ 1727491.728842729469761, 10715755.67356707714498 ], [ 1727443.295203633839265, 10715743.255283962935209 ], [ 1727417.26047722925432, 10715852.701607633382082 ], [ 1727465.694116567960009, 10715865.119562650099397 ], [ 1727491.728842729469761, 10715755.67356707714498 ] ] ] } },
{ "type": "Feature", "properties": { "prop_id": 206219.0, "lot": "19A", "block": "012", "subdivision": "GREEN TREE NORTH", "legal_desc": "BLK: 012, LOT: 19A, ADDN: GREEN TREE NORTH SEC 21" }, "geometry": { "type": "Polygon", "coordinates": [ [ [ 1727123.987717596115544, 10715850.250832933932543 ], [ 1727119.978866425110027, 10715842.74723781272769 ], [ 1727117.281364623457193, 10715834.679011074826121 ], [ 1727115.970671262359247, 10715826.273514619097114 ], [ 1727116.084187831962481, 10715817.766968421638012 ], [ 1727117.618305527139455, 10715809.399201488122344 ], [ 1727024.505285636056215, 10715785.527856519445777 ], [ 1727012.01088730758056, 10715833.941482583060861 ], [ 1727120.986411308404058, 10715861.879748862236738 ], [ 1727123.987717596115544, 10715850.250832933932543 ] ] ] } },
{ "type": "Feature", "properties": { "prop_id": 22874.0, "lot": "019", "block": "010", "subdivision": "GREEN TREE COUNTRY C", "legal_desc": "BLK: 010, LOT: 019, ADDN: GREEN TREE COUNTRY, CLUB ESTATES SEC 3" }, "geometry": { "type": "Polygon", "coordinates": [ [ [ 1728207.776094268076122, 10715758.620392026379704 ], [ 1728149.668260108679533, 10715743.67193004488945 ], [ 1728124.692586541175842, 10715840.607449743896723 ], [ 1728182.81157563184388, 10715855.515229349955916 ], [ 1728207.776094268076122, 10715758.620392026379704 ] ] ] } },
{ "type": "Feature", "properties": { "prop_id": 22622.0, "lot": "086", "block": "002", "subdivision": "GREEN TREE COUNTRY C", "legal_desc": "BLK: 002, LOT: 086, ADDN: GREEN TREE COUNTRY, CLUB ESTATES" }, "geometry": { "type": "Polygon", "coordinates": [ [ [ 1732225.499087522504851, 10715757.511029466986656 ], [ 1732114.152833003550768, 10715728.751898610964417 ], [ 1732089.145663258386776, 10715825.574885688722134 ], [ 1732200.491589849814773, 10715854.334344593808055 ], [ 1732225.499087522504851, 10715757.511029466986656 ] ] ] } },
{ "type": "Feature", "properties": { "prop_id": 206212.0, "lot": "12A", "block": "012", "subdivision": "GREEN TREE NORTH", "legal_desc": "BLK: 012, LOT: 12A, ADDN: GREEN TREE NORTH SEC 21" }, "geometry": { "type": "Polygon", "coordinates": [ [ [ 1727443.295203633839265, 10715743.255283962935209 ], [ 1727394.861892760032788, 10715730.837328964844346 ], [ 1727368.827166423434392, 10715840.283324539661407 ], [ 1727417.26047722925432, 10715852.701607633382082 ], [ 1727443.295203633839265, 10715743.255283962935209 ] ] ] } },
{ "type": "Feature", "properties": { "prop_id": 22759.0, "lot": "046", "block": "006", "subdivision": "GREEN TREE COUNTRY C", "legal_desc": "BLK: 006, LOT: 046, ADDN: GREEN TREE COUNTRY, CLUB ESTATES" }, "geometry": { "type": "Polygon", "coordinates": [ [ [ 1732412.345859635155648, 10715753.874219812452793 ], [ 1732296.096070695668459, 10715724.104920346289873 ], [ 1732271.088901080191135, 10715820.928235491737723 ], [ 1732387.338362067006528, 10715850.696222618222237 ], [ 1732412.345859635155648, 10715753.874219812452793 ] ] ] } },
{ "type": "Feature", "properties": { "prop_id": 22873.0, "lot": "018", "block": "010", "subdivision": "GREEN TREE COUNTRY C", "legal_desc": "BLK: 010, LOT: 018, ADDN: GREEN TREE COUNTRY, CLUB ESTATES SEC 3" }, "geometry": { "type": "Polygon", "coordinates": [ [ [ 1728149.668260108679533, 10715743.67193004488945 ], [ 1728091.596187291899696, 10715728.866512471809983 ], [ 1728066.573925749165937, 10715825.701310558244586 ], [ 1728124.692586541175842, 10715840.607449743896723 ], [ 1728149.668260108679533, 10715743.67193004488945 ] ] ] } },
{ "type": "Feature", "properties": { "prop_id": 206213.0, "lot": "13A", "block": "012", "subdivision": "GREEN TREE NORTH", "legal_desc": "BLK: 012, LOT: 13A, ADDN: GREEN TREE NORTH SEC 21" }, "geometry": { "type": "Polygon", "coordinates": [ [ [ 1727394.861892760032788, 10715730.837328964844346 ], [ 1727346.428581622894853, 10715718.419045846909285 ], [ 1727320.393855354283005, 10715827.865369532257318 ], [ 1727368.827166423434392, 10715840.283324539661407 ], [ 1727394.861892760032788, 10715730.837328964844346 ] ] ] } },
{ "type": "Feature", "properties": { "prop_id": 206214.0, "lot": "14A", "block": "012", "subdivision": "GREEN TREE NORTH", "legal_desc": "BLK: 012, LOT: 14A, ADDN: GREEN TREE NORTH SEC 21" }, "geometry": { "type": "Polygon", "coordinates": [ [ [ 1727346.428581622894853, 10715718.419045846909285 ], [ 1727297.995270690647885, 10715706.000762736424804 ], [ 1727271.960216156672686, 10715815.447086403146386 ], [ 1727320.393855354283005, 10715827.865369532257318 ], [ 1727346.428581622894853, 10715718.419045846909285 ] ] ] } },
{ "type": "Feature", "properties": { "prop_id": 22872.0, "lot": "017", "block": "010", "subdivision": "GREEN TREE COUNTRY C", "legal_desc": "BLK: 010, LOT: 017, ADDN: GREEN TREE COUNTRY, CLUB ESTATES SEC 3" }, "geometry": { "type": "Polygon", "coordinates": [ [ [ 1728091.596187291899696, 10715728.866512471809983 ], [ 1728033.481463257223368, 10715713.946593789383769 ], [ 1728008.454936713911593, 10715810.793530929833651 ], [ 1728066.573925749165937, 10715825.701310558244586 ], [ 1728091.596187291899696, 10715728.866512471809983 ] ] ] } },
{ "type": "Feature", "properties": { "prop_id": 22852.0, "lot": "026", "block": "009", "subdivision": "GREEN TREE COUNTRY C", "legal_desc": "BLK: 009, LOT: 026, ADDN: GREEN TREE COUNTRY, CLUB ESTATES SEC 3" }, "geometry": { "type": "Polygon", "coordinates": [ [ [ 1728851.970457726158202, 10715728.153237851336598 ], [ 1728793.706455418374389, 10715702.760241100564599 ], [ 1728755.402065946254879, 10715795.133105443790555 ], [ 1728810.402294498635456, 10715819.104516914114356 ], [ 1728851.970457726158202, 10715728.153237851336598 ] ] ] } },
{ "type": "Feature", "properties": { "prop_id": 206215.0, "lot": "15A", "block": "012", "subdivision": "GREEN TREE NORTH", "legal_desc": "BLK: 012, LOT: 15A, ADDN: GREEN TREE NORTH SEC 21" }, "geometry": { "type": "Polygon", "coordinates": [ [ [ 1727297.995270690647885, 10715706.000762736424804 ], [ 1727249.561631625751033, 10715693.582807729020715 ], [ 1727223.526905027683824, 10715803.028803309425712 ], [ 1727271.960216156672686, 10715815.447086403146386 ], [ 1727297.995270690647885, 10715706.000762736424804 ] ] ] } },
{ "type": "Feature", "properties": { "prop_id": 22871.0, "lot": "016", "block": "010", "subdivision": "GREEN TREE COUNTRY C", "legal_desc": "BLK: 010, LOT: 016, ADDN: GREEN TREE COUNTRY, CLUB ESTATES SEC 3" }, "geometry": { "type": "Polygon", "coordinates": [ [ [ 1728033.481463257223368, 10715713.946593789383769 ], [ 1727975.365427163196728, 10715699.026018908247352 ], [ 1727950.33726021531038, 10715795.886735551059246 ], [ 1727996.848658641800284, 10715807.816502531990409 ], [ 1728008.454936713911593, 10715810.793530929833651 ], [ 1728033.481463257223368, 10715713.946593789383769 ] ] ] } },
{ "type": "Feature", "properties": { "prop_id": 206218.0, "lot": "18A", "block": "012", "subdivision": "GREEN TREE NORTH", "legal_desc": "BLK: 012, LOT: 18A, ADDN: GREEN TREE NORTH SEC 21" }, "geometry": { "type": "Polygon", "coordinates": [ [ [ 1727140.153696947963908, 10715779.404176758602262 ], [ 1727060.729625230887905, 10715645.166890693828464 ], [ 1727024.505285636056215, 10715785.527856519445777 ], [ 1727117.618305527139455, 10715809.399201488122344 ], [ 1727120.187198477331549, 10715802.162994116544724 ], [ 1727123.819409580435604, 10715795.397586422041059 ], [ 1727128.431933569489047, 10715789.258161768317223 ], [ 1727133.91847214079462, 10715783.886124176904559 ], [ 1727140.153696947963908, 10715779.404176758602262 ] ] ] } },
{ "type": "Feature", "properties": { "prop_id": 206216.0, "lot": "16A", "block": "012", "subdivision": "GREEN TREE NORTH", "legal_desc": "BLK: 012, LOT: 16A, ADDN: GREEN TREE NORTH SEC 21" }, "geometry": { "type": "Polygon", "coordinates": [ [ [ 1727249.561631625751033, 10715693.582807729020715 ], [ 1727201.12832047813572, 10715681.164524598047137 ], [ 1727179.143454974284396, 10715773.58594480343163 ], [ 1727187.330776115646586, 10715776.453065311536193 ], [ 1727194.909830562537536, 10715780.673857912421227 ], [ 1727201.658178098732606, 10715786.124963292852044 ], [ 1727207.378312059910968, 10715792.646932886913419 ], [ 1727211.902910518925637, 10715800.048494083806872 ], [ 1727223.526905027683824, 10715803.028803309425712 ], [ 1727249.561631625751033, 10715693.582807729020715 ] ] ] } },
{ "type": "Feature", "properties": { "prop_id": 22870.0, "lot": "015", "block": "010", "subdivision": "GREEN TREE COUNTRY C", "legal_desc": "BLK: 010, LOT: 015, ADDN: GREEN TREE COUNTRY, CLUB ESTATES SEC 3" }, "geometry": { "type": "Polygon", "coordinates": [ [ [ 1727975.365427163196728, 10715699.026018908247352 ], [ 1727917.249718746868894, 10715684.105772128328681 ], [ 1727892.218271202174947, 10715780.980268271639943 ], [ 1727950.33726021531038, 10715795.886735551059246 ], [ 1727975.365427163196728, 10715699.026018908247352 ] ] ] } },
{ "type": "Feature", "properties": { "prop_id": 22851.0, "lot": "025", "block": "009", "subdivision": "GREEN TREE COUNTRY C", "legal_desc": "BLK: 009, LOT: 025, ADDN: GREEN TREE COUNTRY, CLUB ESTATES SEC 3" }, "geometry": { "type": "Polygon", "coordinates": [ [ [ 1728793.706455418374389, 10715702.760241100564599 ], [ 1728734.575329015497118, 10715679.458119880408049 ], [ 1728699.583269260125235, 10715773.136099798604846 ], [ 1728755.402065946254879, 10715795.133105443790555 ], [ 1728793.706455418374389, 10715702.760241100564599 ] ] ] } },
{ "type": "Feature", "properties": { "prop_id": 22869.0, "lot": "014", "block": "010", "subdivision": "GREEN TREE COUNTRY C", "legal_desc": "BLK: 010, LOT: 014, ADDN: GREEN TREE COUNTRY, CLUB ESTATES SEC 3" }, "geometry": { "type": "Polygon", "coordinates": [ [ [ 1727917.249718746868894, 10715684.105772128328681 ], [ 1727859.134994999505579, 10715669.185853440314531 ], [ 1727834.099282246781513, 10715766.072488671168685 ], [ 1727892.218271202174947, 10715780.980268271639943 ], [ 1727917.249718746868894, 10715684.105772128328681 ] ] ] } },
{ "type": "Feature", "properties": { "prop_id": 206217.0, "lot": "17A", "block": "012", "subdivision": "GREEN TREE NORTH", "legal_desc": "BLK: 012, LOT: 17A, ADDN: GREEN TREE NORTH SEC 21" }, "geometry": { "type": "Polygon", "coordinates": [ [ [ 1727179.143454974284396, 10715773.58594480343163 ], [ 1727201.12832047813572, 10715681.164524598047137 ], [ 1727060.729625230887905, 10715645.166890693828464 ], [ 1727140.153696947963908, 10715779.404176758602262 ], [ 1727147.374483909923583, 10715775.758185805752873 ], [ 1727155.083459568908438, 10715773.307074578478932 ], [ 1727163.084101010346785, 10715772.113178910687566 ], [ 1727171.172668840270489, 10715772.207010507583618 ], [ 1727179.143454974284396, 10715773.58594480343163 ] ] ] } },
{ "type": "Feature", "properties": { "prop_id": 22850.0, "lot": "024", "block": "009", "subdivision": "GREEN TREE COUNTRY C", "legal_desc": "BLK: 009, LOT: 024, ADDN: GREEN TREE COUNTRY, CLUB ESTATES SEC 3" }, "geometry": { "type": "Polygon", "coordinates": [ [ [ 1728734.575329015497118, 10715679.458119880408049 ], [ 1728674.652209228836, 10715658.277385858818889 ], [ 1728643.016114827711135, 10715753.141059106215835 ], [ 1728699.583269260125235, 10715773.136099798604846 ], [ 1728734.575329015497118, 10715679.458119880408049 ] ] ] } },
{ "type": "Feature", "properties": { "prop_id": 22868.0, "lot": "013", "block": "010", "subdivision": "GREEN TREE COUNTRY C", "legal_desc": "BLK: 010, LOT: 013, ADDN: GREEN TREE COUNTRY, CLUB ESTATES SEC 3" }, "geometry": { "type": "Polygon", "coordinates": [ [ [ 1727859.134994999505579, 10715669.185853440314531 ], [ 1727801.018958647036925, 10715654.267575155943632 ], [ 1727775.980621156049892, 10715751.166021393612027 ], [ 1727834.099282246781513, 10715766.072488671168685 ], [ 1727859.134994999505579, 10715669.185853440314531 ] ] ] } },
{ "type": "Feature", "properties": { "prop_id": 22621.0, "lot": "085", "block": "002", "subdivision": "GREEN TREE COUNTRY C", "legal_desc": "BLK: 002, LOT: 085, ADDN: GREEN TREE COUNTRY, CLUB ESTATES" }, "geometry": { "type": "Polygon", "coordinates": [ [ [ 1732250.506913167890161, 10715660.688042381778359 ], [ 1732139.160986763425171, 10715631.930223889648914 ], [ 1732114.152833003550768, 10715728.751898610964417 ], [ 1732225.499087522504851, 10715757.511029466986656 ], [ 1732250.506913167890161, 10715660.688042381778359 ] ] ] } },
{ "type": "Feature", "properties": { "prop_id": 22849.0, "lot": "023", "block": "009", "subdivision": "GREEN TREE COUNTRY C", "legal_desc": "BLK: 009, LOT: 023, ADDN: GREEN TREE COUNTRY, CLUB ESTATES SEC 3" }, "geometry": { "type": "Polygon", "coordinates": [ [ [ 1728674.652209228836, 10715658.277385858818889 ], [ 1728614.012555558700114, 10715639.243957666680217 ], [ 1728585.77310829423368, 10715735.174557965248823 ], [ 1728643.016114827711135, 10715753.141059106215835 ], [ 1728674.652209228836, 10715658.277385858818889 ] ] ] } },
{ "type": "Feature", "properties": { "prop_id": 22867.0, "lot": "012", "block": "010", "subdivision": "GREEN TREE COUNTRY C", "legal_desc": "BLK: 010, LOT: 012, ADDN: GREEN TREE COUNTRY, CLUB ESTATES SEC 3" }, "geometry": { "type": "Polygon", "coordinates": [ [ [ 1727801.018958647036925, 10715654.267575155943632 ], [ 1727742.903906619409099, 10715639.344703704118729 ], [ 1727717.861632409272715, 10715736.258569831028581 ], [ 1727775.980621156049892, 10715751.166021393612027 ], [ 1727801.018958647036925, 10715654.267575155943632 ] ] ] } },
{ "type": "Feature", "properties": { "prop_id": 22866.0, "lot": "011", "block": "010", "subdivision": "GREEN TREE COUNTRY C", "legal_desc": "BLK: 010, LOT: 011, ADDN: GREEN TREE COUNTRY, CLUB ESTATES SEC 3" }, "geometry": { "type": "Polygon", "coordinates": [ [ [ 1727742.903906619409099, 10715639.344703704118729 ], [ 1727684.787870543310419, 10715624.427081590518355 ], [ 1727659.742643209407106, 10715721.351446431130171 ], [ 1727717.861632409272715, 10715736.258569831028581 ], [ 1727742.903906619409099, 10715639.344703704118729 ] ] ] } },
{ "type": "Feature", "properties": { "prop_id": 22848.0, "lot": "022", "block": "009", "subdivision": "GREEN TREE COUNTRY C", "legal_desc": "BLK: 009, LOT: 022, ADDN: GREEN TREE COUNTRY, CLUB ESTATES SEC 3" }, "geometry": { "type": "Polygon", "coordinates": [ [ [ 1728614.012555558700114, 10715639.243957666680217 ], [ 1728552.975264582317322, 10715622.446417788043618 ], [ 1728528.168225832749158, 10715719.320257782936096 ], [ 1728585.77310829423368, 10715735.174557965248823 ], [ 1728614.012555558700114, 10715639.243957666680217 ] ] ] } },
{ "type": "Feature", "properties": { "prop_id": 22865.0, "lot": "010", "block": "010", "subdivision": "GREEN TREE COUNTRY C", "legal_desc": "BLK: 010, LOT: 010, ADDN: GREEN TREE COUNTRY, CLUB ESTATES SEC 3" }, "geometry": { "type": "Polygon", "coordinates": [ [ [ 1727684.787870543310419, 10715624.427081590518355 ], [ 1727626.662976136198267, 10715609.543580126017332 ], [ 1727601.623654355993494, 10715706.444322949275374 ], [ 1727659.742643209407106, 10715721.351446431130171 ], [ 1727684.787870543310419, 10715624.427081590518355 ] ] ] } },
{ "type": "Feature", "properties": { "prop_id": 22847.0, "lot": "021", "block": "009", "subdivision": "GREEN TREE COUNTRY C", "legal_desc": "BLK: 009, LOT: 021, ADDN: GREEN TREE COUNTRY, CLUB ESTATES SEC 3" }, "geometry": { "type": "Polygon", "coordinates": [ [ [ 1728552.975264582317322, 10715622.446417788043618 ], [ 1728494.850370025029406, 10715607.562260208651423 ], [ 1728470.043331428430974, 10715704.436100170016289 ], [ 1728528.168225832749158, 10715719.320257782936096 ], [ 1728552.975264582317322, 10715622.446417788043618 ] ] ] } },
{ "type": "Feature", "properties": { "prop_id": 22864.0, "lot": "009", "block": "010", "subdivision": "GREEN TREE COUNTRY C", "legal_desc": "BLK: 010, LOT: 009, ADDN: GREEN TREE COUNTRY, CLUB ESTATES SEC 3" }, "geometry": { "type": "Polygon", "coordinates": [ [ [ 1727626.662976136198267, 10715609.543580126017332 ], [ 1727568.538409722037613, 10715594.658766351640224 ], [ 1727543.505977603374049, 10715691.537199534475803 ], [ 1727601.623654355993494, 10715706.444322949275374 ], [ 1727626.662976136198267, 10715609.543580126017332 ] ] ] } },
{ "type": "Feature", "properties": { "prop_id": 22846.0, "lot": "020", "block": "009", "subdivision": "GREEN TREE COUNTRY C", "legal_desc": "BLK: 009, LOT: 020, ADDN: GREEN TREE COUNTRY, CLUB ESTATES SEC 3" }, "geometry": { "type": "Polygon", "coordinates": [ [ [ 1728494.850370025029406, 10715607.562260208651423 ], [ 1728436.725803745677695, 10715592.678102588281035 ], [ 1728411.91909299697727, 10715689.55227062292397 ], [ 1728470.043331428430974, 10715704.436100170016289 ], [ 1728494.850370025029406, 10715607.562260208651423 ] ] ] } },
{ "type": "Feature", "properties": { "prop_id": 22863.0, "lot": "008", "block": "010", "subdivision": "GREEN TREE COUNTRY C", "legal_desc": "BLK: 010, LOT: 008, ADDN: GREEN TREE COUNTRY, CLUB ESTATES SEC 3" }, "geometry": { "type": "Polygon", "coordinates": [ [ [ 1727568.538409722037613, 10715594.658766351640224 ], [ 1727510.413515205262229, 10715579.775264909490943 ], [ 1727485.386988623766229, 10715676.631060305982828 ], [ 1727543.505977603374049, 10715691.537199534475803 ], [ 1727568.538409722037613, 10715594.658766351640224 ] ] ] } },
{ "type": "Feature", "properties": { "prop_id": 22845.0, "lot": "019", "block": "009", "subdivision": "GREEN TREE COUNTRY C", "legal_desc": "BLK: 009, LOT: 019, ADDN: GREEN TREE COUNTRY, CLUB ESTATES SEC 3" }, "geometry": { "type": "Polygon", "coordinates": [ [ [ 1728436.725803745677695, 10715592.678102588281035 ], [ 1728378.601237282622606, 10715577.793288776651025 ], [ 1728353.794198793824762, 10715674.668113019317389 ], [ 1728411.91909299697727, 10715689.55227062292397 ], [ 1728436.725803745677695, 10715592.678102588281035 ] ] ] } },
{ "type": "Feature", "properties": { "prop_id": 22862.0, "lot": "007", "block": "010", "subdivision": "GREEN TREE COUNTRY C", "legal_desc": "BLK: 010, LOT: 007, ADDN: GREEN TREE COUNTRY, CLUB ESTATES SEC 3" }, "geometry": { "type": "Polygon", "coordinates": [ [ [ 1727510.413515205262229, 10715579.775264909490943 ], [ 1727452.309289989992976, 10715564.809742609038949 ], [ 1727427.288996947696432, 10715661.642244124785066 ], [ 1727485.386988623766229, 10715676.631060305982828 ], [ 1727510.413515205262229, 10715579.775264909490943 ] ] ] } },
{ "type": "Feature", "properties": { "prop_id": 22844.0, "lot": "018", "block": "009", "subdivision": "GREEN TREE COUNTRY C", "legal_desc": "BLK: 009, LOT: 018, ADDN: GREEN TREE COUNTRY, CLUB ESTATES SEC 3" }, "geometry": { "type": "Polygon", "coordinates": [ [ [ 1728378.601237282622606, 10715577.793288776651025 ], [ 1728320.476342864101753, 10715562.909459279850125 ], [ 1728295.669304247712716, 10715659.783627334982157 ], [ 1728353.794198793824762, 10715674.668113019317389 ], [ 1728378.601237282622606, 10715577.793288776651025 ] ] ] } },
{ "type": "Feature", "properties": { "prop_id": 22593.0, "lot": "056", "block": "002", "subdivision": "GREEN TREE COUNTRY C", "legal_desc": "BLK: 002, LOT: 056, ADDN: GREEN TREE COUNTRY, CLUB ESTATES" }, "geometry": { "type": "Polygon", "coordinates": [ [ [ 1731529.538081205449998, 10715602.976225446909666 ], [ 1731441.12485431926325, 10715529.486204305663705 ], [ 1731435.51036343886517, 10715535.232257006689906 ], [ 1731429.0481049886439, 10715540.005214361473918 ], [ 1731421.905401662690565, 10715543.68204515054822 ], [ 1731414.265979953343049, 10715546.167933223769069 ], [ 1731406.327346049482003, 10715547.398902313783765 ], [ 1731398.293896122369915, 10715547.342800311744213 ], [ 1731390.372978757834062, 10715546.001267526298761 ], [ 1731362.153873178409413, 10715657.459070546552539 ], [ 1731382.416959665715694, 10715661.258603727445006 ], [ 1731402.995662367437035, 10715662.50236726179719 ], [ 1731423.568787780124694, 10715661.170348133891821 ], [ 1731443.815469939028844, 10715657.283215545117855 ], [ 1731463.419108503265306, 10715650.902321103960276 ], [ 1731482.074585963971913, 10715642.126746010035276 ], [ 1731499.489908320829272, 10715631.093629160895944 ], [ 1731515.394078462850302, 10715617.975214298814535 ], [ 1731529.538081205449998, 10715602.976225446909666 ] ] ] } },
{ "type": "Feature", "properties": { "prop_id": 22861.0, "lot": "006", "block": "010", "subdivision": "GREEN TREE COUNTRY C", "legal_desc": "BLK: 010, LOT: 006, ADDN: GREEN TREE COUNTRY, CLUB ESTATES SEC 3" }, "geometry": { "type": "Polygon", "coordinates": [ [ [ 1727452.309289989992976, 10715564.809742609038949 ], [ 1727394.204408368095756, 10715549.848485428839922 ], [ 1727369.186412176582962, 10715646.674425225704908 ], [ 1727427.288996947696432, 10715661.642244124785066 ], [ 1727452.309289989992976, 10715564.809742609038949 ] ] ] } },
{ "type": "Feature", "properties": { "prop_id": 22620.0, "lot": "084", "block": "002", "subdivision": "GREEN TREE COUNTRY C", "legal_desc": "BLK: 002, LOT: 084, ADDN: GREEN TREE COUNTRY, CLUB ESTATES" }, "geometry": { "type": "Polygon", "coordinates": [ [ [ 1732275.513754604384303, 10715563.86603957042098 ], [ 1732164.1678282385692, 10715535.106908710673451 ], [ 1732139.160986763425171, 10715631.930223889648914 ], [ 1732250.506913167890161, 10715660.688042381778359 ], [ 1732275.513754604384303, 10715563.86603957042098 ] ] ] } },
{ "type": "Feature", "properties": { "prop_id": 22843.0, "lot": "017", "block": "009", "subdivision": "GREEN TREE COUNTRY C", "legal_desc": "BLK: 009, LOT: 017, ADDN: GREEN TREE COUNTRY, CLUB ESTATES SEC 3" }, "geometry": { "type": "Polygon", "coordinates": [ [ [ 1728320.476342864101753, 10715562.909459279850125 ], [ 1728262.352432622341439, 10715548.025301648303866 ], [ 1728237.545065839076415, 10715644.899141639471054 ], [ 1728295.669304247712716, 10715659.783627334982157 ], [ 1728320.476342864101753, 10715562.909459279850125 ] ] ] } },
{ "type": "Feature", "properties": { "prop_id": 22592.0, "lot": "055", "block": "002", "subdivision": "GREEN TREE COUNTRY C", "legal_desc": "BLK: 002, LOT: 055, ADDN: GREEN TREE COUNTRY, CLUB ESTATES" }, "geometry": { "type": "Polygon", "coordinates": [ [ [ 1731390.372978757834062, 10715546.001267526298761 ], [ 1731382.675814136164263, 10715543.366101931780577 ], [ 1731375.507520288228989, 10715539.518340084701777 ], [ 1731369.058056686539203, 10715534.559031765908003 ], [ 1731363.497699208324775, 10715528.620066344738007 ], [ 1731358.973757202271372, 10715521.85793966986239 ], [ 1731355.605652790982276, 10715514.45211336761713 ], [ 1731353.482953094178811, 10715506.598125083371997 ], [ 1731240.398513934575021, 10715527.507210921496153 ], [ 1731244.866026262752712, 10715545.76800430752337 ], [ 1731251.381434542359784, 10715563.402158364653587 ], [ 1731259.860094093484804, 10715580.180998962372541 ], [ 1731270.192424941109493, 10715595.886678740382195 ], [ 1731282.243584610288963, 10715610.315457856282592 ], [ 1731295.857405146118253, 10715623.279672713950276 ], [ 1731310.857706270646304, 10715634.611672654747963 ], [ 1731327.049278168473393, 10715644.164148246869445 ], [ 1731344.222475307062268, 10715651.813083924353123 ], [ 1731362.153873178409413, 10715657.459070546552539 ], [ 1731390.372978757834062, 10715546.001267526298761 ] ] ] } },
{ "type": "Feature", "properties": { "prop_id": 22860.0, "lot": "005", "block": "010", "subdivision": "GREEN TREE COUNTRY C", "legal_desc": "BLK: 010, LOT: 005, ADDN: GREEN TREE COUNTRY, CLUB ESTATES SEC 3" }, "geometry": { "type": "Polygon", "coordinates": [ [ [ 1727394.204408368095756, 10715549.848485428839922 ], [ 1727336.091653210809454, 10715534.922333130612969 ], [ 1727311.071688333991915, 10715631.747944872826338 ], [ 1727369.186412176582962, 10715646.674425225704908 ], [ 1727394.204408368095756, 10715549.848485428839922 ] ] ] } },
{ "type": "Feature", "properties": { "prop_id": 22842.0, "lot": "016", "block": "009", "subdivision": "GREEN TREE COUNTRY C", "legal_desc": "BLK: 009, LOT: 016, ADDN: GREEN TREE COUNTRY, CLUB ESTATES SEC 3" }, "geometry": { "type": "Polygon", "coordinates": [ [ [ 1728262.352432622341439, 10715548.025301648303866 ], [ 1728204.227209923090413, 10715533.141472155228257 ], [ 1728179.420171461300924, 10715630.015312116593122 ], [ 1728237.545065839076415, 10715644.899141639471054 ], [ 1728262.352432622341439, 10715548.025301648303866 ] ] ] } },
{ "type": "Feature", "properties": { "prop_id": 22859.0, "lot": "004", "block": "010", "subdivision": "GREEN TREE COUNTRY C", "legal_desc": "BLK: 010, LOT: 004, ADDN: GREEN TREE COUNTRY, CLUB ESTATES SEC 3" }, "geometry": { "type": "Polygon", "coordinates": [ [ [ 1727336.091653210809454, 10715534.922333130612969 ], [ 1727277.980866135330871, 10715519.982729446142912 ], [ 1727252.958604732062668, 10715616.81949601881206 ], [ 1727311.071688333991915, 10715631.747944872826338 ], [ 1727336.091653210809454, 10715534.922333130612969 ] ] ] } },
{ "type": "Feature", "properties": { "prop_id": 22841.0, "lot": "015", "block": "009", "subdivision": "GREEN TREE COUNTRY C", "legal_desc": "BLK: 009, LOT: 015, ADDN: GREEN TREE COUNTRY, CLUB ESTATES SEC 3" }, "geometry": { "type": "Polygon", "coordinates": [ [ [ 1728204.227209923090413, 10715533.141472155228257 ], [ 1728146.103299889480695, 10715518.257314536720514 ], [ 1728121.296261098235846, 10715615.13148257881403 ], [ 1728179.420171461300924, 10715630.015312116593122 ], [ 1728204.227209923090413, 10715533.141472155228257 ] ] ] } },
{ "type": "Feature", "properties": { "prop_id": 22858.0, "lot": "003", "block": "010", "subdivision": "GREEN TREE COUNTRY C", "legal_desc": "BLK: 010, LOT: 003, ADDN: GREEN TREE COUNTRY, CLUB ESTATES SEC 3" }, "geometry": { "type": "Polygon", "coordinates": [ [ [ 1727277.980866135330871, 10715519.982729446142912 ], [ 1727219.862205273006111, 10715505.073965560644865 ], [ 1727194.847489729290828, 10715601.884813543409109 ], [ 1727252.958604732062668, 10715616.81949601881206 ], [ 1727277.980866135330871, 10715519.982729446142912 ] ] ] } },
{ "type": "Feature", "properties": { "prop_id": 22840.0, "lot": "014", "block": "009", "subdivision": "GREEN TREE COUNTRY C", "legal_desc": "BLK: 009, LOT: 014, ADDN: GREEN TREE COUNTRY, CLUB ESTATES SEC 3" }, "geometry": { "type": "Polygon", "coordinates": [ [ [ 1728146.103299889480695, 10715518.257314536720514 ], [ 1728087.978077248204499, 10715503.373156914487481 ], [ 1728063.171366475522518, 10715600.247324971482158 ], [ 1728121.296261098235846, 10715615.13148257881403 ], [ 1728146.103299889480695, 10715518.257314536720514 ] ] ] } },
{ "type": "Feature", "properties": { "prop_id": 22594.0, "lot": "057", "block": "002", "subdivision": "GREEN TREE COUNTRY C", "legal_desc": "BLK: 002, LOT: 057, ADDN: GREEN TREE COUNTRY, CLUB ESTATES" }, "geometry": { "type": "Polygon", "coordinates": [ [ [ 1731562.601667338749394, 10715538.001277279108763 ], [ 1731581.284702056087554, 10715464.206135552376509 ], [ 1731469.802949155913666, 10715435.982108749449253 ], [ 1731450.728839076822624, 10715511.32514788582921 ], [ 1731448.374840859090909, 10715517.802170284092426 ], [ 1731445.153062075609341, 10715523.894350865855813 ], [ 1731441.12485431926325, 10715529.486204305663705 ], [ 1731529.538081205449998, 10715602.976225446909666 ], [ 1731540.475068505154923, 10715588.219034194946289 ], [ 1731549.703726046020165, 10715572.337829228490591 ], [ 1731557.109880091156811, 10715555.52913261950016 ], [ 1731562.601667338749394, 10715538.001277279108763 ] ] ] } },
{ "type": "Feature", "properties": { "prop_id": 22857.0, "lot": "002", "block": "010", "subdivision": "GREEN TREE COUNTRY C", "legal_desc": "BLK: 010, LOT: 002, ADDN: GREEN TREE COUNTRY, CLUB ESTATES SEC 3" }, "geometry": { "type": "Polygon", "coordinates": [ [ [ 1727219.862205273006111, 10715505.073965560644865 ], [ 1727161.753058834932745, 10715490.132721429690719 ], [ 1727136.738671483937651, 10715586.941272841766477 ], [ 1727194.847489729290828, 10715601.884813543409109 ], [ 1727219.862205273006111, 10715505.073965560644865 ] ] ] } },
{ "type": "Feature", "properties": { "prop_id": 22839.0, "lot": "013", "block": "009", "subdivision": "GREEN TREE COUNTRY C", "legal_desc": "BLK: 009, LOT: 013, ADDN: GREEN TREE COUNTRY, CLUB ESTATES SEC 3" }, "geometry": { "type": "Polygon", "coordinates": [ [ [ 1728087.978077248204499, 10715503.373156914487481 ], [ 1728029.854166815755889, 10715488.488343151286244 ], [ 1728005.047128303674981, 10715585.363167375326157 ], [ 1728063.171366475522518, 10715600.247324971482158 ], [ 1728087.978077248204499, 10715503.373156914487481 ] ] ] } },
{ "type": "Feature", "properties": { "prop_id": 22856.0, "lot": "001", "block": "010", "subdivision": "GREEN TREE COUNTRY C", "legal_desc": "BLK: 010, LOT: 001, ADDN: GREEN TREE COUNTRY, CLUB ESTATES SEC 3" }, "geometry": { "type": "Polygon", "coordinates": [ [ [ 1727161.753058834932745, 10715490.132721429690719 ], [ 1727104.131116117117926, 10715475.7233004886657 ], [ 1727079.45006152195856, 10715572.630276903510094 ], [ 1727136.738671483937651, 10715586.941272841766477 ], [ 1727161.753058834932745, 10715490.132721429690719 ] ] ] } },
{ "type": "Feature", "properties": { "prop_id": 22838.0, "lot": "012", "block": "009", "subdivision": "GREEN TREE COUNTRY C", "legal_desc": "BLK: 009, LOT: 012, ADDN: GREEN TREE COUNTRY, CLUB ESTATES SEC 3" }, "geometry": { "type": "Polygon", "coordinates": [ [ [ 1728029.854166815755889, 10715488.488343151286244 ], [ 1727971.729272558121011, 10715473.604185556992888 ], [ 1727946.922233724035323, 10715570.479337844997644 ], [ 1728005.047128303674981, 10715585.363167375326157 ], [ 1728029.854166815755889, 10715488.488343151286244 ] ] ] } },
{ "type": "Feature", "properties": { "prop_id": 22837.0, "lot": "011", "block": "009", "subdivision": "GREEN TREE COUNTRY C", "legal_desc": "BLK: 009, LOT: 011, ADDN: GREEN TREE COUNTRY, CLUB ESTATES SEC 3" }, "geometry": { "type": "Polygon", "coordinates": [ [ [ 1727971.729272558121011, 10715473.604185556992888 ], [ 1727913.605034275911748, 10715458.72035600617528 ], [ 1727888.798323642695323, 10715555.594524068757892 ], [ 1727946.922233724035323, 10715570.479337844997644 ], [ 1727971.729272558121011, 10715473.604185556992888 ] ] ] } },
{ "type": "Feature", "properties": { "prop_id": 22558.0, "lot": "021", "block": "002", "subdivision": "GREEN TREE COUNTRY C", "legal_desc": "BLK: 002, LOT: 021, ADDN: GREEN TREE COUNTRY, CLUB ESTATES" }, "geometry": { "type": "Polygon", "coordinates": [ [ [ 1730790.335685106460005, 10715493.650985989719629 ], [ 1730696.874567406950518, 10715431.287257058545947 ], [ 1730691.865390588296577, 10715437.667494928464293 ], [ 1730685.907068032538518, 10715443.171750163659453 ], [ 1730679.150847030803561, 10715447.660587323829532 ], [ 1730671.767658557975665, 10715451.020161455497146 ], [ 1730663.944838020019233, 10715453.165498992428184 ], [ 1730655.880548354238272, 10715454.041809936985373 ], [ 1730647.779513245215639, 10715453.627112748101354 ], [ 1730636.185705610085279, 10715566.197118014097214 ], [ 1730656.046889848308638, 10715567.037667099386454 ], [ 1730675.865095216082409, 10715565.484191676601768 ], [ 1730695.352264339337125, 10715561.558345284312963 ], [ 1730714.226573445834219, 10715555.317870562896132 ], [ 1730732.213088964577764, 10715546.852990470826626 ], [ 1730749.051312603522092, 10715536.286736255511642 ], [ 1730764.496494179358706, 10715523.772322921082377 ], [ 1730778.324880609754473, 10715509.491180578246713 ], [ 1730790.335685106460005, 10715493.650985989719629 ] ] ] } },
{ "type": "Feature", "properties": { "prop_id": 22557.0, "lot": "020", "block": "002", "subdivision": "GREEN TREE COUNTRY C", "legal_desc": "BLK: 002, LOT: 020, ADDN: GREEN TREE COUNTRY, CLUB ESTATES" }, "geometry": { "type": "Polygon", "coordinates": [ [ [ 1730647.779513245215639, 10715453.627112748101354 ], [ 1730639.72572211548686, 10715451.894176503643394 ], [ 1730632.056772574549541, 10715448.885652063414454 ], [ 1730624.972468001302332, 10715444.680607391521335 ], [ 1730618.658830951433629, 10715439.388950534164906 ], [ 1730613.280559781938791, 10715433.14880459010601 ], [ 1730608.978402043692768, 10715426.123226949945092 ], [ 1730605.864562334958464, 10715418.49627242051065 ], [ 1730497.251572304638103, 10715456.28787331096828 ], [ 1730505.295521540567279, 10715475.430554738268256 ], [ 1730515.680017577949911, 10715493.411492830142379 ], [ 1730528.240362436743453, 10715509.945583099499345 ], [ 1730542.778066030936316, 10715524.77134308218956 ], [ 1730559.062813750235364, 10715537.654193161055446 ], [ 1730576.836403785273433, 10715548.389409337192774 ], [ 1730595.817340353969485, 10715556.807372465729713 ], [ 1730615.705427834531292, 10715562.77488075196743 ], [ 1730636.185705610085279, 10715566.197118014097214 ], [ 1730647.779513245215639, 10715453.627112748101354 ] ] ] } },
{ "type": "Feature", "properties": { "prop_id": 22619.0, "lot": "083", "block": "002", "subdivision": "GREEN TREE COUNTRY C", "legal_desc": "BLK: 002, LOT: 083, ADDN: GREEN TREE COUNTRY, CLUB ESTATES" }, "geometry": { "type": "Polygon", "coordinates": [ [ [ 1732300.521908641094342, 10715467.042724408209324 ], [ 1732189.175981905544177, 10715438.283921683207154 ], [ 1732164.1678282385692, 10715535.106908710673451 ], [ 1732275.513754604384303, 10715563.86603957042098 ], [ 1732300.521908641094342, 10715467.042724408209324 ] ] ] } },
{ "type": "Feature", "properties": { "prop_id": 22836.0, "lot": "010", "block": "009", "subdivision": "GREEN TREE COUNTRY C", "legal_desc": "BLK: 009, LOT: 010, ADDN: GREEN TREE COUNTRY, CLUB ESTATES SEC 3" }, "geometry": { "type": "Polygon", "coordinates": [ [ [ 1727913.605034275911748, 10715458.72035600617528 ], [ 1727855.480139595689252, 10715443.836198391392827 ], [ 1727830.673428964568302, 10715540.71003839187324 ], [ 1727888.798323642695323, 10715555.594524068757892 ], [ 1727913.605034275911748, 10715458.72035600617528 ] ] ] } },
{ "type": "Feature", "properties": { "prop_id": 22835.0, "lot": "009", "block": "009", "subdivision": "GREEN TREE COUNTRY C", "legal_desc": "BLK: 009, LOT: 009, ADDN: GREEN TREE COUNTRY, CLUB ESTATES SEC 3" }, "geometry": { "type": "Polygon", "coordinates": [ [ [ 1727855.480139595689252, 10715443.836198391392827 ], [ 1727797.355901372386143, 10715428.95204077847302 ], [ 1727772.549190720776096, 10715525.826208848506212 ], [ 1727830.673428964568302, 10715540.71003839187324 ], [ 1727855.480139595689252, 10715443.836198391392827 ] ] ] } },
{ "type": "Feature", "properties": { "prop_id": 22591.0, "lot": "054", "block": "002", "subdivision": "GREEN TREE COUNTRY C", "legal_desc": "BLK: 002, LOT: 054, ADDN: GREEN TREE COUNTRY, CLUB ESTATES" }, "geometry": { "type": "Polygon", "coordinates": [ [ [ 1731353.482953094178811, 10715506.598125083371997 ], [ 1731352.664384689880535, 10715498.31172288954258 ], [ 1731353.231640725629404, 10715490.003995254635811 ], [ 1731355.168972776737064, 10715481.905584752559662 ], [ 1731358.422575805569068, 10715474.240900449454784 ], [ 1731362.902226027101278, 10715467.221556164324284 ], [ 1731368.483908717287704, 10715461.042761484161019 ], [ 1731375.013424324803054, 10715455.875119797885418 ], [ 1731382.309342693537474, 10715451.862003518268466 ], [ 1731390.169892467791215, 10715449.114633 ], [ 1731398.377554620848969, 10715447.709123490378261 ], [ 1731406.704311032546684, 10715447.684188917279243 ], [ 1731414.919847324490547, 10715449.040813531726599 ], [ 1731270.560856433585286, 10715374.931044410914183 ], [ 1731242.694767901673913, 10715457.012260545045137 ], [ 1731239.268921591807157, 10715474.440378477796912 ], [ 1731237.736116317333654, 10715492.135556282475591 ], [ 1731238.114069059491158, 10715509.893069863319397 ], [ 1731240.398513934575021, 10715527.507210921496153 ], [ 1731353.482953094178811, 10715506.598125083371997 ] ] ] } },
{ "type": "Feature", "properties": { "prop_id": 22834.0, "lot": "008", "block": "009", "subdivision": "GREEN TREE COUNTRY C", "legal_desc": "BLK: 009, LOT: 008, ADDN: GREEN TREE COUNTRY, CLUB ESTATES SEC 3" }, "geometry": { "type": "Polygon", "coordinates": [ [ [ 1727797.355901372386143, 10715428.95204077847302 ], [ 1727739.231335052056238, 10715414.068539351224899 ], [ 1727714.42429622868076, 10715510.942379323765635 ], [ 1727772.549190720776096, 10715525.826208848506212 ], [ 1727797.355901372386143, 10715428.95204077847302 ] ] ] } },
{ "type": "Feature", "properties": { "prop_id": 22833.0, "lot": "007", "block": "009", "subdivision": "GREEN TREE COUNTRY C", "legal_desc": "BLK: 009, LOT: 007, ADDN: GREEN TREE COUNTRY, CLUB ESTATES SEC 3" }, "geometry": { "type": "Polygon", "coordinates": [ [ [ 1727739.231335052056238, 10715414.068539351224899 ], [ 1727681.106112501118332, 10715399.184381747618318 ], [ 1727656.300058044726029, 10715496.058221723884344 ], [ 1727714.42429622868076, 10715510.942379323765635 ], [ 1727739.231335052056238, 10715414.068539351224899 ] ] ] } },
{ "type": "Feature", "properties": { "prop_id": 22832.0, "lot": "006", "block": "009", "subdivision": "GREEN TREE COUNTRY C", "legal_desc": "BLK: 009, LOT: 006, ADDN: GREEN TREE COUNTRY, CLUB ESTATES SEC 3" }, "geometry": { "type": "Polygon", "coordinates": [ [ [ 1727681.106112501118332, 10715399.184381747618318 ], [ 1727622.982201996957883, 10715384.299239873886108 ], [ 1727598.175163440406322, 10715481.174392187967896 ], [ 1727656.300058044726029, 10715496.058221723884344 ], [ 1727681.106112501118332, 10715399.184381747618318 ] ] ] } },
{ "type": "Feature", "properties": { "prop_id": 22559.0, "lot": "022", "block": "002", "subdivision": "GREEN TREE COUNTRY C", "legal_desc": "BLK: 002, LOT: 022, ADDN: GREEN TREE COUNTRY, CLUB ESTATES" }, "geometry": { "type": "Polygon", "coordinates": [ [ [ 1730817.219492202624679, 10715418.968050435185432 ], [ 1730824.975709417369217, 10715343.657163742929697 ], [ 1730710.652426737826318, 10715331.882910184562206 ], [ 1730704.258739152923226, 10715392.549138464033604 ], [ 1730705.304341268260032, 10715400.571433532983065 ], [ 1730705.066809131763875, 10715408.658032987266779 ], [ 1730703.552048264537007, 10715416.605197008699179 ], [ 1730700.798116532620043, 10715424.212138617411256 ], [ 1730696.874567406950518, 10715431.287257058545947 ], [ 1730790.335685106460005, 10715493.650985989719629 ], [ 1730800.421295966254547, 10715476.347867608070374 ], [ 1730808.335651135770604, 10715457.950263118371367 ], [ 1730813.962937016505748, 10715438.729169376194477 ], [ 1730817.219492202624679, 10715418.968050435185432 ] ] ] } },
{ "type": "Feature", "properties": { "prop_id": 22831.0, "lot": "005", "block": "009", "subdivision": "GREEN TREE COUNTRY C", "legal_desc": "BLK: 009, LOT: 005, ADDN: GREEN TREE COUNTRY, CLUB ESTATES SEC 3" }, "geometry": { "type": "Polygon", "coordinates": [ [ [ 1727622.982201996957883, 10715384.299239873886108 ], [ 1727564.856979480478913, 10715369.415410380810499 ], [ 1727540.049940923927352, 10715466.290234593674541 ], [ 1727598.175163440406322, 10715481.174392187967896 ], [ 1727622.982201996957883, 10715384.299239873886108 ] ] ] } }
]
}
